INFO:src.evaluator.experiments.runner:Starting experiment 'h5' (evaluation_reports/experiments/h5/20260318_223200)
INFO:src.evaluator.experiments.runner:Preparing run: repo=poc1-fastapi-spec model=google_gemini_2-5_flash prompt=default repetition=run1
INFO:src.evaluator.core.evaluator:Starting evaluation for https://github.com/run-rasztabiga-me/poc1-fastapi-spec.git (ID: bf3338e4-45e0-43b6-ba3d-fa6dbe4def3a)
INFO:src.evaluator.core.integration:Starting real generation for https://github.com/run-rasztabiga-me/poc1-fastapi-spec.git
INFO:src.generator.core.generator:Starting configuration generation for repository: https://github.com/run-rasztabiga-me/poc1-fastapi-spec.git
INFO:src.generator.core.generator:Run ID: 390453e0-8b65-4512-980f-9835fa6f8de8, Workspace: tmp/poc1-fastapi-spec-390453e0-8b65-4512-980f-9835fa6f8de8
INFO:src.generator.agents.config_agent:Starting configuration generation for: https://github.com/run-rasztabiga-me/poc1-fastapi-spec.git
INFO:src.generator.agents.config_agent:Using prompt version: default
INFO:src.generator.tools.repository_tools:🔧 Tool called: clone_repo(repo_url=https://github.com/run-rasztabiga-me/poc1-fastapi-spec.git)
INFO:src.generator.core.workspace:Cloning https://github.com/run-rasztabiga-me/poc1-fastapi-spec.git to /Users/rasztabigab/Studia/run/tmp/poc1-fastapi-spec-390453e0-8b65-4512-980f-9835fa6f8de8
INFO:src.generator.tools.repository_tools:🔧 Tool called: ls(dir_path=.)
INFO:src.generator.tools.repository_tools:🔧 Tool called: get_file_content(file_path=requirements.txt)
INFO:src.generator.tools.repository_tools:🔧 Tool called: ls(dir_path=app/)
INFO:src.generator.tools.repository_tools:🔧 Tool called: get_file_content(file_path=app/main.py)
INFO:src.generator.tools.repository_tools:🔧 Tool called: write_file(file_path=Dockerfile, content_length=222)
INFO:src.generator.tools.repository_tools:🔧 Tool called: write_file(file_path=k8s/deployment.yaml, content_length=890)
INFO:src.generator.tools.repository_tools:🔧 Tool called: write_file(file_path=k8s/service.yaml, content_length=239)
INFO:src.generator.tools.repository_tools:🔧 Tool called: write_file(file_path=k8s/ingress.yaml, content_length=454)
INFO:src.evaluator.core.integration:Fetching metrics from LangSmith for run_id: 390453e0-8b65-4512-980f-9835fa6f8de8
INFO:src.evaluator.metrics.langsmith_collector:Run 390453e0-8b65-4512-980f-9835fa6f8de8 is still pending, retrying in 5 seconds... (attempt 1/5)
INFO:src.evaluator.metrics.langsmith_collector:Fetched metrics from LangSmith: 9 tool calls, 37723 tokens
INFO:src.evaluator.core.integration:Using structured output from ConfigurationOutput
INFO:src.evaluator.core.integration:Generated 1 Dockerfiles and 3 K8s manifests
INFO:src.evaluator.validators.config_validator:Building Docker image: poc1-fastapi-spec from Dockerfile
INFO:src.evaluator.validators.config_validator:Full image name with run-scoped tag: 192.168.1.39:32000/poc1-fastapi-spec-poc1-fastapi-spec:390453e0-8b65-4512-980f-9835fa6f8de8
INFO:src.evaluator.validators.config_validator:Building Docker image 192.168.1.39:32000/poc1-fastapi-spec-poc1-fastapi-spec:390453e0-8b65-4512-980f-9835fa6f8de8 with buildx
INFO:src.evaluator.validators.config_validator:Build completed successfully for 192.168.1.39:32000/poc1-fastapi-spec-poc1-fastapi-spec:390453e0-8b65-4512-980f-9835fa6f8de8
INFO:src.evaluator.validators.config_validator:Successfully pushed image to registry: 192.168.1.39:32000/poc1-fastapi-spec-poc1-fastapi-spec:390453e0-8b65-4512-980f-9835fa6f8de8
INFO:src.evaluator.validators.config_validator:Verifying image in registry: 192.168.1.39:32000/poc1-fastapi-spec-poc1-fastapi-spec:390453e0-8b65-4512-980f-9835fa6f8de8
INFO:src.evaluator.validators.config_validator:Successfully verified image in registry: 192.168.1.39:32000/poc1-fastapi-spec-poc1-fastapi-spec:390453e0-8b65-4512-980f-9835fa6f8de8
INFO:src.evaluator.validators.config_validator:Image metrics: 65.33 MB, 8 layers, built in 14.3s
INFO:src.evaluator.core.evaluator:Evaluation completed for https://github.com/run-rasztabiga-me/poc1-fastapi-spec.git
INFO:src.evaluator.reports.reporter:Report saved to evaluation_reports/experiments/h5/20260318_223200/google_gemini_2-5_flash/default/poc1-fastapi-spec/h5__gemini-2-5-flash__default__poc1-fastapi-spec__run1_20260318_233241_bf3338e4.json
INFO:src.evaluator.experiments.runner:Completed h5 | repo=poc1-fastapi-spec model=google_gemini_2-5_flash prompt=default repetition=run1 -> evaluation_reports/experiments/h5/20260318_223200/google_gemini_2-5_flash/default/poc1-fastapi-spec/h5__gemini-2-5-flash__default__poc1-fastapi-spec__run1_20260318_233241_bf3338e4.json
INFO:src.evaluator.experiments.runner:Running cleanup after run: experiment=h5 repo=poc1-fastapi-spec model=google_gemini_2-5_flash prompt=default repetition=run1
INFO:src.tools.cluster_cleanup:Skipping protected namespace: container-registry
INFO:src.tools.cluster_cleanup:Skipping protected namespace: default
INFO:src.tools.cluster_cleanup:Skipping protected namespace: ingress
INFO:src.tools.cluster_cleanup:Skipping protected namespace: kube-node-lease
INFO:src.tools.cluster_cleanup:Skipping protected namespace: kube-public
INFO:src.tools.cluster_cleanup:Skipping protected namespace: kube-system
INFO:src.tools.cluster_cleanup:No /etc/hosts entries required cleanup.
INFO:src.tools.cluster_cleanup:Running Docker system prune to remove unused resources (preserving base images)...
INFO:src.tools.cluster_cleanup:Docker system prune completed successfully.
INFO:src.evaluator.experiments.runner:Cluster cleanup completed successfully for 'h5'.
INFO:src.evaluator.experiments.runner:Preparing run: repo=poc1-fastapi-spec model=google_gemini_2-5_flash prompt=default repetition=run2
INFO:src.evaluator.core.evaluator:Starting evaluation for https://github.com/run-rasztabiga-me/poc1-fastapi-spec.git (ID: 250808b5-e9ad-495f-8fa3-708d61c49622)
INFO:src.evaluator.core.integration:Starting real generation for https://github.com/run-rasztabiga-me/poc1-fastapi-spec.git
INFO:src.generator.core.generator:Starting configuration generation for repository: https://github.com/run-rasztabiga-me/poc1-fastapi-spec.git
INFO:src.generator.core.generator:Run ID: 879debd2-8511-4c5c-8cbc-8422d70c7ff3, Workspace: tmp/poc1-fastapi-spec-879debd2-8511-4c5c-8cbc-8422d70c7ff3
INFO:src.generator.agents.config_agent:Starting configuration generation for: https://github.com/run-rasztabiga-me/poc1-fastapi-spec.git
INFO:src.generator.agents.config_agent:Using prompt version: default
INFO:src.generator.tools.repository_tools:🔧 Tool called: clone_repo(repo_url=https://github.com/run-rasztabiga-me/poc1-fastapi-spec.git)
INFO:src.generator.core.workspace:Cloning https://github.com/run-rasztabiga-me/poc1-fastapi-spec.git to /Users/rasztabigab/Studia/run/tmp/poc1-fastapi-spec-879debd2-8511-4c5c-8cbc-8422d70c7ff3
INFO:src.generator.tools.repository_tools:🔧 Tool called: prepare_repo_tree()
INFO:src.generator.tools.repository_tools:🔧 Tool called: get_file_content(file_path=requirements.txt)
INFO:src.generator.tools.repository_tools:🔧 Tool called: get_file_content(file_path=app/main.py)
INFO:src.generator.tools.repository_tools:🔧 Tool called: write_file(file_path=Dockerfile, content_length=559)
INFO:src.generator.tools.repository_tools:🔧 Tool called: write_file(file_path=k8s/deployment.yaml, content_length=571)
INFO:src.generator.tools.repository_tools:🔧 Tool called: write_file(file_path=k8s/service.yaml, content_length=185)
INFO:src.generator.tools.repository_tools:🔧 Tool called: write_file(file_path=k8s/ingress.yaml, content_length=323)
INFO:src.evaluator.core.integration:Fetching metrics from LangSmith for run_id: 879debd2-8511-4c5c-8cbc-8422d70c7ff3
INFO:src.evaluator.metrics.langsmith_collector:Run 879debd2-8511-4c5c-8cbc-8422d70c7ff3 is still pending, retrying in 5 seconds... (attempt 1/5)
INFO:src.evaluator.metrics.langsmith_collector:Fetched metrics from LangSmith: 8 tool calls, 34069 tokens
INFO:src.evaluator.core.integration:Using structured output from ConfigurationOutput
INFO:src.evaluator.core.integration:Generated 1 Dockerfiles and 3 K8s manifests
INFO:src.evaluator.validators.config_validator:Building Docker image: fastapi-app from Dockerfile
INFO:src.evaluator.validators.config_validator:Full image name with run-scoped tag: 192.168.1.39:32000/poc1-fastapi-spec-fastapi-app:879debd2-8511-4c5c-8cbc-8422d70c7ff3
INFO:src.evaluator.validators.config_validator:Building Docker image 192.168.1.39:32000/poc1-fastapi-spec-fastapi-app:879debd2-8511-4c5c-8cbc-8422d70c7ff3 with buildx
INFO:src.evaluator.validators.config_validator:Build completed successfully for 192.168.1.39:32000/poc1-fastapi-spec-fastapi-app:879debd2-8511-4c5c-8cbc-8422d70c7ff3
INFO:src.evaluator.validators.config_validator:Successfully pushed image to registry: 192.168.1.39:32000/poc1-fastapi-spec-fastapi-app:879debd2-8511-4c5c-8cbc-8422d70c7ff3
INFO:src.evaluator.validators.config_validator:Verifying image in registry: 192.168.1.39:32000/poc1-fastapi-spec-fastapi-app:879debd2-8511-4c5c-8cbc-8422d70c7ff3
INFO:src.evaluator.validators.config_validator:Successfully verified image in registry: 192.168.1.39:32000/poc1-fastapi-spec-fastapi-app:879debd2-8511-4c5c-8cbc-8422d70c7ff3
INFO:src.evaluator.validators.config_validator:Image metrics: 58.45 MB, 9 layers, built in 0.8s
INFO:src.evaluator.core.evaluator:Evaluation completed for https://github.com/run-rasztabiga-me/poc1-fastapi-spec.git
INFO:src.evaluator.reports.reporter:Report saved to evaluation_reports/experiments/h5/20260318_223200/google_gemini_2-5_flash/default/poc1-fastapi-spec/h5__gemini-2-5-flash__default__poc1-fastapi-spec__run2_20260318_233307_250808b5.json
INFO:src.evaluator.experiments.runner:Completed h5 | repo=poc1-fastapi-spec model=google_gemini_2-5_flash prompt=default repetition=run2 -> evaluation_reports/experiments/h5/20260318_223200/google_gemini_2-5_flash/default/poc1-fastapi-spec/h5__gemini-2-5-flash__default__poc1-fastapi-spec__run2_20260318_233307_250808b5.json
INFO:src.evaluator.experiments.runner:Running cleanup after run: experiment=h5 repo=poc1-fastapi-spec model=google_gemini_2-5_flash prompt=default repetition=run2
INFO:src.tools.cluster_cleanup:Skipping protected namespace: container-registry
INFO:src.tools.cluster_cleanup:Skipping protected namespace: default
INFO:src.tools.cluster_cleanup:Skipping protected namespace: ingress
INFO:src.tools.cluster_cleanup:Skipping protected namespace: kube-node-lease
INFO:src.tools.cluster_cleanup:Skipping protected namespace: kube-public
INFO:src.tools.cluster_cleanup:Skipping protected namespace: kube-system
INFO:src.tools.cluster_cleanup:No /etc/hosts entries required cleanup.
INFO:src.tools.cluster_cleanup:Running Docker system prune to remove unused resources (preserving base images)...
INFO:src.tools.cluster_cleanup:Docker system prune completed successfully.
INFO:src.evaluator.experiments.runner:Cluster cleanup completed successfully for 'h5'.
INFO:src.evaluator.experiments.runner:Preparing run: repo=poc1-fastapi-spec model=google_gemini_2-5_flash prompt=default repetition=run3
INFO:src.evaluator.core.evaluator:Starting evaluation for https://github.com/run-rasztabiga-me/poc1-fastapi-spec.git (ID: 77eec65d-6c84-4a36-8ac6-7accd70de355)
INFO:src.evaluator.core.integration:Starting real generation for https://github.com/run-rasztabiga-me/poc1-fastapi-spec.git
INFO:src.generator.core.generator:Starting configuration generation for repository: https://github.com/run-rasztabiga-me/poc1-fastapi-spec.git
INFO:src.generator.core.generator:Run ID: 31f036d6-e50f-4ec4-98c3-7092855bb059, Workspace: tmp/poc1-fastapi-spec-31f036d6-e50f-4ec4-98c3-7092855bb059
INFO:src.generator.agents.config_agent:Starting configuration generation for: https://github.com/run-rasztabiga-me/poc1-fastapi-spec.git
INFO:src.generator.agents.config_agent:Using prompt version: default
INFO:src.generator.tools.repository_tools:🔧 Tool called: clone_repo(repo_url=https://github.com/run-rasztabiga-me/poc1-fastapi-spec.git)
INFO:src.generator.core.workspace:Cloning https://github.com/run-rasztabiga-me/poc1-fastapi-spec.git to /Users/rasztabigab/Studia/run/tmp/poc1-fastapi-spec-31f036d6-e50f-4ec4-98c3-7092855bb059
INFO:src.generator.tools.repository_tools:🔧 Tool called: prepare_repo_tree()
INFO:src.generator.tools.repository_tools:🔧 Tool called: write_file(file_path=Dockerfile, content_length=214)
INFO:src.generator.tools.repository_tools:🔧 Tool called: write_file(file_path=k8s/fastapi-deployment.yaml, content_length=920)
INFO:src.generator.tools.repository_tools:🔧 Tool called: write_file(file_path=k8s/fastapi-service.yaml, content_length=184)
INFO:src.generator.tools.repository_tools:🔧 Tool called: write_file(file_path=k8s/fastapi-ingress.yaml, content_length=380)
INFO:src.evaluator.core.integration:Fetching metrics from LangSmith for run_id: 31f036d6-e50f-4ec4-98c3-7092855bb059
INFO:src.evaluator.metrics.langsmith_collector:Run 31f036d6-e50f-4ec4-98c3-7092855bb059 is still pending, retrying in 5 seconds... (attempt 1/5)
INFO:src.evaluator.metrics.langsmith_collector:Fetched metrics from LangSmith: 6 tool calls, 24157 tokens
INFO:src.evaluator.core.integration:Using structured output from ConfigurationOutput
INFO:src.evaluator.core.integration:Generated 1 Dockerfiles and 3 K8s manifests
INFO:src.evaluator.validators.config_validator:Building Docker image: fastapi from Dockerfile
INFO:src.evaluator.validators.config_validator:Full image name with run-scoped tag: 192.168.1.39:32000/poc1-fastapi-spec-fastapi:31f036d6-e50f-4ec4-98c3-7092855bb059
INFO:src.evaluator.validators.config_validator:Building Docker image 192.168.1.39:32000/poc1-fastapi-spec-fastapi:31f036d6-e50f-4ec4-98c3-7092855bb059 with buildx
INFO:src.evaluator.validators.config_validator:Build completed successfully for 192.168.1.39:32000/poc1-fastapi-spec-fastapi:31f036d6-e50f-4ec4-98c3-7092855bb059
INFO:src.evaluator.validators.config_validator:Successfully pushed image to registry: 192.168.1.39:32000/poc1-fastapi-spec-fastapi:31f036d6-e50f-4ec4-98c3-7092855bb059
INFO:src.evaluator.validators.config_validator:Verifying image in registry: 192.168.1.39:32000/poc1-fastapi-spec-fastapi:31f036d6-e50f-4ec4-98c3-7092855bb059
INFO:src.evaluator.validators.config_validator:Successfully verified image in registry: 192.168.1.39:32000/poc1-fastapi-spec-fastapi:31f036d6-e50f-4ec4-98c3-7092855bb059
INFO:src.evaluator.validators.config_validator:Image metrics: 58.45 MB, 9 layers, built in 0.8s
INFO:src.evaluator.core.evaluator:Evaluation completed for https://github.com/run-rasztabiga-me/poc1-fastapi-spec.git
INFO:src.evaluator.reports.reporter:Report saved to evaluation_reports/experiments/h5/20260318_223200/google_gemini_2-5_flash/default/poc1-fastapi-spec/h5__gemini-2-5-flash__default__poc1-fastapi-spec__run3_20260318_233329_77eec65d.json
INFO:src.evaluator.experiments.runner:Completed h5 | repo=poc1-fastapi-spec model=google_gemini_2-5_flash prompt=default repetition=run3 -> evaluation_reports/experiments/h5/20260318_223200/google_gemini_2-5_flash/default/poc1-fastapi-spec/h5__gemini-2-5-flash__default__poc1-fastapi-spec__run3_20260318_233329_77eec65d.json
INFO:src.evaluator.experiments.runner:Running cleanup after run: experiment=h5 repo=poc1-fastapi-spec model=google_gemini_2-5_flash prompt=default repetition=run3
INFO:src.tools.cluster_cleanup:Skipping protected namespace: container-registry
INFO:src.tools.cluster_cleanup:Skipping protected namespace: default
INFO:src.tools.cluster_cleanup:Skipping protected namespace: ingress
INFO:src.tools.cluster_cleanup:Skipping protected namespace: kube-node-lease
INFO:src.tools.cluster_cleanup:Skipping protected namespace: kube-public
INFO:src.tools.cluster_cleanup:Skipping protected namespace: kube-system
INFO:src.tools.cluster_cleanup:No /etc/hosts entries required cleanup.
INFO:src.tools.cluster_cleanup:Running Docker system prune to remove unused resources (preserving base images)...
INFO:src.tools.cluster_cleanup:Docker system prune completed successfully.
INFO:src.evaluator.experiments.runner:Cluster cleanup completed successfully for 'h5'.
INFO:src.evaluator.experiments.runner:Preparing run: repo=poc1-fastapi-spec model=google_gemini_2-5_flash prompt=default repetition=run4
INFO:src.evaluator.core.evaluator:Starting evaluation for https://github.com/run-rasztabiga-me/poc1-fastapi-spec.git (ID: 8b5aa519-42f1-4a51-aa43-98150a54d8c2)
INFO:src.evaluator.core.integration:Starting real generation for https://github.com/run-rasztabiga-me/poc1-fastapi-spec.git
INFO:src.generator.core.generator:Starting configuration generation for repository: https://github.com/run-rasztabiga-me/poc1-fastapi-spec.git
INFO:src.generator.core.generator:Run ID: fdf66116-9e79-46f1-98f3-416e38e4fafb, Workspace: tmp/poc1-fastapi-spec-fdf66116-9e79-46f1-98f3-416e38e4fafb
INFO:src.generator.agents.config_agent:Starting configuration generation for: https://github.com/run-rasztabiga-me/poc1-fastapi-spec.git
INFO:src.generator.agents.config_agent:Using prompt version: default
INFO:src.generator.tools.repository_tools:🔧 Tool called: clone_repo(repo_url=https://github.com/run-rasztabiga-me/poc1-fastapi-spec.git)
INFO:src.generator.core.workspace:Cloning https://github.com/run-rasztabiga-me/poc1-fastapi-spec.git to /Users/rasztabigab/Studia/run/tmp/poc1-fastapi-spec-fdf66116-9e79-46f1-98f3-416e38e4fafb
INFO:src.generator.tools.repository_tools:🔧 Tool called: prepare_repo_tree()
INFO:src.generator.tools.repository_tools:🔧 Tool called: get_file_content(file_path=requirements.txt)
INFO:src.generator.tools.repository_tools:🔧 Tool called: get_file_content(file_path=app/main.py)
INFO:src.generator.tools.repository_tools:🔧 Tool called: write_file(file_path=Dockerfile, content_length=214)
INFO:src.generator.tools.repository_tools:🔧 Tool called: write_file(file_path=k8s/deployment.yaml, content_length=839)
INFO:src.generator.tools.repository_tools:🔧 Tool called: write_file(file_path=k8s/service.yaml, content_length=213)
INFO:src.generator.tools.repository_tools:🔧 Tool called: write_file(file_path=k8s/ingress.yaml, content_length=383)
INFO:src.evaluator.core.integration:Fetching metrics from LangSmith for run_id: fdf66116-9e79-46f1-98f3-416e38e4fafb
INFO:src.evaluator.metrics.langsmith_collector:Run fdf66116-9e79-46f1-98f3-416e38e4fafb is still pending, retrying in 5 seconds... (attempt 1/5)
INFO:src.evaluator.metrics.langsmith_collector:Fetched metrics from LangSmith: 8 tool calls, 33361 tokens
INFO:src.evaluator.core.integration:Using structured output from ConfigurationOutput
INFO:src.evaluator.core.integration:Generated 1 Dockerfiles and 3 K8s manifests
INFO:src.evaluator.validators.config_validator:Building Docker image: fastapi from Dockerfile
INFO:src.evaluator.validators.config_validator:Full image name with run-scoped tag: 192.168.1.39:32000/poc1-fastapi-spec-fastapi:fdf66116-9e79-46f1-98f3-416e38e4fafb
INFO:src.evaluator.validators.config_validator:Building Docker image 192.168.1.39:32000/poc1-fastapi-spec-fastapi:fdf66116-9e79-46f1-98f3-416e38e4fafb with buildx
INFO:src.evaluator.validators.config_validator:Build completed successfully for 192.168.1.39:32000/poc1-fastapi-spec-fastapi:fdf66116-9e79-46f1-98f3-416e38e4fafb
INFO:src.evaluator.validators.config_validator:Successfully pushed image to registry: 192.168.1.39:32000/poc1-fastapi-spec-fastapi:fdf66116-9e79-46f1-98f3-416e38e4fafb
INFO:src.evaluator.validators.config_validator:Verifying image in registry: 192.168.1.39:32000/poc1-fastapi-spec-fastapi:fdf66116-9e79-46f1-98f3-416e38e4fafb
INFO:src.evaluator.validators.config_validator:Successfully verified image in registry: 192.168.1.39:32000/poc1-fastapi-spec-fastapi:fdf66116-9e79-46f1-98f3-416e38e4fafb
INFO:src.evaluator.validators.config_validator:Image metrics: 58.45 MB, 9 layers, built in 20.3s
INFO:src.evaluator.core.evaluator:Evaluation completed for https://github.com/run-rasztabiga-me/poc1-fastapi-spec.git
INFO:src.evaluator.reports.reporter:Report saved to evaluation_reports/experiments/h5/20260318_223200/google_gemini_2-5_flash/default/poc1-fastapi-spec/h5__gemini-2-5-flash__default__poc1-fastapi-spec__run4_20260318_233413_8b5aa519.json
INFO:src.evaluator.experiments.runner:Completed h5 | repo=poc1-fastapi-spec model=google_gemini_2-5_flash prompt=default repetition=run4 -> evaluation_reports/experiments/h5/20260318_223200/google_gemini_2-5_flash/default/poc1-fastapi-spec/h5__gemini-2-5-flash__default__poc1-fastapi-spec__run4_20260318_233413_8b5aa519.json
INFO:src.evaluator.experiments.runner:Running cleanup after run: experiment=h5 repo=poc1-fastapi-spec model=google_gemini_2-5_flash prompt=default repetition=run4
INFO:src.tools.cluster_cleanup:Skipping protected namespace: container-registry
INFO:src.tools.cluster_cleanup:Skipping protected namespace: default
INFO:src.tools.cluster_cleanup:Skipping protected namespace: ingress
INFO:src.tools.cluster_cleanup:Skipping protected namespace: kube-node-lease
INFO:src.tools.cluster_cleanup:Skipping protected namespace: kube-public
INFO:src.tools.cluster_cleanup:Skipping protected namespace: kube-system
INFO:src.tools.cluster_cleanup:No /etc/hosts entries required cleanup.
INFO:src.tools.cluster_cleanup:Running Docker system prune to remove unused resources (preserving base images)...
INFO:src.tools.cluster_cleanup:Docker system prune completed successfully.
INFO:src.evaluator.experiments.runner:Cluster cleanup completed successfully for 'h5'.
INFO:src.evaluator.experiments.runner:Preparing run: repo=poc1-fastapi-spec model=google_gemini_2-5_flash prompt=default repetition=run5
INFO:src.evaluator.core.evaluator:Starting evaluation for https://github.com/run-rasztabiga-me/poc1-fastapi-spec.git (ID: b381669c-e610-4356-85e0-856b0e1ba8c0)
INFO:src.evaluator.core.integration:Starting real generation for https://github.com/run-rasztabiga-me/poc1-fastapi-spec.git
INFO:src.generator.core.generator:Starting configuration generation for repository: https://github.com/run-rasztabiga-me/poc1-fastapi-spec.git
INFO:src.generator.core.generator:Run ID: 2adec6cc-2bb2-4aa1-85a8-e8cde58e2854, Workspace: tmp/poc1-fastapi-spec-2adec6cc-2bb2-4aa1-85a8-e8cde58e2854
INFO:src.generator.agents.config_agent:Starting configuration generation for: https://github.com/run-rasztabiga-me/poc1-fastapi-spec.git
INFO:src.generator.agents.config_agent:Using prompt version: default
INFO:src.generator.tools.repository_tools:🔧 Tool called: clone_repo(repo_url=https://github.com/run-rasztabiga-me/poc1-fastapi-spec.git)
INFO:src.generator.core.workspace:Cloning https://github.com/run-rasztabiga-me/poc1-fastapi-spec.git to /Users/rasztabigab/Studia/run/tmp/poc1-fastapi-spec-2adec6cc-2bb2-4aa1-85a8-e8cde58e2854
INFO:src.generator.tools.repository_tools:🔧 Tool called: prepare_repo_tree()
INFO:src.generator.tools.repository_tools:🔧 Tool called: get_file_content(file_path=requirements.txt)
INFO:src.generator.tools.repository_tools:🔧 Tool called: get_file_content(file_path=app/main.py)
INFO:src.generator.tools.repository_tools:🔧 Tool called: write_file(file_path=Dockerfile, content_length=471)
INFO:src.generator.tools.repository_tools:🔧 Tool called: write_file(file_path=k8s/deployment.yaml, content_length=862)
INFO:src.generator.tools.repository_tools:🔧 Tool called: write_file(file_path=k8s/service.yaml, content_length=223)
INFO:src.generator.tools.repository_tools:🔧 Tool called: write_file(file_path=k8s/ingress.yaml, content_length=525)
INFO:src.evaluator.core.integration:Fetching metrics from LangSmith for run_id: 2adec6cc-2bb2-4aa1-85a8-e8cde58e2854
INFO:src.evaluator.metrics.langsmith_collector:Run 2adec6cc-2bb2-4aa1-85a8-e8cde58e2854 is still pending, retrying in 5 seconds... (attempt 1/5)
INFO:src.evaluator.metrics.langsmith_collector:Fetched metrics from LangSmith: 8 tool calls, 30193 tokens
INFO:src.evaluator.core.integration:Using structured output from ConfigurationOutput
INFO:src.evaluator.core.integration:Generated 1 Dockerfiles and 3 K8s manifests
INFO:src.evaluator.validators.config_validator:Building Docker image: fastapi-app from Dockerfile
INFO:src.evaluator.validators.config_validator:Full image name with run-scoped tag: 192.168.1.39:32000/poc1-fastapi-spec-fastapi-app:2adec6cc-2bb2-4aa1-85a8-e8cde58e2854
INFO:src.evaluator.validators.config_validator:Building Docker image 192.168.1.39:32000/poc1-fastapi-spec-fastapi-app:2adec6cc-2bb2-4aa1-85a8-e8cde58e2854 with buildx
INFO:src.evaluator.validators.config_validator:Build completed successfully for 192.168.1.39:32000/poc1-fastapi-spec-fastapi-app:2adec6cc-2bb2-4aa1-85a8-e8cde58e2854
INFO:src.evaluator.validators.config_validator:Successfully pushed image to registry: 192.168.1.39:32000/poc1-fastapi-spec-fastapi-app:2adec6cc-2bb2-4aa1-85a8-e8cde58e2854
INFO:src.evaluator.validators.config_validator:Verifying image in registry: 192.168.1.39:32000/poc1-fastapi-spec-fastapi-app:2adec6cc-2bb2-4aa1-85a8-e8cde58e2854
INFO:src.evaluator.validators.config_validator:Successfully verified image in registry: 192.168.1.39:32000/poc1-fastapi-spec-fastapi-app:2adec6cc-2bb2-4aa1-85a8-e8cde58e2854
INFO:src.evaluator.validators.config_validator:Image metrics: 58.45 MB, 9 layers, built in 0.7s
INFO:src.evaluator.core.evaluator:Evaluation completed for https://github.com/run-rasztabiga-me/poc1-fastapi-spec.git
INFO:src.evaluator.reports.reporter:Report saved to evaluation_reports/experiments/h5/20260318_223200/google_gemini_2-5_flash/default/poc1-fastapi-spec/h5__gemini-2-5-flash__default__poc1-fastapi-spec__run5_20260318_233435_b381669c.json
INFO:src.evaluator.experiments.runner:Completed h5 | repo=poc1-fastapi-spec model=google_gemini_2-5_flash prompt=default repetition=run5 -> evaluation_reports/experiments/h5/20260318_223200/google_gemini_2-5_flash/default/poc1-fastapi-spec/h5__gemini-2-5-flash__default__poc1-fastapi-spec__run5_20260318_233435_b381669c.json
INFO:src.evaluator.experiments.runner:Running cleanup after run: experiment=h5 repo=poc1-fastapi-spec model=google_gemini_2-5_flash prompt=default repetition=run5
INFO:src.tools.cluster_cleanup:Skipping protected namespace: container-registry
INFO:src.tools.cluster_cleanup:Skipping protected namespace: default
INFO:src.tools.cluster_cleanup:Skipping protected namespace: ingress
INFO:src.tools.cluster_cleanup:Skipping protected namespace: kube-node-lease
INFO:src.tools.cluster_cleanup:Skipping protected namespace: kube-public
INFO:src.tools.cluster_cleanup:Skipping protected namespace: kube-system
INFO:src.tools.cluster_cleanup:No /etc/hosts entries required cleanup.
INFO:src.tools.cluster_cleanup:Running Docker system prune to remove unused resources (preserving base images)...
INFO:src.tools.cluster_cleanup:Docker system prune completed successfully.
INFO:src.evaluator.experiments.runner:Cluster cleanup completed successfully for 'h5'.
INFO:src.evaluator.experiments.runner:Preparing run: repo=poc1-fastapi-spec model=google_gemini_2-5_flash prompt=default repetition=run6
INFO:src.evaluator.core.evaluator:Starting evaluation for https://github.com/run-rasztabiga-me/poc1-fastapi-spec.git (ID: f9432cb9-732a-440e-b2a1-fc26a53c86cd)
INFO:src.evaluator.core.integration:Starting real generation for https://github.com/run-rasztabiga-me/poc1-fastapi-spec.git
INFO:src.generator.core.generator:Starting configuration generation for repository: https://github.com/run-rasztabiga-me/poc1-fastapi-spec.git
INFO:src.generator.core.generator:Run ID: 5b3a92df-8866-4324-b86c-a50b8dd4e870, Workspace: tmp/poc1-fastapi-spec-5b3a92df-8866-4324-b86c-a50b8dd4e870
INFO:src.generator.agents.config_agent:Starting configuration generation for: https://github.com/run-rasztabiga-me/poc1-fastapi-spec.git
INFO:src.generator.agents.config_agent:Using prompt version: default
INFO:src.generator.tools.repository_tools:🔧 Tool called: clone_repo(repo_url=https://github.com/run-rasztabiga-me/poc1-fastapi-spec.git)
INFO:src.generator.core.workspace:Cloning https://github.com/run-rasztabiga-me/poc1-fastapi-spec.git to /Users/rasztabigab/Studia/run/tmp/poc1-fastapi-spec-5b3a92df-8866-4324-b86c-a50b8dd4e870
INFO:src.generator.tools.repository_tools:🔧 Tool called: prepare_repo_tree()
INFO:src.generator.tools.repository_tools:🔧 Tool called: get_file_content(file_path=requirements.txt)
INFO:src.generator.tools.repository_tools:🔧 Tool called: get_file_content(file_path=app/main.py)
INFO:src.generator.tools.repository_tools:🔧 Tool called: write_file(file_path=Dockerfile, content_length=546)
INFO:src.generator.tools.repository_tools:🔧 Tool called: write_file(file_path=k8s/deployment.yaml, content_length=908)
INFO:src.generator.tools.repository_tools:🔧 Tool called: write_file(file_path=k8s/service.yaml, content_length=241)
INFO:src.generator.tools.repository_tools:🔧 Tool called: write_file(file_path=k8s/ingress.yaml, content_length=429)
INFO:src.evaluator.core.integration:Fetching metrics from LangSmith for run_id: 5b3a92df-8866-4324-b86c-a50b8dd4e870
INFO:src.evaluator.metrics.langsmith_collector:Run 5b3a92df-8866-4324-b86c-a50b8dd4e870 is still pending, retrying in 5 seconds... (attempt 1/5)
INFO:src.evaluator.metrics.langsmith_collector:Fetched metrics from LangSmith: 8 tool calls, 34690 tokens
INFO:src.evaluator.core.integration:Using structured output from ConfigurationOutput
INFO:src.evaluator.core.integration:Generated 1 Dockerfiles and 3 K8s manifests
INFO:src.evaluator.validators.config_validator:Building Docker image: poc1-fastapi-spec from Dockerfile
INFO:src.evaluator.validators.config_validator:Full image name with run-scoped tag: 192.168.1.39:32000/poc1-fastapi-spec-poc1-fastapi-spec:5b3a92df-8866-4324-b86c-a50b8dd4e870
INFO:src.evaluator.validators.config_validator:Building Docker image 192.168.1.39:32000/poc1-fastapi-spec-poc1-fastapi-spec:5b3a92df-8866-4324-b86c-a50b8dd4e870 with buildx
INFO:src.evaluator.validators.config_validator:Build completed successfully for 192.168.1.39:32000/poc1-fastapi-spec-poc1-fastapi-spec:5b3a92df-8866-4324-b86c-a50b8dd4e870
INFO:src.evaluator.validators.config_validator:Successfully pushed image to registry: 192.168.1.39:32000/poc1-fastapi-spec-poc1-fastapi-spec:5b3a92df-8866-4324-b86c-a50b8dd4e870
INFO:src.evaluator.validators.config_validator:Verifying image in registry: 192.168.1.39:32000/poc1-fastapi-spec-poc1-fastapi-spec:5b3a92df-8866-4324-b86c-a50b8dd4e870
INFO:src.evaluator.validators.config_validator:Successfully verified image in registry: 192.168.1.39:32000/poc1-fastapi-spec-poc1-fastapi-spec:5b3a92df-8866-4324-b86c-a50b8dd4e870
INFO:src.evaluator.validators.config_validator:Image metrics: 59.40 MB, 9 layers, built in 0.8s
INFO:src.evaluator.core.evaluator:Evaluation completed for https://github.com/run-rasztabiga-me/poc1-fastapi-spec.git
INFO:src.evaluator.reports.reporter:Report saved to evaluation_reports/experiments/h5/20260318_223200/google_gemini_2-5_flash/default/poc1-fastapi-spec/h5__gemini-2-5-flash__default__poc1-fastapi-spec__run6_20260318_233501_f9432cb9.json
INFO:src.evaluator.experiments.runner:Completed h5 | repo=poc1-fastapi-spec model=google_gemini_2-5_flash prompt=default repetition=run6 -> evaluation_reports/experiments/h5/20260318_223200/google_gemini_2-5_flash/default/poc1-fastapi-spec/h5__gemini-2-5-flash__default__poc1-fastapi-spec__run6_20260318_233501_f9432cb9.json
INFO:src.evaluator.experiments.runner:Running cleanup after run: experiment=h5 repo=poc1-fastapi-spec model=google_gemini_2-5_flash prompt=default repetition=run6
INFO:src.tools.cluster_cleanup:Skipping protected namespace: container-registry
INFO:src.tools.cluster_cleanup:Skipping protected namespace: default
INFO:src.tools.cluster_cleanup:Skipping protected namespace: ingress
INFO:src.tools.cluster_cleanup:Skipping protected namespace: kube-node-lease
INFO:src.tools.cluster_cleanup:Skipping protected namespace: kube-public
INFO:src.tools.cluster_cleanup:Skipping protected namespace: kube-system
INFO:src.tools.cluster_cleanup:No /etc/hosts entries required cleanup.
INFO:src.tools.cluster_cleanup:Running Docker system prune to remove unused resources (preserving base images)...
INFO:src.tools.cluster_cleanup:Docker system prune completed successfully.
INFO:src.evaluator.experiments.runner:Cluster cleanup completed successfully for 'h5'.
INFO:src.evaluator.experiments.runner:Preparing run: repo=poc1-fastapi-spec model=google_gemini_2-5_flash prompt=default repetition=run7
INFO:src.evaluator.core.evaluator:Starting evaluation for https://github.com/run-rasztabiga-me/poc1-fastapi-spec.git (ID: 3b3ecf1e-0182-4213-8d5f-c4613941a425)
INFO:src.evaluator.core.integration:Starting real generation for https://github.com/run-rasztabiga-me/poc1-fastapi-spec.git
INFO:src.generator.core.generator:Starting configuration generation for repository: https://github.com/run-rasztabiga-me/poc1-fastapi-spec.git
INFO:src.generator.core.generator:Run ID: 2d18221e-81b8-44c7-8600-9982ac1643ed, Workspace: tmp/poc1-fastapi-spec-2d18221e-81b8-44c7-8600-9982ac1643ed
INFO:src.generator.agents.config_agent:Starting configuration generation for: https://github.com/run-rasztabiga-me/poc1-fastapi-spec.git
INFO:src.generator.agents.config_agent:Using prompt version: default
INFO:src.generator.tools.repository_tools:🔧 Tool called: clone_repo(repo_url=https://github.com/run-rasztabiga-me/poc1-fastapi-spec.git)
INFO:src.generator.core.workspace:Cloning https://github.com/run-rasztabiga-me/poc1-fastapi-spec.git to /Users/rasztabigab/Studia/run/tmp/poc1-fastapi-spec-2d18221e-81b8-44c7-8600-9982ac1643ed
INFO:src.generator.tools.repository_tools:🔧 Tool called: prepare_repo_tree()
INFO:src.generator.tools.repository_tools:🔧 Tool called: get_file_content(file_path=requirements.txt)
INFO:src.generator.tools.repository_tools:🔧 Tool called: get_file_content(file_path=app/main.py)
INFO:src.generator.tools.repository_tools:🔧 Tool called: write_file(file_path=Dockerfile, content_length=208)
INFO:src.generator.tools.repository_tools:🔧 Tool called: write_file(file_path=k8s/deployment.yaml, content_length=607)
INFO:src.generator.tools.repository_tools:🔧 Tool called: write_file(file_path=k8s/service.yaml, content_length=240)
INFO:src.generator.tools.repository_tools:🔧 Tool called: write_file(file_path=k8s/ingress.yaml, content_length=454)
INFO:src.evaluator.core.integration:Fetching metrics from LangSmith for run_id: 2d18221e-81b8-44c7-8600-9982ac1643ed
INFO:src.evaluator.metrics.langsmith_collector:Run 2d18221e-81b8-44c7-8600-9982ac1643ed is still pending, retrying in 5 seconds... (attempt 1/5)
INFO:src.evaluator.metrics.langsmith_collector:Fetched metrics from LangSmith: 8 tool calls, 29904 tokens
INFO:src.evaluator.core.integration:Using structured output from ConfigurationOutput
INFO:src.evaluator.core.integration:Generated 1 Dockerfiles and 3 K8s manifests
INFO:src.evaluator.validators.config_validator:Building Docker image: poc1-fastapi-spec from Dockerfile
INFO:src.evaluator.validators.config_validator:Full image name with run-scoped tag: 192.168.1.39:32000/poc1-fastapi-spec-poc1-fastapi-spec:2d18221e-81b8-44c7-8600-9982ac1643ed
INFO:src.evaluator.validators.config_validator:Building Docker image 192.168.1.39:32000/poc1-fastapi-spec-poc1-fastapi-spec:2d18221e-81b8-44c7-8600-9982ac1643ed with buildx
INFO:src.evaluator.validators.config_validator:Build completed successfully for 192.168.1.39:32000/poc1-fastapi-spec-poc1-fastapi-spec:2d18221e-81b8-44c7-8600-9982ac1643ed
INFO:src.evaluator.validators.config_validator:Successfully pushed image to registry: 192.168.1.39:32000/poc1-fastapi-spec-poc1-fastapi-spec:2d18221e-81b8-44c7-8600-9982ac1643ed
INFO:src.evaluator.validators.config_validator:Verifying image in registry: 192.168.1.39:32000/poc1-fastapi-spec-poc1-fastapi-spec:2d18221e-81b8-44c7-8600-9982ac1643ed
INFO:src.evaluator.validators.config_validator:Successfully verified image in registry: 192.168.1.39:32000/poc1-fastapi-spec-poc1-fastapi-spec:2d18221e-81b8-44c7-8600-9982ac1643ed
INFO:src.evaluator.validators.config_validator:Image metrics: 59.40 MB, 9 layers, built in 0.8s
INFO:src.evaluator.core.evaluator:Evaluation completed for https://github.com/run-rasztabiga-me/poc1-fastapi-spec.git
INFO:src.evaluator.reports.reporter:Report saved to evaluation_reports/experiments/h5/20260318_223200/google_gemini_2-5_flash/default/poc1-fastapi-spec/h5__gemini-2-5-flash__default__poc1-fastapi-spec__run7_20260318_233526_3b3ecf1e.json
INFO:src.evaluator.experiments.runner:Completed h5 | repo=poc1-fastapi-spec model=google_gemini_2-5_flash prompt=default repetition=run7 -> evaluation_reports/experiments/h5/20260318_223200/google_gemini_2-5_flash/default/poc1-fastapi-spec/h5__gemini-2-5-flash__default__poc1-fastapi-spec__run7_20260318_233526_3b3ecf1e.json
INFO:src.evaluator.experiments.runner:Running cleanup after run: experiment=h5 repo=poc1-fastapi-spec model=google_gemini_2-5_flash prompt=default repetition=run7
INFO:src.tools.cluster_cleanup:Skipping protected namespace: container-registry
INFO:src.tools.cluster_cleanup:Skipping protected namespace: default
INFO:src.tools.cluster_cleanup:Skipping protected namespace: ingress
INFO:src.tools.cluster_cleanup:Skipping protected namespace: kube-node-lease
INFO:src.tools.cluster_cleanup:Skipping protected namespace: kube-public
INFO:src.tools.cluster_cleanup:Skipping protected namespace: kube-system
INFO:src.tools.cluster_cleanup:No /etc/hosts entries required cleanup.
INFO:src.tools.cluster_cleanup:Running Docker system prune to remove unused resources (preserving base images)...
INFO:src.tools.cluster_cleanup:Docker system prune completed successfully.
INFO:src.evaluator.experiments.runner:Cluster cleanup completed successfully for 'h5'.
INFO:src.evaluator.experiments.runner:Preparing run: repo=poc1-fastapi-spec model=google_gemini_2-5_flash prompt=default repetition=run8
INFO:src.evaluator.core.evaluator:Starting evaluation for https://github.com/run-rasztabiga-me/poc1-fastapi-spec.git (ID: 0be09d19-2edb-407c-a09c-1042548f2065)
INFO:src.evaluator.core.integration:Starting real generation for https://github.com/run-rasztabiga-me/poc1-fastapi-spec.git
INFO:src.generator.core.generator:Starting configuration generation for repository: https://github.com/run-rasztabiga-me/poc1-fastapi-spec.git
INFO:src.generator.core.generator:Run ID: 0991ae51-7365-4ba2-8809-1caae8316c03, Workspace: tmp/poc1-fastapi-spec-0991ae51-7365-4ba2-8809-1caae8316c03
INFO:src.generator.agents.config_agent:Starting configuration generation for: https://github.com/run-rasztabiga-me/poc1-fastapi-spec.git
INFO:src.generator.agents.config_agent:Using prompt version: default
INFO:src.generator.tools.repository_tools:🔧 Tool called: clone_repo(repo_url=https://github.com/run-rasztabiga-me/poc1-fastapi-spec.git)
INFO:src.generator.core.workspace:Cloning https://github.com/run-rasztabiga-me/poc1-fastapi-spec.git to /Users/rasztabigab/Studia/run/tmp/poc1-fastapi-spec-0991ae51-7365-4ba2-8809-1caae8316c03
INFO:src.generator.tools.repository_tools:🔧 Tool called: prepare_repo_tree()
INFO:src.generator.tools.repository_tools:🔧 Tool called: get_file_content(file_path=app/main.py)
INFO:src.generator.tools.repository_tools:🔧 Tool called: get_file_content(file_path=requirements.txt)
INFO:src.generator.tools.repository_tools:🔧 Tool called: write_file(file_path=Dockerfile, content_length=222)
INFO:src.generator.tools.repository_tools:🔧 Tool called: write_file(file_path=k8s/deployment.yaml, content_length=582)
INFO:src.generator.tools.repository_tools:🔧 Tool called: write_file(file_path=k8s/service.yaml, content_length=219)
INFO:src.generator.tools.repository_tools:🔧 Tool called: write_file(file_path=k8s/ingress.yaml, content_length=394)
INFO:src.evaluator.core.integration:Fetching metrics from LangSmith for run_id: 0991ae51-7365-4ba2-8809-1caae8316c03
INFO:src.evaluator.metrics.langsmith_collector:Run 0991ae51-7365-4ba2-8809-1caae8316c03 is still pending, retrying in 5 seconds... (attempt 1/5)
INFO:src.evaluator.metrics.langsmith_collector:Fetched metrics from LangSmith: 8 tool calls, 30128 tokens
INFO:src.evaluator.core.integration:Using structured output from ConfigurationOutput
INFO:src.evaluator.core.integration:Generated 1 Dockerfiles and 3 K8s manifests
INFO:src.evaluator.validators.config_validator:Building Docker image: poc1-fastapi-spec from Dockerfile
INFO:src.evaluator.validators.config_validator:Full image name with run-scoped tag: 192.168.1.39:32000/poc1-fastapi-spec-poc1-fastapi-spec:0991ae51-7365-4ba2-8809-1caae8316c03
INFO:src.evaluator.validators.config_validator:Building Docker image 192.168.1.39:32000/poc1-fastapi-spec-poc1-fastapi-spec:0991ae51-7365-4ba2-8809-1caae8316c03 with buildx
INFO:src.evaluator.validators.config_validator:Build completed successfully for 192.168.1.39:32000/poc1-fastapi-spec-poc1-fastapi-spec:0991ae51-7365-4ba2-8809-1caae8316c03
INFO:src.evaluator.validators.config_validator:Successfully pushed image to registry: 192.168.1.39:32000/poc1-fastapi-spec-poc1-fastapi-spec:0991ae51-7365-4ba2-8809-1caae8316c03
INFO:src.evaluator.validators.config_validator:Verifying image in registry: 192.168.1.39:32000/poc1-fastapi-spec-poc1-fastapi-spec:0991ae51-7365-4ba2-8809-1caae8316c03
INFO:src.evaluator.validators.config_validator:Successfully verified image in registry: 192.168.1.39:32000/poc1-fastapi-spec-poc1-fastapi-spec:0991ae51-7365-4ba2-8809-1caae8316c03
INFO:src.evaluator.validators.config_validator:Image metrics: 58.45 MB, 9 layers, built in 0.7s
INFO:src.evaluator.core.evaluator:Evaluation completed for https://github.com/run-rasztabiga-me/poc1-fastapi-spec.git
INFO:src.evaluator.reports.reporter:Report saved to evaluation_reports/experiments/h5/20260318_223200/google_gemini_2-5_flash/default/poc1-fastapi-spec/h5__gemini-2-5-flash__default__poc1-fastapi-spec__run8_20260318_233549_0be09d19.json
INFO:src.evaluator.experiments.runner:Completed h5 | repo=poc1-fastapi-spec model=google_gemini_2-5_flash prompt=default repetition=run8 -> evaluation_reports/experiments/h5/20260318_223200/google_gemini_2-5_flash/default/poc1-fastapi-spec/h5__gemini-2-5-flash__default__poc1-fastapi-spec__run8_20260318_233549_0be09d19.json
INFO:src.evaluator.experiments.runner:Running cleanup after run: experiment=h5 repo=poc1-fastapi-spec model=google_gemini_2-5_flash prompt=default repetition=run8
INFO:src.tools.cluster_cleanup:Skipping protected namespace: container-registry
INFO:src.tools.cluster_cleanup:Skipping protected namespace: default
INFO:src.tools.cluster_cleanup:Skipping protected namespace: ingress
INFO:src.tools.cluster_cleanup:Skipping protected namespace: kube-node-lease
INFO:src.tools.cluster_cleanup:Skipping protected namespace: kube-public
INFO:src.tools.cluster_cleanup:Skipping protected namespace: kube-system
INFO:src.tools.cluster_cleanup:No /etc/hosts entries required cleanup.
INFO:src.tools.cluster_cleanup:Running Docker system prune to remove unused resources (preserving base images)...
INFO:src.tools.cluster_cleanup:Docker system prune completed successfully.
INFO:src.evaluator.experiments.runner:Cluster cleanup completed successfully for 'h5'.
INFO:src.evaluator.experiments.runner:Preparing run: repo=poc1-fastapi-spec model=google_gemini_2-5_flash prompt=default repetition=run9
INFO:src.evaluator.core.evaluator:Starting evaluation for https://github.com/run-rasztabiga-me/poc1-fastapi-spec.git (ID: a359a34f-a878-4241-85d8-00b140baa09f)
INFO:src.evaluator.core.integration:Starting real generation for https://github.com/run-rasztabiga-me/poc1-fastapi-spec.git
INFO:src.generator.core.generator:Starting configuration generation for repository: https://github.com/run-rasztabiga-me/poc1-fastapi-spec.git
INFO:src.generator.core.generator:Run ID: 45292e44-471b-4a65-9981-f04151b656cf, Workspace: tmp/poc1-fastapi-spec-45292e44-471b-4a65-9981-f04151b656cf
INFO:src.generator.agents.config_agent:Starting configuration generation for: https://github.com/run-rasztabiga-me/poc1-fastapi-spec.git
INFO:src.generator.agents.config_agent:Using prompt version: default
INFO:src.generator.tools.repository_tools:🔧 Tool called: clone_repo(repo_url=https://github.com/run-rasztabiga-me/poc1-fastapi-spec.git)
INFO:src.generator.core.workspace:Cloning https://github.com/run-rasztabiga-me/poc1-fastapi-spec.git to /Users/rasztabigab/Studia/run/tmp/poc1-fastapi-spec-45292e44-471b-4a65-9981-f04151b656cf
INFO:src.generator.tools.repository_tools:🔧 Tool called: prepare_repo_tree()
INFO:src.generator.tools.repository_tools:🔧 Tool called: get_file_content(file_path=app/main.py)
INFO:src.generator.tools.repository_tools:🔧 Tool called: get_file_content(file_path=requirements.txt)
INFO:src.generator.tools.repository_tools:🔧 Tool called: write_file(file_path=Dockerfile, content_length=215)
INFO:src.generator.tools.repository_tools:🔧 Tool called: write_file(file_path=k8s/service.yaml, content_length=241)
INFO:src.generator.tools.repository_tools:🔧 Tool called: write_file(file_path=k8s/deployment.yaml, content_length=898)
INFO:src.generator.tools.repository_tools:🔧 Tool called: write_file(file_path=k8s/ingress.yaml, content_length=427)
INFO:src.evaluator.core.integration:Fetching metrics from LangSmith for run_id: 45292e44-471b-4a65-9981-f04151b656cf
INFO:src.evaluator.metrics.langsmith_collector:Run 45292e44-471b-4a65-9981-f04151b656cf is still pending, retrying in 5 seconds... (attempt 1/5)
INFO:src.evaluator.metrics.langsmith_collector:Fetched metrics from LangSmith: 8 tool calls, 26246 tokens
INFO:src.evaluator.core.integration:Using structured output from ConfigurationOutput
INFO:src.evaluator.core.integration:Generated 1 Dockerfiles and 3 K8s manifests
INFO:src.evaluator.validators.config_validator:Building Docker image: poc1-fastapi-spec from Dockerfile
INFO:src.evaluator.validators.config_validator:Full image name with run-scoped tag: 192.168.1.39:32000/poc1-fastapi-spec-poc1-fastapi-spec:45292e44-471b-4a65-9981-f04151b656cf
INFO:src.evaluator.validators.config_validator:Building Docker image 192.168.1.39:32000/poc1-fastapi-spec-poc1-fastapi-spec:45292e44-471b-4a65-9981-f04151b656cf with buildx
INFO:src.evaluator.validators.config_validator:Build completed successfully for 192.168.1.39:32000/poc1-fastapi-spec-poc1-fastapi-spec:45292e44-471b-4a65-9981-f04151b656cf
INFO:src.evaluator.validators.config_validator:Successfully pushed image to registry: 192.168.1.39:32000/poc1-fastapi-spec-poc1-fastapi-spec:45292e44-471b-4a65-9981-f04151b656cf
INFO:src.evaluator.validators.config_validator:Verifying image in registry: 192.168.1.39:32000/poc1-fastapi-spec-poc1-fastapi-spec:45292e44-471b-4a65-9981-f04151b656cf
INFO:src.evaluator.validators.config_validator:Successfully verified image in registry: 192.168.1.39:32000/poc1-fastapi-spec-poc1-fastapi-spec:45292e44-471b-4a65-9981-f04151b656cf
INFO:src.evaluator.validators.config_validator:Image metrics: 59.40 MB, 9 layers, built in 0.7s
INFO:src.evaluator.core.evaluator:Evaluation completed for https://github.com/run-rasztabiga-me/poc1-fastapi-spec.git
INFO:src.evaluator.reports.reporter:Report saved to evaluation_reports/experiments/h5/20260318_223200/google_gemini_2-5_flash/default/poc1-fastapi-spec/h5__gemini-2-5-flash__default__poc1-fastapi-spec__run9_20260318_233613_a359a34f.json
INFO:src.evaluator.experiments.runner:Completed h5 | repo=poc1-fastapi-spec model=google_gemini_2-5_flash prompt=default repetition=run9 -> evaluation_reports/experiments/h5/20260318_223200/google_gemini_2-5_flash/default/poc1-fastapi-spec/h5__gemini-2-5-flash__default__poc1-fastapi-spec__run9_20260318_233613_a359a34f.json
INFO:src.evaluator.experiments.runner:Running cleanup after run: experiment=h5 repo=poc1-fastapi-spec model=google_gemini_2-5_flash prompt=default repetition=run9
INFO:src.tools.cluster_cleanup:Skipping protected namespace: container-registry
INFO:src.tools.cluster_cleanup:Skipping protected namespace: default
INFO:src.tools.cluster_cleanup:Skipping protected namespace: ingress
INFO:src.tools.cluster_cleanup:Skipping protected namespace: kube-node-lease
INFO:src.tools.cluster_cleanup:Skipping protected namespace: kube-public
INFO:src.tools.cluster_cleanup:Skipping protected namespace: kube-system
INFO:src.tools.cluster_cleanup:No /etc/hosts entries required cleanup.
INFO:src.tools.cluster_cleanup:Running Docker system prune to remove unused resources (preserving base images)...
INFO:src.tools.cluster_cleanup:Docker system prune completed successfully.
INFO:src.evaluator.experiments.runner:Cluster cleanup completed successfully for 'h5'.
INFO:src.evaluator.experiments.runner:Preparing run: repo=poc1-fastapi-spec model=google_gemini_2-5_flash prompt=default repetition=run10
INFO:src.evaluator.core.evaluator:Starting evaluation for https://github.com/run-rasztabiga-me/poc1-fastapi-spec.git (ID: e58845a5-1e50-4fa7-9d7d-4ebdaa05a15f)
INFO:src.evaluator.core.integration:Starting real generation for https://github.com/run-rasztabiga-me/poc1-fastapi-spec.git
INFO:src.generator.core.generator:Starting configuration generation for repository: https://github.com/run-rasztabiga-me/poc1-fastapi-spec.git
INFO:src.generator.core.generator:Run ID: 23e7024a-16fb-4a5e-9d7b-ee2859b83b8e, Workspace: tmp/poc1-fastapi-spec-23e7024a-16fb-4a5e-9d7b-ee2859b83b8e
INFO:src.generator.agents.config_agent:Starting configuration generation for: https://github.com/run-rasztabiga-me/poc1-fastapi-spec.git
INFO:src.generator.agents.config_agent:Using prompt version: default
INFO:src.generator.tools.repository_tools:🔧 Tool called: clone_repo(repo_url=https://github.com/run-rasztabiga-me/poc1-fastapi-spec.git)
INFO:src.generator.core.workspace:Cloning https://github.com/run-rasztabiga-me/poc1-fastapi-spec.git to /Users/rasztabigab/Studia/run/tmp/poc1-fastapi-spec-23e7024a-16fb-4a5e-9d7b-ee2859b83b8e
INFO:src.generator.tools.repository_tools:🔧 Tool called: prepare_repo_tree()
INFO:src.generator.tools.repository_tools:🔧 Tool called: get_file_content(file_path=app/main.py)
INFO:src.generator.tools.repository_tools:🔧 Tool called: get_file_content(file_path=requirements.txt)
INFO:src.generator.tools.repository_tools:🔧 Tool called: write_file(file_path=Dockerfile, content_length=202)
INFO:src.generator.tools.repository_tools:🔧 Tool called: write_file(file_path=k8s/deployment.yaml, content_length=603)
INFO:src.generator.tools.repository_tools:🔧 Tool called: write_file(file_path=k8s/service.yaml, content_length=220)
INFO:src.generator.tools.repository_tools:🔧 Tool called: write_file(file_path=k8s/ingress.yaml, content_length=400)
INFO:src.evaluator.core.integration:Fetching metrics from LangSmith for run_id: 23e7024a-16fb-4a5e-9d7b-ee2859b83b8e
INFO:src.evaluator.metrics.langsmith_collector:Run 23e7024a-16fb-4a5e-9d7b-ee2859b83b8e is still pending, retrying in 5 seconds... (attempt 1/5)
INFO:src.evaluator.metrics.langsmith_collector:Fetched metrics from LangSmith: 8 tool calls, 29647 tokens
INFO:src.evaluator.core.integration:Using structured output from ConfigurationOutput
INFO:src.evaluator.core.integration:Generated 1 Dockerfiles and 3 K8s manifests
INFO:src.evaluator.validators.config_validator:Building Docker image: poc1-fastapi-spec from Dockerfile
INFO:src.evaluator.validators.config_validator:Full image name with run-scoped tag: 192.168.1.39:32000/poc1-fastapi-spec-poc1-fastapi-spec:23e7024a-16fb-4a5e-9d7b-ee2859b83b8e
INFO:src.evaluator.validators.config_validator:Building Docker image 192.168.1.39:32000/poc1-fastapi-spec-poc1-fastapi-spec:23e7024a-16fb-4a5e-9d7b-ee2859b83b8e with buildx
INFO:src.evaluator.validators.config_validator:Build completed successfully for 192.168.1.39:32000/poc1-fastapi-spec-poc1-fastapi-spec:23e7024a-16fb-4a5e-9d7b-ee2859b83b8e
INFO:src.evaluator.validators.config_validator:Successfully pushed image to registry: 192.168.1.39:32000/poc1-fastapi-spec-poc1-fastapi-spec:23e7024a-16fb-4a5e-9d7b-ee2859b83b8e
INFO:src.evaluator.validators.config_validator:Verifying image in registry: 192.168.1.39:32000/poc1-fastapi-spec-poc1-fastapi-spec:23e7024a-16fb-4a5e-9d7b-ee2859b83b8e
INFO:src.evaluator.validators.config_validator:Successfully verified image in registry: 192.168.1.39:32000/poc1-fastapi-spec-poc1-fastapi-spec:23e7024a-16fb-4a5e-9d7b-ee2859b83b8e
INFO:src.evaluator.validators.config_validator:Image metrics: 58.45 MB, 9 layers, built in 0.8s
INFO:src.evaluator.core.evaluator:Evaluation completed for https://github.com/run-rasztabiga-me/poc1-fastapi-spec.git
INFO:src.evaluator.reports.reporter:Report saved to evaluation_reports/experiments/h5/20260318_223200/google_gemini_2-5_flash/default/poc1-fastapi-spec/h5__gemini-2-5-flash__default__poc1-fastapi-spec__run10_20260318_233635_e58845a5.json
INFO:src.evaluator.experiments.runner:Completed h5 | repo=poc1-fastapi-spec model=google_gemini_2-5_flash prompt=default repetition=run10 -> evaluation_reports/experiments/h5/20260318_223200/google_gemini_2-5_flash/default/poc1-fastapi-spec/h5__gemini-2-5-flash__default__poc1-fastapi-spec__run10_20260318_233635_e58845a5.json
INFO:src.evaluator.experiments.runner:Running cleanup after run: experiment=h5 repo=poc1-fastapi-spec model=google_gemini_2-5_flash prompt=default repetition=run10
INFO:src.tools.cluster_cleanup:Skipping protected namespace: container-registry
INFO:src.tools.cluster_cleanup:Skipping protected namespace: default
INFO:src.tools.cluster_cleanup:Skipping protected namespace: ingress
INFO:src.tools.cluster_cleanup:Skipping protected namespace: kube-node-lease
INFO:src.tools.cluster_cleanup:Skipping protected namespace: kube-public
INFO:src.tools.cluster_cleanup:Skipping protected namespace: kube-system
INFO:src.tools.cluster_cleanup:No /etc/hosts entries required cleanup.
INFO:src.tools.cluster_cleanup:Running Docker system prune to remove unused resources (preserving base images)...
INFO:src.tools.cluster_cleanup:Docker system prune completed successfully.
INFO:src.evaluator.experiments.runner:Cluster cleanup completed successfully for 'h5'.
INFO:src.evaluator.experiments.runner:Preparing run: repo=poc1-fastapi-spec model=openai_gpt5_mini prompt=default repetition=run1
INFO:src.evaluator.core.evaluator:Starting evaluation for https://github.com/run-rasztabiga-me/poc1-fastapi-spec.git (ID: 2b8c01e7-8183-4109-aa45-2a2e2784f78f)
INFO:src.evaluator.core.integration:Starting real generation for https://github.com/run-rasztabiga-me/poc1-fastapi-spec.git
INFO:src.generator.core.generator:Starting configuration generation for repository: https://github.com/run-rasztabiga-me/poc1-fastapi-spec.git
INFO:src.generator.core.generator:Run ID: e2aa4da5-9bc0-4352-8ebc-933dc40dab95, Workspace: tmp/poc1-fastapi-spec-e2aa4da5-9bc0-4352-8ebc-933dc40dab95
INFO:src.generator.agents.config_agent:Starting configuration generation for: https://github.com/run-rasztabiga-me/poc1-fastapi-spec.git
INFO:src.generator.agents.config_agent:Using prompt version: default
INFO:src.generator.tools.repository_tools:🔧 Tool called: clone_repo(repo_url=https://github.com/run-rasztabiga-me/poc1-fastapi-spec.git)
INFO:src.generator.core.workspace:Cloning https://github.com/run-rasztabiga-me/poc1-fastapi-spec.git to /Users/rasztabigab/Studia/run/tmp/poc1-fastapi-spec-e2aa4da5-9bc0-4352-8ebc-933dc40dab95
INFO:src.generator.tools.repository_tools:🔧 Tool called: prepare_repo_tree()
INFO:src.generator.tools.repository_tools:🔧 Tool called: ls(dir_path=)
INFO:src.generator.tools.repository_tools:🔧 Tool called: get_file_content(file_path=app/main.py)
INFO:src.generator.tools.repository_tools:🔧 Tool called: get_file_content(file_path=requirements.txt)
INFO:src.generator.tools.repository_tools:🔧 Tool called: get_file_content(file_path=spec.md)
INFO:src.generator.tools.repository_tools:🧠 Agent reflection (1751 chars)
INFO:src.generator.tools.repository_tools:🔧 Tool called: write_file(file_path=Dockerfile, content_length=539)
INFO:src.generator.tools.repository_tools:🔧 Tool called: write_file(file_path=k8s/deployment.yaml, content_length=1016)
INFO:src.generator.tools.repository_tools:🔧 Tool called: write_file(file_path=k8s/service.yaml, content_length=259)
INFO:src.generator.tools.repository_tools:🔧 Tool called: write_file(file_path=k8s/ingress.yaml, content_length=436)
INFO:src.generator.tools.repository_tools:🔧 Tool called: write_file(file_path=k8s/namespace.yaml, content_length=67)
INFO:src.generator.tools.repository_tools:🔧 Tool called: find_files(pattern=*, max_results=100)
INFO:src.generator.tools.repository_tools:🔧 Tool called: search_files(pattern=@app.get, file_pattern=app/*.py, case_sensitive=False)
INFO:src.generator.tools.repository_tools:🧠 Agent reflection (533 chars)
INFO:src.evaluator.core.integration:Fetching metrics from LangSmith for run_id: e2aa4da5-9bc0-4352-8ebc-933dc40dab95
INFO:src.evaluator.metrics.langsmith_collector:Run e2aa4da5-9bc0-4352-8ebc-933dc40dab95 is still pending, retrying in 5 seconds... (attempt 1/5)
INFO:src.evaluator.metrics.langsmith_collector:Fetched metrics from LangSmith: 15 tool calls, 62709 tokens
INFO:src.evaluator.core.integration:Using structured output from ConfigurationOutput
INFO:src.evaluator.core.integration:Generated 1 Dockerfiles and 4 K8s manifests
INFO:src.evaluator.validators.config_validator:Building Docker image: poc1-fastapi-spec from Dockerfile
INFO:src.evaluator.validators.config_validator:Full image name with run-scoped tag: 192.168.1.39:32000/poc1-fastapi-spec-poc1-fastapi-spec:e2aa4da5-9bc0-4352-8ebc-933dc40dab95
INFO:src.evaluator.validators.config_validator:Building Docker image 192.168.1.39:32000/poc1-fastapi-spec-poc1-fastapi-spec:e2aa4da5-9bc0-4352-8ebc-933dc40dab95 with buildx
INFO:src.evaluator.validators.config_validator:Build completed successfully for 192.168.1.39:32000/poc1-fastapi-spec-poc1-fastapi-spec:e2aa4da5-9bc0-4352-8ebc-933dc40dab95
INFO:src.evaluator.validators.config_validator:Successfully pushed image to registry: 192.168.1.39:32000/poc1-fastapi-spec-poc1-fastapi-spec:e2aa4da5-9bc0-4352-8ebc-933dc40dab95
INFO:src.evaluator.validators.config_validator:Verifying image in registry: 192.168.1.39:32000/poc1-fastapi-spec-poc1-fastapi-spec:e2aa4da5-9bc0-4352-8ebc-933dc40dab95
INFO:src.evaluator.validators.config_validator:Successfully verified image in registry: 192.168.1.39:32000/poc1-fastapi-spec-poc1-fastapi-spec:e2aa4da5-9bc0-4352-8ebc-933dc40dab95
INFO:src.evaluator.validators.config_validator:Image metrics: 164.29 MB, 9 layers, built in 0.8s
INFO:src.evaluator.core.evaluator:Evaluation completed for https://github.com/run-rasztabiga-me/poc1-fastapi-spec.git
INFO:src.evaluator.reports.reporter:Report saved to evaluation_reports/experiments/h5/20260318_223200/openai_gpt5_mini/default/poc1-fastapi-spec/h5__gpt-5-mini__default__poc1-fastapi-spec__run1_20260318_233735_2b8c01e7.json
INFO:src.evaluator.experiments.runner:Completed h5 | repo=poc1-fastapi-spec model=openai_gpt5_mini prompt=default repetition=run1 -> evaluation_reports/experiments/h5/20260318_223200/openai_gpt5_mini/default/poc1-fastapi-spec/h5__gpt-5-mini__default__poc1-fastapi-spec__run1_20260318_233735_2b8c01e7.json
INFO:src.evaluator.experiments.runner:Running cleanup after run: experiment=h5 repo=poc1-fastapi-spec model=openai_gpt5_mini prompt=default repetition=run1
INFO:src.tools.cluster_cleanup:Skipping protected namespace: container-registry
INFO:src.tools.cluster_cleanup:Skipping protected namespace: default
INFO:src.tools.cluster_cleanup:Skipping protected namespace: ingress
INFO:src.tools.cluster_cleanup:Skipping protected namespace: kube-node-lease
INFO:src.tools.cluster_cleanup:Skipping protected namespace: kube-public
INFO:src.tools.cluster_cleanup:Skipping protected namespace: kube-system
INFO:src.tools.cluster_cleanup:No /etc/hosts entries required cleanup.
INFO:src.tools.cluster_cleanup:Running Docker system prune to remove unused resources (preserving base images)...
INFO:src.tools.cluster_cleanup:Docker system prune completed successfully.
INFO:src.evaluator.experiments.runner:Cluster cleanup completed successfully for 'h5'.
INFO:src.evaluator.experiments.runner:Preparing run: repo=poc1-fastapi-spec model=openai_gpt5_mini prompt=default repetition=run2
INFO:src.evaluator.core.evaluator:Starting evaluation for https://github.com/run-rasztabiga-me/poc1-fastapi-spec.git (ID: 34fde6d4-5fe8-48ed-8233-d8628f13962e)
INFO:src.evaluator.core.integration:Starting real generation for https://github.com/run-rasztabiga-me/poc1-fastapi-spec.git
INFO:src.generator.core.generator:Starting configuration generation for repository: https://github.com/run-rasztabiga-me/poc1-fastapi-spec.git
INFO:src.generator.core.generator:Run ID: 65055d3c-5201-4466-80de-9845646065ce, Workspace: tmp/poc1-fastapi-spec-65055d3c-5201-4466-80de-9845646065ce
INFO:src.generator.agents.config_agent:Starting configuration generation for: https://github.com/run-rasztabiga-me/poc1-fastapi-spec.git
INFO:src.generator.agents.config_agent:Using prompt version: default
INFO:src.generator.tools.repository_tools:🔧 Tool called: clone_repo(repo_url=https://github.com/run-rasztabiga-me/poc1-fastapi-spec.git)
INFO:src.generator.core.workspace:Cloning https://github.com/run-rasztabiga-me/poc1-fastapi-spec.git to /Users/rasztabigab/Studia/run/tmp/poc1-fastapi-spec-65055d3c-5201-4466-80de-9845646065ce
INFO:src.generator.tools.repository_tools:🔧 Tool called: prepare_repo_tree()
INFO:src.generator.tools.repository_tools:🔧 Tool called: ls(dir_path=)
INFO:src.generator.tools.repository_tools:🔧 Tool called: get_file_content(file_path=app/main.py)
INFO:src.generator.tools.repository_tools:🔧 Tool called: get_file_content(file_path=requirements.txt)
INFO:src.generator.tools.repository_tools:🔧 Tool called: get_file_content(file_path=spec.md)
INFO:src.generator.tools.repository_tools:🔧 Tool called: write_file(file_path=Dockerfile, content_length=518)
INFO:src.generator.tools.repository_tools:🔧 Tool called: write_file(file_path=k8s/deployment.yaml, content_length=957)
INFO:src.generator.tools.repository_tools:🔧 Tool called: write_file(file_path=k8s/service.yaml, content_length=201)
INFO:src.generator.tools.repository_tools:🔧 Tool called: write_file(file_path=k8s/ingress.yaml, content_length=432)
INFO:src.generator.tools.repository_tools:🔧 Tool called: write_file(file_path=k8s/namespace.yaml, content_length=67)
INFO:src.generator.tools.repository_tools:🔧 Tool called: write_file(file_path=k8s/README.md, content_length=182)
INFO:src.generator.tools.repository_tools:🔧 Tool called: find_files(pattern=Dockerfile, max_results=20)
INFO:src.generator.tools.repository_tools:🔧 Tool called: search_files(pattern=port, file_pattern=**/*.py, case_sensitive=False)
INFO:src.generator.tools.repository_tools:🔧 Tool called: get_file_content(file_path=app/__init__.py)
INFO:src.generator.tools.repository_tools:🧠 Agent reflection (1005 chars)
INFO:src.evaluator.core.integration:Fetching metrics from LangSmith for run_id: 65055d3c-5201-4466-80de-9845646065ce
INFO:src.evaluator.metrics.langsmith_collector:Run 65055d3c-5201-4466-80de-9845646065ce is still pending, retrying in 5 seconds... (attempt 1/5)
INFO:src.evaluator.metrics.langsmith_collector:Fetched metrics from LangSmith: 16 tool calls, 65164 tokens
INFO:src.evaluator.core.integration:Using structured output from ConfigurationOutput
INFO:src.evaluator.core.integration:Generated 1 Dockerfiles and 5 K8s manifests
INFO:src.evaluator.validators.config_validator:Building Docker image: poc1-fastapi-spec from Dockerfile
INFO:src.evaluator.validators.config_validator:Full image name with run-scoped tag: 192.168.1.39:32000/poc1-fastapi-spec-poc1-fastapi-spec:65055d3c-5201-4466-80de-9845646065ce
INFO:src.evaluator.validators.config_validator:Building Docker image 192.168.1.39:32000/poc1-fastapi-spec-poc1-fastapi-spec:65055d3c-5201-4466-80de-9845646065ce with buildx
INFO:src.evaluator.validators.config_validator:Build completed successfully for 192.168.1.39:32000/poc1-fastapi-spec-poc1-fastapi-spec:65055d3c-5201-4466-80de-9845646065ce
INFO:src.evaluator.validators.config_validator:Successfully pushed image to registry: 192.168.1.39:32000/poc1-fastapi-spec-poc1-fastapi-spec:65055d3c-5201-4466-80de-9845646065ce
INFO:src.evaluator.validators.config_validator:Verifying image in registry: 192.168.1.39:32000/poc1-fastapi-spec-poc1-fastapi-spec:65055d3c-5201-4466-80de-9845646065ce
INFO:src.evaluator.validators.config_validator:Successfully verified image in registry: 192.168.1.39:32000/poc1-fastapi-spec-poc1-fastapi-spec:65055d3c-5201-4466-80de-9845646065ce
INFO:src.evaluator.validators.config_validator:Image metrics: 63.26 MB, 8 layers, built in 24.9s
INFO:src.evaluator.core.evaluator:Evaluation completed for https://github.com/run-rasztabiga-me/poc1-fastapi-spec.git
INFO:src.evaluator.reports.reporter:Report saved to evaluation_reports/experiments/h5/20260318_223200/openai_gpt5_mini/default/poc1-fastapi-spec/h5__gpt-5-mini__default__poc1-fastapi-spec__run2_20260318_233915_34fde6d4.json
INFO:src.evaluator.experiments.runner:Completed h5 | repo=poc1-fastapi-spec model=openai_gpt5_mini prompt=default repetition=run2 -> evaluation_reports/experiments/h5/20260318_223200/openai_gpt5_mini/default/poc1-fastapi-spec/h5__gpt-5-mini__default__poc1-fastapi-spec__run2_20260318_233915_34fde6d4.json
INFO:src.evaluator.experiments.runner:Running cleanup after run: experiment=h5 repo=poc1-fastapi-spec model=openai_gpt5_mini prompt=default repetition=run2
INFO:src.tools.cluster_cleanup:Skipping protected namespace: container-registry
INFO:src.tools.cluster_cleanup:Skipping protected namespace: default
INFO:src.tools.cluster_cleanup:Skipping protected namespace: ingress
INFO:src.tools.cluster_cleanup:Skipping protected namespace: kube-node-lease
INFO:src.tools.cluster_cleanup:Skipping protected namespace: kube-public
INFO:src.tools.cluster_cleanup:Skipping protected namespace: kube-system
INFO:src.tools.cluster_cleanup:No /etc/hosts entries required cleanup.
INFO:src.tools.cluster_cleanup:Running Docker system prune to remove unused resources (preserving base images)...
INFO:src.tools.cluster_cleanup:Docker system prune completed successfully.
INFO:src.evaluator.experiments.runner:Cluster cleanup completed successfully for 'h5'.
INFO:src.evaluator.experiments.runner:Preparing run: repo=poc1-fastapi-spec model=openai_gpt5_mini prompt=default repetition=run3
INFO:src.evaluator.core.evaluator:Starting evaluation for https://github.com/run-rasztabiga-me/poc1-fastapi-spec.git (ID: 1b95fbff-b3fe-4c4d-b0bb-0a904f89fa77)
INFO:src.evaluator.core.integration:Starting real generation for https://github.com/run-rasztabiga-me/poc1-fastapi-spec.git
INFO:src.generator.core.generator:Starting configuration generation for repository: https://github.com/run-rasztabiga-me/poc1-fastapi-spec.git
INFO:src.generator.core.generator:Run ID: 5ad86dd8-8af5-4f08-ad30-f0216734d48c, Workspace: tmp/poc1-fastapi-spec-5ad86dd8-8af5-4f08-ad30-f0216734d48c
INFO:src.generator.agents.config_agent:Starting configuration generation for: https://github.com/run-rasztabiga-me/poc1-fastapi-spec.git
INFO:src.generator.agents.config_agent:Using prompt version: default
INFO:src.generator.tools.repository_tools:🔧 Tool called: clone_repo(repo_url=https://github.com/run-rasztabiga-me/poc1-fastapi-spec.git)
INFO:src.generator.core.workspace:Cloning https://github.com/run-rasztabiga-me/poc1-fastapi-spec.git to /Users/rasztabigab/Studia/run/tmp/poc1-fastapi-spec-5ad86dd8-8af5-4f08-ad30-f0216734d48c
INFO:src.generator.tools.repository_tools:🔧 Tool called: prepare_repo_tree()
INFO:src.generator.tools.repository_tools:🔧 Tool called: ls(dir_path=)
INFO:src.generator.tools.repository_tools:🔧 Tool called: get_file_content(file_path=app/main.py)
INFO:src.generator.tools.repository_tools:🔧 Tool called: get_file_content(file_path=requirements.txt)
INFO:src.generator.tools.repository_tools:🔧 Tool called: get_file_content(file_path=spec.md)
INFO:src.generator.tools.repository_tools:🔧 Tool called: write_file(file_path=Dockerfile, content_length=387)
INFO:src.generator.tools.repository_tools:🔧 Tool called: write_file(file_path=k8s/deployment.yaml, content_length=888)
INFO:src.generator.tools.repository_tools:🔧 Tool called: write_file(file_path=k8s/service.yaml, content_length=197)
INFO:src.generator.tools.repository_tools:🔧 Tool called: write_file(file_path=k8s/ingress.yaml, content_length=450)
INFO:src.generator.tools.repository_tools:🔧 Tool called: write_file(file_path=k8s/namespace.yaml, content_length=67)
INFO:src.generator.tools.repository_tools:🔧 Tool called: find_files(pattern=Dockerfile*, max_results=50)
INFO:src.generator.tools.repository_tools:🔧 Tool called: search_files(pattern=def root, file_pattern=*.py, case_sensitive=False)
INFO:src.generator.tools.repository_tools:🧠 Agent reflection (1279 chars)
INFO:src.evaluator.core.integration:Fetching metrics from LangSmith for run_id: 5ad86dd8-8af5-4f08-ad30-f0216734d48c
INFO:src.evaluator.metrics.langsmith_collector:Run 5ad86dd8-8af5-4f08-ad30-f0216734d48c is still pending, retrying in 5 seconds... (attempt 1/5)
INFO:src.evaluator.metrics.langsmith_collector:Fetched metrics from LangSmith: 14 tool calls, 54912 tokens
INFO:src.evaluator.core.integration:Using structured output from ConfigurationOutput
INFO:src.evaluator.core.integration:Generated 1 Dockerfiles and 4 K8s manifests
INFO:src.evaluator.validators.config_validator:Building Docker image: poc1-fastapi-spec from Dockerfile
INFO:src.evaluator.validators.config_validator:Full image name with run-scoped tag: 192.168.1.39:32000/poc1-fastapi-spec-poc1-fastapi-spec:5ad86dd8-8af5-4f08-ad30-f0216734d48c
INFO:src.evaluator.validators.config_validator:Building Docker image 192.168.1.39:32000/poc1-fastapi-spec-poc1-fastapi-spec:5ad86dd8-8af5-4f08-ad30-f0216734d48c with buildx
INFO:src.evaluator.validators.config_validator:Build completed successfully for 192.168.1.39:32000/poc1-fastapi-spec-poc1-fastapi-spec:5ad86dd8-8af5-4f08-ad30-f0216734d48c
INFO:src.evaluator.validators.config_validator:Successfully pushed image to registry: 192.168.1.39:32000/poc1-fastapi-spec-poc1-fastapi-spec:5ad86dd8-8af5-4f08-ad30-f0216734d48c
INFO:src.evaluator.validators.config_validator:Verifying image in registry: 192.168.1.39:32000/poc1-fastapi-spec-poc1-fastapi-spec:5ad86dd8-8af5-4f08-ad30-f0216734d48c
INFO:src.evaluator.validators.config_validator:Successfully verified image in registry: 192.168.1.39:32000/poc1-fastapi-spec-poc1-fastapi-spec:5ad86dd8-8af5-4f08-ad30-f0216734d48c
INFO:src.evaluator.validators.config_validator:Image metrics: 63.17 MB, 8 layers, built in 0.8s
INFO:src.evaluator.core.evaluator:Evaluation completed for https://github.com/run-rasztabiga-me/poc1-fastapi-spec.git
INFO:src.evaluator.reports.reporter:Report saved to evaluation_reports/experiments/h5/20260318_223200/openai_gpt5_mini/default/poc1-fastapi-spec/h5__gpt-5-mini__default__poc1-fastapi-spec__run3_20260318_234015_1b95fbff.json
INFO:src.evaluator.experiments.runner:Completed h5 | repo=poc1-fastapi-spec model=openai_gpt5_mini prompt=default repetition=run3 -> evaluation_reports/experiments/h5/20260318_223200/openai_gpt5_mini/default/poc1-fastapi-spec/h5__gpt-5-mini__default__poc1-fastapi-spec__run3_20260318_234015_1b95fbff.json
INFO:src.evaluator.experiments.runner:Running cleanup after run: experiment=h5 repo=poc1-fastapi-spec model=openai_gpt5_mini prompt=default repetition=run3
INFO:src.tools.cluster_cleanup:Skipping protected namespace: container-registry
INFO:src.tools.cluster_cleanup:Skipping protected namespace: default
INFO:src.tools.cluster_cleanup:Skipping protected namespace: ingress
INFO:src.tools.cluster_cleanup:Skipping protected namespace: kube-node-lease
INFO:src.tools.cluster_cleanup:Skipping protected namespace: kube-public
INFO:src.tools.cluster_cleanup:Skipping protected namespace: kube-system
INFO:src.tools.cluster_cleanup:No /etc/hosts entries required cleanup.
INFO:src.tools.cluster_cleanup:Running Docker system prune to remove unused resources (preserving base images)...
INFO:src.tools.cluster_cleanup:Docker system prune completed successfully.
INFO:src.evaluator.experiments.runner:Cluster cleanup completed successfully for 'h5'.
INFO:src.evaluator.experiments.runner:Preparing run: repo=poc1-fastapi-spec model=openai_gpt5_mini prompt=default repetition=run4
INFO:src.evaluator.core.evaluator:Starting evaluation for https://github.com/run-rasztabiga-me/poc1-fastapi-spec.git (ID: 85f98327-8f31-4f54-aeb1-763c36ddd158)
INFO:src.evaluator.core.integration:Starting real generation for https://github.com/run-rasztabiga-me/poc1-fastapi-spec.git
INFO:src.generator.core.generator:Starting configuration generation for repository: https://github.com/run-rasztabiga-me/poc1-fastapi-spec.git
INFO:src.generator.core.generator:Run ID: 7e44201d-2f3d-418e-8f6c-9238176f1712, Workspace: tmp/poc1-fastapi-spec-7e44201d-2f3d-418e-8f6c-9238176f1712
INFO:src.generator.agents.config_agent:Starting configuration generation for: https://github.com/run-rasztabiga-me/poc1-fastapi-spec.git
INFO:src.generator.agents.config_agent:Using prompt version: default
INFO:src.generator.tools.repository_tools:🔧 Tool called: clone_repo(repo_url=https://github.com/run-rasztabiga-me/poc1-fastapi-spec.git)
INFO:src.generator.core.workspace:Cloning https://github.com/run-rasztabiga-me/poc1-fastapi-spec.git to /Users/rasztabigab/Studia/run/tmp/poc1-fastapi-spec-7e44201d-2f3d-418e-8f6c-9238176f1712
INFO:src.generator.tools.repository_tools:🔧 Tool called: prepare_repo_tree()
INFO:src.generator.tools.repository_tools:🔧 Tool called: ls(dir_path=)
INFO:src.generator.tools.repository_tools:🔧 Tool called: get_file_content(file_path=app/main.py)
INFO:src.generator.tools.repository_tools:🔧 Tool called: get_file_content(file_path=requirements.txt)
INFO:src.generator.tools.repository_tools:🔧 Tool called: get_file_content(file_path=spec.md)
INFO:src.generator.tools.repository_tools:🧠 Agent reflection (1940 chars)
INFO:src.generator.tools.repository_tools:🔧 Tool called: write_file(file_path=Dockerfile, content_length=553)
INFO:src.generator.tools.repository_tools:🔧 Tool called: write_file(file_path=k8s/deployment.yaml, content_length=931)
INFO:src.generator.tools.repository_tools:🔧 Tool called: write_file(file_path=k8s/service.yaml, content_length=197)
INFO:src.generator.tools.repository_tools:🔧 Tool called: write_file(file_path=k8s/ingress.yaml, content_length=363)
INFO:src.generator.tools.repository_tools:🔧 Tool called: write_file(file_path=README_DEPLOY.md, content_length=343)
INFO:src.generator.tools.repository_tools:🔧 Tool called: find_files(pattern=*, max_results=50)
INFO:src.generator.tools.repository_tools:🔧 Tool called: search_files(pattern=/, file_pattern=app/*.py, case_sensitive=True)
INFO:src.generator.tools.repository_tools:🧠 Agent reflection (554 chars)
INFO:src.evaluator.core.integration:Fetching metrics from LangSmith for run_id: 7e44201d-2f3d-418e-8f6c-9238176f1712
INFO:src.evaluator.metrics.langsmith_collector:Run 7e44201d-2f3d-418e-8f6c-9238176f1712 is still pending, retrying in 5 seconds... (attempt 1/5)
INFO:src.evaluator.metrics.langsmith_collector:Fetched metrics from LangSmith: 15 tool calls, 63700 tokens
INFO:src.evaluator.core.integration:Using structured output from ConfigurationOutput
INFO:src.evaluator.core.integration:Generated 1 Dockerfiles and 3 K8s manifests
INFO:src.evaluator.validators.config_validator:Building Docker image: poc1-fastapi-spec from Dockerfile
INFO:src.evaluator.validators.config_validator:Full image name with run-scoped tag: 192.168.1.39:32000/poc1-fastapi-spec-poc1-fastapi-spec:7e44201d-2f3d-418e-8f6c-9238176f1712
INFO:src.evaluator.validators.config_validator:Building Docker image 192.168.1.39:32000/poc1-fastapi-spec-poc1-fastapi-spec:7e44201d-2f3d-418e-8f6c-9238176f1712 with buildx
INFO:src.evaluator.validators.config_validator:Build completed successfully for 192.168.1.39:32000/poc1-fastapi-spec-poc1-fastapi-spec:7e44201d-2f3d-418e-8f6c-9238176f1712
INFO:src.evaluator.validators.config_validator:Successfully pushed image to registry: 192.168.1.39:32000/poc1-fastapi-spec-poc1-fastapi-spec:7e44201d-2f3d-418e-8f6c-9238176f1712
INFO:src.evaluator.validators.config_validator:Verifying image in registry: 192.168.1.39:32000/poc1-fastapi-spec-poc1-fastapi-spec:7e44201d-2f3d-418e-8f6c-9238176f1712
INFO:src.evaluator.validators.config_validator:Successfully verified image in registry: 192.168.1.39:32000/poc1-fastapi-spec-poc1-fastapi-spec:7e44201d-2f3d-418e-8f6c-9238176f1712
INFO:src.evaluator.validators.config_validator:Image metrics: 164.29 MB, 9 layers, built in 28.7s
INFO:src.evaluator.core.evaluator:Evaluation completed for https://github.com/run-rasztabiga-me/poc1-fastapi-spec.git
INFO:src.evaluator.reports.reporter:Report saved to evaluation_reports/experiments/h5/20260318_223200/openai_gpt5_mini/default/poc1-fastapi-spec/h5__gpt-5-mini__default__poc1-fastapi-spec__run4_20260318_234151_85f98327.json
INFO:src.evaluator.experiments.runner:Completed h5 | repo=poc1-fastapi-spec model=openai_gpt5_mini prompt=default repetition=run4 -> evaluation_reports/experiments/h5/20260318_223200/openai_gpt5_mini/default/poc1-fastapi-spec/h5__gpt-5-mini__default__poc1-fastapi-spec__run4_20260318_234151_85f98327.json
INFO:src.evaluator.experiments.runner:Running cleanup after run: experiment=h5 repo=poc1-fastapi-spec model=openai_gpt5_mini prompt=default repetition=run4
INFO:src.tools.cluster_cleanup:Skipping protected namespace: container-registry
INFO:src.tools.cluster_cleanup:Skipping protected namespace: default
INFO:src.tools.cluster_cleanup:Skipping protected namespace: ingress
INFO:src.tools.cluster_cleanup:Skipping protected namespace: kube-node-lease
INFO:src.tools.cluster_cleanup:Skipping protected namespace: kube-public
INFO:src.tools.cluster_cleanup:Skipping protected namespace: kube-system
INFO:src.tools.cluster_cleanup:No /etc/hosts entries required cleanup.
INFO:src.tools.cluster_cleanup:Running Docker system prune to remove unused resources (preserving base images)...
INFO:src.tools.cluster_cleanup:Docker system prune completed successfully.
INFO:src.evaluator.experiments.runner:Cluster cleanup completed successfully for 'h5'.
INFO:src.evaluator.experiments.runner:Preparing run: repo=poc1-fastapi-spec model=openai_gpt5_mini prompt=default repetition=run5
INFO:src.evaluator.core.evaluator:Starting evaluation for https://github.com/run-rasztabiga-me/poc1-fastapi-spec.git (ID: 54c6074d-4aef-4cde-ab9f-363b17d807d6)
INFO:src.evaluator.core.integration:Starting real generation for https://github.com/run-rasztabiga-me/poc1-fastapi-spec.git
INFO:src.generator.core.generator:Starting configuration generation for repository: https://github.com/run-rasztabiga-me/poc1-fastapi-spec.git
INFO:src.generator.core.generator:Run ID: eaf9353e-a797-472a-a85a-b6aab36bff30, Workspace: tmp/poc1-fastapi-spec-eaf9353e-a797-472a-a85a-b6aab36bff30
INFO:src.generator.agents.config_agent:Starting configuration generation for: https://github.com/run-rasztabiga-me/poc1-fastapi-spec.git
INFO:src.generator.agents.config_agent:Using prompt version: default
INFO:src.generator.tools.repository_tools:🔧 Tool called: clone_repo(repo_url=https://github.com/run-rasztabiga-me/poc1-fastapi-spec.git)
INFO:src.generator.core.workspace:Cloning https://github.com/run-rasztabiga-me/poc1-fastapi-spec.git to /Users/rasztabigab/Studia/run/tmp/poc1-fastapi-spec-eaf9353e-a797-472a-a85a-b6aab36bff30
INFO:src.generator.tools.repository_tools:🔧 Tool called: prepare_repo_tree()
INFO:src.generator.tools.repository_tools:🔧 Tool called: ls(dir_path=)
INFO:src.generator.tools.repository_tools:🔧 Tool called: get_file_content(file_path=app/main.py)
INFO:src.generator.tools.repository_tools:🔧 Tool called: get_file_content(file_path=requirements.txt)
INFO:src.generator.tools.repository_tools:🔧 Tool called: get_file_content(file_path=spec.md)
INFO:src.generator.tools.repository_tools:🔧 Tool called: write_file(file_path=Dockerfile, content_length=493)
INFO:src.generator.tools.repository_tools:🔧 Tool called: write_file(file_path=k8s/deployment.yaml, content_length=957)
INFO:src.generator.tools.repository_tools:🔧 Tool called: write_file(file_path=k8s/service.yaml, content_length=197)
INFO:src.generator.tools.repository_tools:🔧 Tool called: write_file(file_path=k8s/ingress.yaml, content_length=355)
INFO:src.generator.tools.repository_tools:🔧 Tool called: write_file(file_path=k8s/README.md, content_length=242)
INFO:src.generator.tools.repository_tools:🔧 Tool called: search_files(pattern=health, file_pattern=None, case_sensitive=False)
INFO:src.generator.tools.repository_tools:🔧 Tool called: find_files(pattern=Dockerfile, max_results=20)
INFO:src.generator.tools.repository_tools:🔧 Tool called: find_files(pattern=k8s/*.yaml, max_results=50)
INFO:src.generator.tools.repository_tools:🔧 Tool called: ls(dir_path=k8s)
INFO:src.generator.tools.repository_tools:🧠 Agent reflection (1159 chars)
INFO:src.evaluator.core.integration:Fetching metrics from LangSmith for run_id: eaf9353e-a797-472a-a85a-b6aab36bff30
INFO:src.evaluator.metrics.langsmith_collector:Run eaf9353e-a797-472a-a85a-b6aab36bff30 is still pending, retrying in 5 seconds... (attempt 1/5)
INFO:src.evaluator.metrics.langsmith_collector:Fetched metrics from LangSmith: 16 tool calls, 64648 tokens
INFO:src.evaluator.core.integration:Using structured output from ConfigurationOutput
INFO:src.evaluator.core.integration:Generated 1 Dockerfiles and 4 K8s manifests
INFO:src.evaluator.validators.config_validator:Building Docker image: poc1-fastapi-spec from Dockerfile
INFO:src.evaluator.validators.config_validator:Full image name with run-scoped tag: 192.168.1.39:32000/poc1-fastapi-spec-poc1-fastapi-spec:eaf9353e-a797-472a-a85a-b6aab36bff30
INFO:src.evaluator.validators.config_validator:Building Docker image 192.168.1.39:32000/poc1-fastapi-spec-poc1-fastapi-spec:eaf9353e-a797-472a-a85a-b6aab36bff30 with buildx
INFO:src.evaluator.validators.config_validator:Build completed successfully for 192.168.1.39:32000/poc1-fastapi-spec-poc1-fastapi-spec:eaf9353e-a797-472a-a85a-b6aab36bff30
INFO:src.evaluator.validators.config_validator:Successfully pushed image to registry: 192.168.1.39:32000/poc1-fastapi-spec-poc1-fastapi-spec:eaf9353e-a797-472a-a85a-b6aab36bff30
INFO:src.evaluator.validators.config_validator:Verifying image in registry: 192.168.1.39:32000/poc1-fastapi-spec-poc1-fastapi-spec:eaf9353e-a797-472a-a85a-b6aab36bff30
INFO:src.evaluator.validators.config_validator:Successfully verified image in registry: 192.168.1.39:32000/poc1-fastapi-spec-poc1-fastapi-spec:eaf9353e-a797-472a-a85a-b6aab36bff30
INFO:src.evaluator.validators.config_validator:Image metrics: 64.82 MB, 9 layers, built in 11.5s
INFO:src.evaluator.core.evaluator:Evaluation completed for https://github.com/run-rasztabiga-me/poc1-fastapi-spec.git
INFO:src.evaluator.reports.reporter:Report saved to evaluation_reports/experiments/h5/20260318_223200/openai_gpt5_mini/default/poc1-fastapi-spec/h5__gpt-5-mini__default__poc1-fastapi-spec__run5_20260318_234321_54c6074d.json
INFO:src.evaluator.experiments.runner:Completed h5 | repo=poc1-fastapi-spec model=openai_gpt5_mini prompt=default repetition=run5 -> evaluation_reports/experiments/h5/20260318_223200/openai_gpt5_mini/default/poc1-fastapi-spec/h5__gpt-5-mini__default__poc1-fastapi-spec__run5_20260318_234321_54c6074d.json
INFO:src.evaluator.experiments.runner:Running cleanup after run: experiment=h5 repo=poc1-fastapi-spec model=openai_gpt5_mini prompt=default repetition=run5
INFO:src.tools.cluster_cleanup:Skipping protected namespace: container-registry
INFO:src.tools.cluster_cleanup:Skipping protected namespace: default
INFO:src.tools.cluster_cleanup:Skipping protected namespace: ingress
INFO:src.tools.cluster_cleanup:Skipping protected namespace: kube-node-lease
INFO:src.tools.cluster_cleanup:Skipping protected namespace: kube-public
INFO:src.tools.cluster_cleanup:Skipping protected namespace: kube-system
INFO:src.tools.cluster_cleanup:No /etc/hosts entries required cleanup.
INFO:src.tools.cluster_cleanup:Running Docker system prune to remove unused resources (preserving base images)...
INFO:src.tools.cluster_cleanup:Docker system prune completed successfully.
INFO:src.evaluator.experiments.runner:Cluster cleanup completed successfully for 'h5'.
INFO:src.evaluator.experiments.runner:Preparing run: repo=poc1-fastapi-spec model=openai_gpt5_mini prompt=default repetition=run6
INFO:src.evaluator.core.evaluator:Starting evaluation for https://github.com/run-rasztabiga-me/poc1-fastapi-spec.git (ID: 4d04af7f-b366-4a66-a156-574026175a57)
INFO:src.evaluator.core.integration:Starting real generation for https://github.com/run-rasztabiga-me/poc1-fastapi-spec.git
INFO:src.generator.core.generator:Starting configuration generation for repository: https://github.com/run-rasztabiga-me/poc1-fastapi-spec.git
INFO:src.generator.core.generator:Run ID: 24992599-896b-4e24-bf8c-d2f0a3b969a8, Workspace: tmp/poc1-fastapi-spec-24992599-896b-4e24-bf8c-d2f0a3b969a8
INFO:src.generator.agents.config_agent:Starting configuration generation for: https://github.com/run-rasztabiga-me/poc1-fastapi-spec.git
INFO:src.generator.agents.config_agent:Using prompt version: default
INFO:src.generator.tools.repository_tools:🔧 Tool called: clone_repo(repo_url=https://github.com/run-rasztabiga-me/poc1-fastapi-spec.git)
INFO:src.generator.core.workspace:Cloning https://github.com/run-rasztabiga-me/poc1-fastapi-spec.git to /Users/rasztabigab/Studia/run/tmp/poc1-fastapi-spec-24992599-896b-4e24-bf8c-d2f0a3b969a8
INFO:src.generator.tools.repository_tools:🔧 Tool called: prepare_repo_tree()
INFO:src.generator.tools.repository_tools:🔧 Tool called: ls(dir_path=)
INFO:src.generator.tools.repository_tools:🔧 Tool called: ls(dir_path=app)
INFO:src.generator.tools.repository_tools:🔧 Tool called: get_file_content(file_path=app/main.py)
INFO:src.generator.tools.repository_tools:🔧 Tool called: get_file_content(file_path=requirements.txt)
INFO:src.generator.tools.repository_tools:🔧 Tool called: get_file_content(file_path=spec.md)
INFO:src.generator.tools.repository_tools:🧠 Agent reflection (1533 chars)
INFO:src.generator.tools.repository_tools:🔧 Tool called: write_file(file_path=Dockerfile, content_length=397)
INFO:src.generator.tools.repository_tools:🔧 Tool called: write_file(file_path=k8s/deployment.yaml, content_length=931)
INFO:src.generator.tools.repository_tools:🔧 Tool called: write_file(file_path=k8s/service.yaml, content_length=197)
INFO:src.generator.tools.repository_tools:🔧 Tool called: write_file(file_path=k8s/ingress.yaml, content_length=428)
INFO:src.generator.tools.repository_tools:🔧 Tool called: find_files(pattern=*, max_results=50)
INFO:src.generator.tools.repository_tools:🧠 Agent reflection (861 chars)
INFO:src.evaluator.core.integration:Fetching metrics from LangSmith for run_id: 24992599-896b-4e24-bf8c-d2f0a3b969a8
INFO:src.evaluator.metrics.langsmith_collector:Run 24992599-896b-4e24-bf8c-d2f0a3b969a8 is still pending, retrying in 5 seconds... (attempt 1/5)
INFO:src.evaluator.metrics.langsmith_collector:Fetched metrics from LangSmith: 14 tool calls, 55206 tokens
INFO:src.evaluator.core.integration:Using structured output from ConfigurationOutput
INFO:src.evaluator.core.integration:Generated 1 Dockerfiles and 3 K8s manifests
INFO:src.evaluator.validators.config_validator:Building Docker image: poc1-fastapi-spec from Dockerfile
INFO:src.evaluator.validators.config_validator:Full image name with run-scoped tag: 192.168.1.39:32000/poc1-fastapi-spec-poc1-fastapi-spec:24992599-896b-4e24-bf8c-d2f0a3b969a8
INFO:src.evaluator.validators.config_validator:Building Docker image 192.168.1.39:32000/poc1-fastapi-spec-poc1-fastapi-spec:24992599-896b-4e24-bf8c-d2f0a3b969a8 with buildx
INFO:src.evaluator.validators.config_validator:Build completed successfully for 192.168.1.39:32000/poc1-fastapi-spec-poc1-fastapi-spec:24992599-896b-4e24-bf8c-d2f0a3b969a8
INFO:src.evaluator.validators.config_validator:Successfully pushed image to registry: 192.168.1.39:32000/poc1-fastapi-spec-poc1-fastapi-spec:24992599-896b-4e24-bf8c-d2f0a3b969a8
INFO:src.evaluator.validators.config_validator:Verifying image in registry: 192.168.1.39:32000/poc1-fastapi-spec-poc1-fastapi-spec:24992599-896b-4e24-bf8c-d2f0a3b969a8
INFO:src.evaluator.validators.config_validator:Successfully verified image in registry: 192.168.1.39:32000/poc1-fastapi-spec-poc1-fastapi-spec:24992599-896b-4e24-bf8c-d2f0a3b969a8
INFO:src.evaluator.validators.config_validator:Image metrics: 63.17 MB, 8 layers, built in 0.8s
INFO:src.evaluator.core.evaluator:Evaluation completed for https://github.com/run-rasztabiga-me/poc1-fastapi-spec.git
INFO:src.evaluator.reports.reporter:Report saved to evaluation_reports/experiments/h5/20260318_223200/openai_gpt5_mini/default/poc1-fastapi-spec/h5__gpt-5-mini__default__poc1-fastapi-spec__run6_20260318_234404_4d04af7f.json
INFO:src.evaluator.experiments.runner:Completed h5 | repo=poc1-fastapi-spec model=openai_gpt5_mini prompt=default repetition=run6 -> evaluation_reports/experiments/h5/20260318_223200/openai_gpt5_mini/default/poc1-fastapi-spec/h5__gpt-5-mini__default__poc1-fastapi-spec__run6_20260318_234404_4d04af7f.json
INFO:src.evaluator.experiments.runner:Running cleanup after run: experiment=h5 repo=poc1-fastapi-spec model=openai_gpt5_mini prompt=default repetition=run6
INFO:src.tools.cluster_cleanup:Skipping protected namespace: container-registry
INFO:src.tools.cluster_cleanup:Skipping protected namespace: default
INFO:src.tools.cluster_cleanup:Skipping protected namespace: ingress
INFO:src.tools.cluster_cleanup:Skipping protected namespace: kube-node-lease
INFO:src.tools.cluster_cleanup:Skipping protected namespace: kube-public
INFO:src.tools.cluster_cleanup:Skipping protected namespace: kube-system
INFO:src.tools.cluster_cleanup:No /etc/hosts entries required cleanup.
INFO:src.tools.cluster_cleanup:Running Docker system prune to remove unused resources (preserving base images)...
INFO:src.tools.cluster_cleanup:Docker system prune completed successfully.
INFO:src.evaluator.experiments.runner:Cluster cleanup completed successfully for 'h5'.
INFO:src.evaluator.experiments.runner:Preparing run: repo=poc1-fastapi-spec model=openai_gpt5_mini prompt=default repetition=run7
INFO:src.evaluator.core.evaluator:Starting evaluation for https://github.com/run-rasztabiga-me/poc1-fastapi-spec.git (ID: 4112bba6-bd60-45b7-ae59-5dfd0b74d313)
INFO:src.evaluator.core.integration:Starting real generation for https://github.com/run-rasztabiga-me/poc1-fastapi-spec.git
INFO:src.generator.core.generator:Starting configuration generation for repository: https://github.com/run-rasztabiga-me/poc1-fastapi-spec.git
INFO:src.generator.core.generator:Run ID: 564a7574-acf7-480f-a4ab-379eaf93d90c, Workspace: tmp/poc1-fastapi-spec-564a7574-acf7-480f-a4ab-379eaf93d90c
INFO:src.generator.agents.config_agent:Starting configuration generation for: https://github.com/run-rasztabiga-me/poc1-fastapi-spec.git
INFO:src.generator.agents.config_agent:Using prompt version: default
INFO:src.generator.tools.repository_tools:🔧 Tool called: clone_repo(repo_url=https://github.com/run-rasztabiga-me/poc1-fastapi-spec.git)
INFO:src.generator.core.workspace:Cloning https://github.com/run-rasztabiga-me/poc1-fastapi-spec.git to /Users/rasztabigab/Studia/run/tmp/poc1-fastapi-spec-564a7574-acf7-480f-a4ab-379eaf93d90c
INFO:src.generator.tools.repository_tools:🔧 Tool called: prepare_repo_tree()
INFO:src.generator.tools.repository_tools:🔧 Tool called: ls(dir_path=)
INFO:src.generator.tools.repository_tools:🔧 Tool called: get_file_content(file_path=app/main.py)
INFO:src.generator.tools.repository_tools:🔧 Tool called: get_file_content(file_path=requirements.txt)
INFO:src.generator.tools.repository_tools:🔧 Tool called: get_file_content(file_path=spec.md)
INFO:src.generator.tools.repository_tools:🔧 Tool called: write_file(file_path=Dockerfile, content_length=308)
INFO:src.generator.tools.repository_tools:🔧 Tool called: write_file(file_path=k8s/deployment.yaml, content_length=895)
INFO:src.generator.tools.repository_tools:🔧 Tool called: write_file(file_path=k8s/service.yaml, content_length=197)
INFO:src.generator.tools.repository_tools:🔧 Tool called: write_file(file_path=k8s/ingress.yaml, content_length=419)
INFO:src.generator.tools.repository_tools:🔧 Tool called: find_files(pattern=*, max_results=50)
INFO:src.generator.tools.repository_tools:🔧 Tool called: search_files(pattern=/hello, file_pattern=*.py, case_sensitive=False)
INFO:src.generator.tools.repository_tools:🧠 Agent reflection (1119 chars)
INFO:src.evaluator.core.integration:Fetching metrics from LangSmith for run_id: 564a7574-acf7-480f-a4ab-379eaf93d90c
INFO:src.evaluator.metrics.langsmith_collector:Run 564a7574-acf7-480f-a4ab-379eaf93d90c is still pending, retrying in 5 seconds... (attempt 1/5)
INFO:src.evaluator.metrics.langsmith_collector:Fetched metrics from LangSmith: 13 tool calls, 49579 tokens
INFO:src.evaluator.core.integration:Using structured output from ConfigurationOutput
INFO:src.evaluator.core.integration:Generated 1 Dockerfiles and 3 K8s manifests
INFO:src.evaluator.validators.config_validator:Building Docker image: poc1-fastapi-spec from Dockerfile
INFO:src.evaluator.validators.config_validator:Full image name with run-scoped tag: 192.168.1.39:32000/poc1-fastapi-spec-poc1-fastapi-spec:564a7574-acf7-480f-a4ab-379eaf93d90c
INFO:src.evaluator.validators.config_validator:Building Docker image 192.168.1.39:32000/poc1-fastapi-spec-poc1-fastapi-spec:564a7574-acf7-480f-a4ab-379eaf93d90c with buildx
INFO:src.evaluator.validators.config_validator:Build completed successfully for 192.168.1.39:32000/poc1-fastapi-spec-poc1-fastapi-spec:564a7574-acf7-480f-a4ab-379eaf93d90c
INFO:src.evaluator.validators.config_validator:Successfully pushed image to registry: 192.168.1.39:32000/poc1-fastapi-spec-poc1-fastapi-spec:564a7574-acf7-480f-a4ab-379eaf93d90c
INFO:src.evaluator.validators.config_validator:Verifying image in registry: 192.168.1.39:32000/poc1-fastapi-spec-poc1-fastapi-spec:564a7574-acf7-480f-a4ab-379eaf93d90c
INFO:src.evaluator.validators.config_validator:Successfully verified image in registry: 192.168.1.39:32000/poc1-fastapi-spec-poc1-fastapi-spec:564a7574-acf7-480f-a4ab-379eaf93d90c
INFO:src.evaluator.validators.config_validator:Image metrics: 63.17 MB, 8 layers, built in 0.7s
INFO:src.evaluator.core.evaluator:Evaluation completed for https://github.com/run-rasztabiga-me/poc1-fastapi-spec.git
INFO:src.evaluator.reports.reporter:Report saved to evaluation_reports/experiments/h5/20260318_223200/openai_gpt5_mini/default/poc1-fastapi-spec/h5__gpt-5-mini__default__poc1-fastapi-spec__run7_20260318_234439_4112bba6.json
INFO:src.evaluator.experiments.runner:Completed h5 | repo=poc1-fastapi-spec model=openai_gpt5_mini prompt=default repetition=run7 -> evaluation_reports/experiments/h5/20260318_223200/openai_gpt5_mini/default/poc1-fastapi-spec/h5__gpt-5-mini__default__poc1-fastapi-spec__run7_20260318_234439_4112bba6.json
INFO:src.evaluator.experiments.runner:Running cleanup after run: experiment=h5 repo=poc1-fastapi-spec model=openai_gpt5_mini prompt=default repetition=run7
INFO:src.tools.cluster_cleanup:Skipping protected namespace: container-registry
INFO:src.tools.cluster_cleanup:Skipping protected namespace: default
INFO:src.tools.cluster_cleanup:Skipping protected namespace: ingress
INFO:src.tools.cluster_cleanup:Skipping protected namespace: kube-node-lease
INFO:src.tools.cluster_cleanup:Skipping protected namespace: kube-public
INFO:src.tools.cluster_cleanup:Skipping protected namespace: kube-system
INFO:src.tools.cluster_cleanup:No /etc/hosts entries required cleanup.
INFO:src.tools.cluster_cleanup:Running Docker system prune to remove unused resources (preserving base images)...
INFO:src.tools.cluster_cleanup:Docker system prune completed successfully.
INFO:src.evaluator.experiments.runner:Cluster cleanup completed successfully for 'h5'.
INFO:src.evaluator.experiments.runner:Preparing run: repo=poc1-fastapi-spec model=openai_gpt5_mini prompt=default repetition=run8
INFO:src.evaluator.core.evaluator:Starting evaluation for https://github.com/run-rasztabiga-me/poc1-fastapi-spec.git (ID: 19cca87c-cc78-43bc-8620-336f2a2853ed)
INFO:src.evaluator.core.integration:Starting real generation for https://github.com/run-rasztabiga-me/poc1-fastapi-spec.git
INFO:src.generator.core.generator:Starting configuration generation for repository: https://github.com/run-rasztabiga-me/poc1-fastapi-spec.git
INFO:src.generator.core.generator:Run ID: cbf3e482-465c-4899-ba0f-3843813ca226, Workspace: tmp/poc1-fastapi-spec-cbf3e482-465c-4899-ba0f-3843813ca226
INFO:src.generator.agents.config_agent:Starting configuration generation for: https://github.com/run-rasztabiga-me/poc1-fastapi-spec.git
INFO:src.generator.agents.config_agent:Using prompt version: default
INFO:src.generator.tools.repository_tools:🔧 Tool called: clone_repo(repo_url=https://github.com/run-rasztabiga-me/poc1-fastapi-spec.git)
INFO:src.generator.core.workspace:Cloning https://github.com/run-rasztabiga-me/poc1-fastapi-spec.git to /Users/rasztabigab/Studia/run/tmp/poc1-fastapi-spec-cbf3e482-465c-4899-ba0f-3843813ca226
INFO:src.generator.tools.repository_tools:🔧 Tool called: prepare_repo_tree()
INFO:src.generator.tools.repository_tools:🔧 Tool called: ls(dir_path=)
INFO:src.generator.tools.repository_tools:🔧 Tool called: get_file_content(file_path=app/main.py)
INFO:src.generator.tools.repository_tools:🔧 Tool called: get_file_content(file_path=requirements.txt)
INFO:src.generator.tools.repository_tools:🔧 Tool called: get_file_content(file_path=spec.md)
INFO:src.generator.tools.repository_tools:🔧 Tool called: write_file(file_path=Dockerfile, content_length=538)
INFO:src.generator.tools.repository_tools:🔧 Tool called: write_file(file_path=k8s/deployment.yaml, content_length=920)
INFO:src.generator.tools.repository_tools:🔧 Tool called: write_file(file_path=k8s/service.yaml, content_length=197)
INFO:src.generator.tools.repository_tools:🔧 Tool called: write_file(file_path=k8s/ingress.yaml, content_length=450)
INFO:src.generator.tools.repository_tools:🔧 Tool called: write_file(file_path=k8s/namespace.yaml, content_length=67)
INFO:src.generator.tools.repository_tools:🔧 Tool called: find_files(pattern=Dockerfile, max_results=50)
INFO:src.generator.tools.repository_tools:🔧 Tool called: search_files(pattern=@app.get, file_pattern=*.py, case_sensitive=False)
INFO:src.generator.tools.repository_tools:🧠 Agent reflection (1298 chars)
INFO:src.evaluator.core.integration:Fetching metrics from LangSmith for run_id: cbf3e482-465c-4899-ba0f-3843813ca226
INFO:src.evaluator.metrics.langsmith_collector:Run cbf3e482-465c-4899-ba0f-3843813ca226 is still pending, retrying in 5 seconds... (attempt 1/5)
INFO:src.evaluator.metrics.langsmith_collector:Fetched metrics from LangSmith: 14 tool calls, 55927 tokens
INFO:src.evaluator.core.integration:Using structured output from ConfigurationOutput
INFO:src.evaluator.core.integration:Generated 1 Dockerfiles and 4 K8s manifests
INFO:src.evaluator.validators.config_validator:Building Docker image: poc1-fastapi-spec from Dockerfile
INFO:src.evaluator.validators.config_validator:Full image name with run-scoped tag: 192.168.1.39:32000/poc1-fastapi-spec-poc1-fastapi-spec:cbf3e482-465c-4899-ba0f-3843813ca226
INFO:src.evaluator.validators.config_validator:Building Docker image 192.168.1.39:32000/poc1-fastapi-spec-poc1-fastapi-spec:cbf3e482-465c-4899-ba0f-3843813ca226 with buildx
INFO:src.evaluator.validators.config_validator:Build completed successfully for 192.168.1.39:32000/poc1-fastapi-spec-poc1-fastapi-spec:cbf3e482-465c-4899-ba0f-3843813ca226
INFO:src.evaluator.validators.config_validator:Successfully pushed image to registry: 192.168.1.39:32000/poc1-fastapi-spec-poc1-fastapi-spec:cbf3e482-465c-4899-ba0f-3843813ca226
INFO:src.evaluator.validators.config_validator:Verifying image in registry: 192.168.1.39:32000/poc1-fastapi-spec-poc1-fastapi-spec:cbf3e482-465c-4899-ba0f-3843813ca226
INFO:src.evaluator.validators.config_validator:Successfully verified image in registry: 192.168.1.39:32000/poc1-fastapi-spec-poc1-fastapi-spec:cbf3e482-465c-4899-ba0f-3843813ca226
INFO:src.evaluator.validators.config_validator:Image metrics: 164.29 MB, 9 layers, built in 29.5s
INFO:src.evaluator.core.evaluator:Evaluation completed for https://github.com/run-rasztabiga-me/poc1-fastapi-spec.git
INFO:src.evaluator.reports.reporter:Report saved to evaluation_reports/experiments/h5/20260318_223200/openai_gpt5_mini/default/poc1-fastapi-spec/h5__gpt-5-mini__default__poc1-fastapi-spec__run8_20260318_234609_19cca87c.json
INFO:src.evaluator.experiments.runner:Completed h5 | repo=poc1-fastapi-spec model=openai_gpt5_mini prompt=default repetition=run8 -> evaluation_reports/experiments/h5/20260318_223200/openai_gpt5_mini/default/poc1-fastapi-spec/h5__gpt-5-mini__default__poc1-fastapi-spec__run8_20260318_234609_19cca87c.json
INFO:src.evaluator.experiments.runner:Running cleanup after run: experiment=h5 repo=poc1-fastapi-spec model=openai_gpt5_mini prompt=default repetition=run8
INFO:src.tools.cluster_cleanup:Skipping protected namespace: container-registry
INFO:src.tools.cluster_cleanup:Skipping protected namespace: default
INFO:src.tools.cluster_cleanup:Skipping protected namespace: ingress
INFO:src.tools.cluster_cleanup:Skipping protected namespace: kube-node-lease
INFO:src.tools.cluster_cleanup:Skipping protected namespace: kube-public
INFO:src.tools.cluster_cleanup:Skipping protected namespace: kube-system
INFO:src.tools.cluster_cleanup:No /etc/hosts entries required cleanup.
INFO:src.tools.cluster_cleanup:Running Docker system prune to remove unused resources (preserving base images)...
INFO:src.tools.cluster_cleanup:Docker system prune completed successfully.
INFO:src.evaluator.experiments.runner:Cluster cleanup completed successfully for 'h5'.
INFO:src.evaluator.experiments.runner:Preparing run: repo=poc1-fastapi-spec model=openai_gpt5_mini prompt=default repetition=run9
INFO:src.evaluator.core.evaluator:Starting evaluation for https://github.com/run-rasztabiga-me/poc1-fastapi-spec.git (ID: 9b071b0d-dba3-4b31-848f-2de7f9f55cf8)
INFO:src.evaluator.core.integration:Starting real generation for https://github.com/run-rasztabiga-me/poc1-fastapi-spec.git
INFO:src.generator.core.generator:Starting configuration generation for repository: https://github.com/run-rasztabiga-me/poc1-fastapi-spec.git
INFO:src.generator.core.generator:Run ID: ca983f75-cfc5-4071-9e9b-44c8ff6c322d, Workspace: tmp/poc1-fastapi-spec-ca983f75-cfc5-4071-9e9b-44c8ff6c322d
INFO:src.generator.agents.config_agent:Starting configuration generation for: https://github.com/run-rasztabiga-me/poc1-fastapi-spec.git
INFO:src.generator.agents.config_agent:Using prompt version: default
INFO:src.generator.tools.repository_tools:🔧 Tool called: clone_repo(repo_url=https://github.com/run-rasztabiga-me/poc1-fastapi-spec.git)
INFO:src.generator.core.workspace:Cloning https://github.com/run-rasztabiga-me/poc1-fastapi-spec.git to /Users/rasztabigab/Studia/run/tmp/poc1-fastapi-spec-ca983f75-cfc5-4071-9e9b-44c8ff6c322d
INFO:src.generator.tools.repository_tools:🔧 Tool called: prepare_repo_tree()
INFO:src.generator.tools.repository_tools:🔧 Tool called: ls(dir_path=)
INFO:src.generator.tools.repository_tools:🔧 Tool called: get_file_content(file_path=app/main.py)
INFO:src.generator.tools.repository_tools:🔧 Tool called: get_file_content(file_path=requirements.txt)
INFO:src.generator.tools.repository_tools:🔧 Tool called: get_file_content(file_path=spec.md)
INFO:src.generator.tools.repository_tools:🔧 Tool called: write_file(file_path=Dockerfile, content_length=408)
INFO:src.generator.tools.repository_tools:🔧 Tool called: write_file(file_path=k8s/deployment.yaml, content_length=932)
INFO:src.generator.tools.repository_tools:🔧 Tool called: write_file(file_path=k8s/service.yaml, content_length=197)
INFO:src.generator.tools.repository_tools:🔧 Tool called: write_file(file_path=k8s/ingress.yaml, content_length=417)
INFO:src.generator.tools.repository_tools:🔧 Tool called: find_files(pattern=*, max_results=50)
INFO:src.generator.tools.repository_tools:🧠 Agent reflection (1535 chars)
INFO:src.evaluator.core.integration:Fetching metrics from LangSmith for run_id: ca983f75-cfc5-4071-9e9b-44c8ff6c322d
INFO:src.evaluator.metrics.langsmith_collector:Run ca983f75-cfc5-4071-9e9b-44c8ff6c322d is still pending, retrying in 5 seconds... (attempt 1/5)
INFO:src.evaluator.metrics.langsmith_collector:Fetched metrics from LangSmith: 12 tool calls, 46994 tokens
INFO:src.evaluator.core.integration:Using structured output from ConfigurationOutput
INFO:src.evaluator.core.integration:Generated 1 Dockerfiles and 3 K8s manifests
INFO:src.evaluator.validators.config_validator:Building Docker image: poc1-fastapi-spec from Dockerfile
INFO:src.evaluator.validators.config_validator:Full image name with run-scoped tag: 192.168.1.39:32000/poc1-fastapi-spec-poc1-fastapi-spec:ca983f75-cfc5-4071-9e9b-44c8ff6c322d
INFO:src.evaluator.validators.config_validator:Building Docker image 192.168.1.39:32000/poc1-fastapi-spec-poc1-fastapi-spec:ca983f75-cfc5-4071-9e9b-44c8ff6c322d with buildx
INFO:src.evaluator.validators.config_validator:Build completed successfully for 192.168.1.39:32000/poc1-fastapi-spec-poc1-fastapi-spec:ca983f75-cfc5-4071-9e9b-44c8ff6c322d
INFO:src.evaluator.validators.config_validator:Successfully pushed image to registry: 192.168.1.39:32000/poc1-fastapi-spec-poc1-fastapi-spec:ca983f75-cfc5-4071-9e9b-44c8ff6c322d
INFO:src.evaluator.validators.config_validator:Verifying image in registry: 192.168.1.39:32000/poc1-fastapi-spec-poc1-fastapi-spec:ca983f75-cfc5-4071-9e9b-44c8ff6c322d
INFO:src.evaluator.validators.config_validator:Successfully verified image in registry: 192.168.1.39:32000/poc1-fastapi-spec-poc1-fastapi-spec:ca983f75-cfc5-4071-9e9b-44c8ff6c322d
INFO:src.evaluator.validators.config_validator:Image metrics: 64.83 MB, 8 layers, built in 12.9s
INFO:src.evaluator.core.evaluator:Evaluation completed for https://github.com/run-rasztabiga-me/poc1-fastapi-spec.git
INFO:src.evaluator.reports.reporter:Report saved to evaluation_reports/experiments/h5/20260318_223200/openai_gpt5_mini/default/poc1-fastapi-spec/h5__gpt-5-mini__default__poc1-fastapi-spec__run9_20260318_234723_9b071b0d.json
INFO:src.evaluator.experiments.runner:Completed h5 | repo=poc1-fastapi-spec model=openai_gpt5_mini prompt=default repetition=run9 -> evaluation_reports/experiments/h5/20260318_223200/openai_gpt5_mini/default/poc1-fastapi-spec/h5__gpt-5-mini__default__poc1-fastapi-spec__run9_20260318_234723_9b071b0d.json
INFO:src.evaluator.experiments.runner:Running cleanup after run: experiment=h5 repo=poc1-fastapi-spec model=openai_gpt5_mini prompt=default repetition=run9
INFO:src.tools.cluster_cleanup:Skipping protected namespace: container-registry
INFO:src.tools.cluster_cleanup:Skipping protected namespace: default
INFO:src.tools.cluster_cleanup:Skipping protected namespace: ingress
INFO:src.tools.cluster_cleanup:Skipping protected namespace: kube-node-lease
INFO:src.tools.cluster_cleanup:Skipping protected namespace: kube-public
INFO:src.tools.cluster_cleanup:Skipping protected namespace: kube-system
INFO:src.tools.cluster_cleanup:No /etc/hosts entries required cleanup.
INFO:src.tools.cluster_cleanup:Running Docker system prune to remove unused resources (preserving base images)...
INFO:src.tools.cluster_cleanup:Docker system prune completed successfully.
INFO:src.evaluator.experiments.runner:Cluster cleanup completed successfully for 'h5'.
INFO:src.evaluator.experiments.runner:Preparing run: repo=poc1-fastapi-spec model=openai_gpt5_mini prompt=default repetition=run10
INFO:src.evaluator.core.evaluator:Starting evaluation for https://github.com/run-rasztabiga-me/poc1-fastapi-spec.git (ID: fe98d76c-912f-401a-ae34-dba70b91d8d9)
INFO:src.evaluator.core.integration:Starting real generation for https://github.com/run-rasztabiga-me/poc1-fastapi-spec.git
INFO:src.generator.core.generator:Starting configuration generation for repository: https://github.com/run-rasztabiga-me/poc1-fastapi-spec.git
INFO:src.generator.core.generator:Run ID: a72db0c3-c4d6-4568-9628-f97efcc6b9b5, Workspace: tmp/poc1-fastapi-spec-a72db0c3-c4d6-4568-9628-f97efcc6b9b5
INFO:src.generator.agents.config_agent:Starting configuration generation for: https://github.com/run-rasztabiga-me/poc1-fastapi-spec.git
INFO:src.generator.agents.config_agent:Using prompt version: default
INFO:src.generator.tools.repository_tools:🔧 Tool called: clone_repo(repo_url=https://github.com/run-rasztabiga-me/poc1-fastapi-spec.git)
INFO:src.generator.core.workspace:Cloning https://github.com/run-rasztabiga-me/poc1-fastapi-spec.git to /Users/rasztabigab/Studia/run/tmp/poc1-fastapi-spec-a72db0c3-c4d6-4568-9628-f97efcc6b9b5
INFO:src.generator.tools.repository_tools:🔧 Tool called: prepare_repo_tree()
INFO:src.generator.tools.repository_tools:🔧 Tool called: ls(dir_path=)
INFO:src.generator.tools.repository_tools:🔧 Tool called: ls(dir_path=app)
INFO:src.generator.tools.repository_tools:🔧 Tool called: get_file_content(file_path=app/main.py)
INFO:src.generator.tools.repository_tools:🔧 Tool called: get_file_content(file_path=requirements.txt)
INFO:src.generator.tools.repository_tools:🔧 Tool called: get_file_content(file_path=spec.md)
INFO:src.generator.tools.repository_tools:🔧 Tool called: write_file(file_path=Dockerfile, content_length=319)
INFO:src.generator.tools.repository_tools:🔧 Tool called: write_file(file_path=k8s/deployment.yaml, content_length=933)
INFO:src.generator.tools.repository_tools:🔧 Tool called: write_file(file_path=k8s/service.yaml, content_length=197)
INFO:src.generator.tools.repository_tools:🔧 Tool called: write_file(file_path=k8s/ingress.yaml, content_length=428)
INFO:src.generator.tools.repository_tools:🧠 Agent reflection (960 chars)
INFO:src.evaluator.core.integration:Fetching metrics from LangSmith for run_id: a72db0c3-c4d6-4568-9628-f97efcc6b9b5
INFO:src.evaluator.metrics.langsmith_collector:Run a72db0c3-c4d6-4568-9628-f97efcc6b9b5 is still pending, retrying in 5 seconds... (attempt 1/5)
INFO:src.evaluator.metrics.langsmith_collector:Fetched metrics from LangSmith: 12 tool calls, 45479 tokens
INFO:src.evaluator.core.integration:Using structured output from ConfigurationOutput
INFO:src.evaluator.core.integration:Generated 1 Dockerfiles and 3 K8s manifests
INFO:src.evaluator.validators.config_validator:Building Docker image: poc1-fastapi-spec from Dockerfile
INFO:src.evaluator.validators.config_validator:Full image name with run-scoped tag: 192.168.1.39:32000/poc1-fastapi-spec-poc1-fastapi-spec:a72db0c3-c4d6-4568-9628-f97efcc6b9b5
INFO:src.evaluator.validators.config_validator:Building Docker image 192.168.1.39:32000/poc1-fastapi-spec-poc1-fastapi-spec:a72db0c3-c4d6-4568-9628-f97efcc6b9b5 with buildx
INFO:src.evaluator.validators.config_validator:Build completed successfully for 192.168.1.39:32000/poc1-fastapi-spec-poc1-fastapi-spec:a72db0c3-c4d6-4568-9628-f97efcc6b9b5
INFO:src.evaluator.validators.config_validator:Successfully pushed image to registry: 192.168.1.39:32000/poc1-fastapi-spec-poc1-fastapi-spec:a72db0c3-c4d6-4568-9628-f97efcc6b9b5
INFO:src.evaluator.validators.config_validator:Verifying image in registry: 192.168.1.39:32000/poc1-fastapi-spec-poc1-fastapi-spec:a72db0c3-c4d6-4568-9628-f97efcc6b9b5
INFO:src.evaluator.validators.config_validator:Successfully verified image in registry: 192.168.1.39:32000/poc1-fastapi-spec-poc1-fastapi-spec:a72db0c3-c4d6-4568-9628-f97efcc6b9b5
INFO:src.evaluator.validators.config_validator:Image metrics: 63.17 MB, 8 layers, built in 10.8s
INFO:src.evaluator.core.evaluator:Evaluation completed for https://github.com/run-rasztabiga-me/poc1-fastapi-spec.git
INFO:src.evaluator.reports.reporter:Report saved to evaluation_reports/experiments/h5/20260318_223200/openai_gpt5_mini/default/poc1-fastapi-spec/h5__gpt-5-mini__default__poc1-fastapi-spec__run10_20260318_234853_fe98d76c.json
INFO:src.evaluator.experiments.runner:Completed h5 | repo=poc1-fastapi-spec model=openai_gpt5_mini prompt=default repetition=run10 -> evaluation_reports/experiments/h5/20260318_223200/openai_gpt5_mini/default/poc1-fastapi-spec/h5__gpt-5-mini__default__poc1-fastapi-spec__run10_20260318_234853_fe98d76c.json
INFO:src.evaluator.experiments.runner:Running cleanup after run: experiment=h5 repo=poc1-fastapi-spec model=openai_gpt5_mini prompt=default repetition=run10
INFO:src.tools.cluster_cleanup:Skipping protected namespace: container-registry
INFO:src.tools.cluster_cleanup:Skipping protected namespace: default
INFO:src.tools.cluster_cleanup:Skipping protected namespace: ingress
INFO:src.tools.cluster_cleanup:Skipping protected namespace: kube-node-lease
INFO:src.tools.cluster_cleanup:Skipping protected namespace: kube-public
INFO:src.tools.cluster_cleanup:Skipping protected namespace: kube-system
INFO:src.tools.cluster_cleanup:No /etc/hosts entries required cleanup.
INFO:src.tools.cluster_cleanup:Running Docker system prune to remove unused resources (preserving base images)...
INFO:src.tools.cluster_cleanup:Docker system prune completed successfully.
INFO:src.evaluator.experiments.runner:Cluster cleanup completed successfully for 'h5'.
INFO:src.evaluator.experiments.runner:Preparing run: repo=poc1-fastapi-spec model=deepseek_v3_2 prompt=default repetition=run1
INFO:src.evaluator.core.evaluator:Starting evaluation for https://github.com/run-rasztabiga-me/poc1-fastapi-spec.git (ID: cd930067-7f51-4a2a-85d7-f8159b959633)
INFO:src.evaluator.core.integration:Starting real generation for https://github.com/run-rasztabiga-me/poc1-fastapi-spec.git
INFO:src.generator.core.generator:Starting configuration generation for repository: https://github.com/run-rasztabiga-me/poc1-fastapi-spec.git
INFO:src.generator.core.generator:Run ID: 9f99349d-05b3-4ca8-8b52-2d6fe3787728, Workspace: tmp/poc1-fastapi-spec-9f99349d-05b3-4ca8-8b52-2d6fe3787728
INFO:src.generator.agents.config_agent:Starting configuration generation for: https://github.com/run-rasztabiga-me/poc1-fastapi-spec.git
INFO:src.generator.agents.config_agent:Using prompt version: default
INFO:src.generator.tools.repository_tools:🔧 Tool called: clone_repo(repo_url=https://github.com/run-rasztabiga-me/poc1-fastapi-spec.git)
INFO:src.generator.core.workspace:Cloning https://github.com/run-rasztabiga-me/poc1-fastapi-spec.git to /Users/rasztabigab/Studia/run/tmp/poc1-fastapi-spec-9f99349d-05b3-4ca8-8b52-2d6fe3787728
INFO:src.generator.tools.repository_tools:🔧 Tool called: prepare_repo_tree()
INFO:src.generator.tools.repository_tools:🧠 Agent reflection (352 chars)
INFO:src.generator.tools.repository_tools:🔧 Tool called: get_file_content(file_path=requirements.txt)
INFO:src.generator.tools.repository_tools:🔧 Tool called: get_file_content(file_path=app/main.py)
INFO:src.generator.tools.repository_tools:🔧 Tool called: get_file_content(file_path=spec.md)
INFO:src.generator.tools.repository_tools:🔧 Tool called: search_files(pattern=database|postgres|mysql|redis|mongodb|sqlite|connection|DATABASE_URL, file_pattern=None, case_sensitive=False)
INFO:src.generator.tools.repository_tools:🔧 Tool called: search_files(pattern=health|Health, file_pattern=None, case_sensitive=False)
INFO:src.generator.tools.repository_tools:🔧 Tool called: ls(dir_path=.)
INFO:src.generator.tools.repository_tools:🧠 Agent reflection (1220 chars)
INFO:src.generator.tools.repository_tools:🔧 Tool called: write_file(file_path=Dockerfile, content_length=489)
INFO:src.generator.tools.repository_tools:🔧 Tool called: write_file(file_path=k8s/deployment.yaml, content_length=1035)
INFO:src.generator.tools.repository_tools:🔧 Tool called: write_file(file_path=k8s/service.yaml, content_length=176)
INFO:src.generator.tools.repository_tools:🔧 Tool called: write_file(file_path=k8s/ingress.yaml, content_length=379)
INFO:src.generator.tools.repository_tools:🧠 Agent reflection (936 chars)
INFO:src.generator.tools.repository_tools:🔧 Tool called: ls(dir_path=k8s)
INFO:src.generator.tools.repository_tools:🔧 Tool called: get_file_content(file_path=k8s/deployment.yaml)
INFO:src.generator.tools.repository_tools:🔧 Tool called: get_file_content(file_path=k8s/service.yaml)
INFO:src.generator.tools.repository_tools:🔧 Tool called: get_file_content(file_path=k8s/ingress.yaml)
INFO:src.generator.tools.repository_tools:🔧 Tool called: get_file_content(file_path=Dockerfile)
INFO:src.generator.tools.repository_tools:🧠 Agent reflection (665 chars)
INFO:src.evaluator.core.integration:Fetching metrics from LangSmith for run_id: 9f99349d-05b3-4ca8-8b52-2d6fe3787728
INFO:src.evaluator.metrics.langsmith_collector:Run 9f99349d-05b3-4ca8-8b52-2d6fe3787728 is still pending, retrying in 5 seconds... (attempt 1/5)
INFO:src.evaluator.metrics.langsmith_collector:Fetched metrics from LangSmith: 21 tool calls, 115414 tokens
INFO:src.evaluator.core.integration:Using structured output from ConfigurationOutput
INFO:src.evaluator.core.integration:Generated 1 Dockerfiles and 3 K8s manifests
INFO:src.evaluator.validators.config_validator:Building Docker image: fastapi-app from Dockerfile
INFO:src.evaluator.validators.config_validator:Full image name with run-scoped tag: 192.168.1.39:32000/poc1-fastapi-spec-fastapi-app:9f99349d-05b3-4ca8-8b52-2d6fe3787728
INFO:src.evaluator.validators.config_validator:Building Docker image 192.168.1.39:32000/poc1-fastapi-spec-fastapi-app:9f99349d-05b3-4ca8-8b52-2d6fe3787728 with buildx
INFO:src.evaluator.validators.config_validator:Build completed successfully for 192.168.1.39:32000/poc1-fastapi-spec-fastapi-app:9f99349d-05b3-4ca8-8b52-2d6fe3787728
INFO:src.evaluator.validators.config_validator:Successfully pushed image to registry: 192.168.1.39:32000/poc1-fastapi-spec-fastapi-app:9f99349d-05b3-4ca8-8b52-2d6fe3787728
INFO:src.evaluator.validators.config_validator:Verifying image in registry: 192.168.1.39:32000/poc1-fastapi-spec-fastapi-app:9f99349d-05b3-4ca8-8b52-2d6fe3787728
INFO:src.evaluator.validators.config_validator:Successfully verified image in registry: 192.168.1.39:32000/poc1-fastapi-spec-fastapi-app:9f99349d-05b3-4ca8-8b52-2d6fe3787728
INFO:src.evaluator.validators.config_validator:Image metrics: 133.18 MB, 9 layers, built in 0.7s
INFO:src.evaluator.core.evaluator:Evaluation completed for https://github.com/run-rasztabiga-me/poc1-fastapi-spec.git
INFO:src.evaluator.reports.reporter:Report saved to evaluation_reports/experiments/h5/20260318_223200/deepseek_v3_2/default/poc1-fastapi-spec/h5__deepseek-chat__default__poc1-fastapi-spec__run1_20260318_235032_cd930067.json
INFO:src.evaluator.experiments.runner:Completed h5 | repo=poc1-fastapi-spec model=deepseek_v3_2 prompt=default repetition=run1 -> evaluation_reports/experiments/h5/20260318_223200/deepseek_v3_2/default/poc1-fastapi-spec/h5__deepseek-chat__default__poc1-fastapi-spec__run1_20260318_235032_cd930067.json
INFO:src.evaluator.experiments.runner:Running cleanup after run: experiment=h5 repo=poc1-fastapi-spec model=deepseek_v3_2 prompt=default repetition=run1
INFO:src.tools.cluster_cleanup:Skipping protected namespace: container-registry
INFO:src.tools.cluster_cleanup:Skipping protected namespace: default
INFO:src.tools.cluster_cleanup:Skipping protected namespace: ingress
INFO:src.tools.cluster_cleanup:Skipping protected namespace: kube-node-lease
INFO:src.tools.cluster_cleanup:Skipping protected namespace: kube-public
INFO:src.tools.cluster_cleanup:Skipping protected namespace: kube-system
INFO:src.tools.cluster_cleanup:No /etc/hosts entries required cleanup.
INFO:src.tools.cluster_cleanup:Running Docker system prune to remove unused resources (preserving base images)...
INFO:src.tools.cluster_cleanup:Docker system prune completed successfully.
INFO:src.evaluator.experiments.runner:Cluster cleanup completed successfully for 'h5'.
INFO:src.evaluator.experiments.runner:Preparing run: repo=poc1-fastapi-spec model=deepseek_v3_2 prompt=default repetition=run2
INFO:src.evaluator.core.evaluator:Starting evaluation for https://github.com/run-rasztabiga-me/poc1-fastapi-spec.git (ID: 9d1b24e8-cb39-446d-8e20-3fc5f1818136)
INFO:src.evaluator.core.integration:Starting real generation for https://github.com/run-rasztabiga-me/poc1-fastapi-spec.git
INFO:src.generator.core.generator:Starting configuration generation for repository: https://github.com/run-rasztabiga-me/poc1-fastapi-spec.git
INFO:src.generator.core.generator:Run ID: 46828810-6f99-4e5e-a5c3-978fa65090ff, Workspace: tmp/poc1-fastapi-spec-46828810-6f99-4e5e-a5c3-978fa65090ff
INFO:src.generator.agents.config_agent:Starting configuration generation for: https://github.com/run-rasztabiga-me/poc1-fastapi-spec.git
INFO:src.generator.agents.config_agent:Using prompt version: default
INFO:src.generator.tools.repository_tools:🔧 Tool called: clone_repo(repo_url=https://github.com/run-rasztabiga-me/poc1-fastapi-spec.git)
INFO:src.generator.core.workspace:Cloning https://github.com/run-rasztabiga-me/poc1-fastapi-spec.git to /Users/rasztabigab/Studia/run/tmp/poc1-fastapi-spec-46828810-6f99-4e5e-a5c3-978fa65090ff
INFO:src.generator.tools.repository_tools:🔧 Tool called: prepare_repo_tree()
INFO:src.generator.tools.repository_tools:🧠 Agent reflection (455 chars)
INFO:src.generator.tools.repository_tools:🔧 Tool called: get_file_content(file_path=requirements.txt)
INFO:src.generator.tools.repository_tools:🔧 Tool called: get_file_content(file_path=app/main.py)
INFO:src.generator.tools.repository_tools:🔧 Tool called: get_file_content(file_path=spec.md)
INFO:src.generator.tools.repository_tools:🔧 Tool called: ls(dir_path=.)
INFO:src.generator.tools.repository_tools:🔧 Tool called: ls(dir_path=app)
INFO:src.generator.tools.repository_tools:🔧 Tool called: search_files(pattern=database|postgres|mysql|redis|mongodb|sqlite|connection|DATABASE_URL, file_pattern=None, case_sensitive=False)
INFO:src.generator.tools.repository_tools:🔧 Tool called: search_files(pattern=env|\.env|environment|config, file_pattern=None, case_sensitive=False)
INFO:src.generator.tools.repository_tools:🔧 Tool called: find_files(pattern=*.env*, max_results=50)
INFO:src.generator.tools.repository_tools:🔧 Tool called: find_files(pattern=*.yaml|*.yml|*.json, max_results=50)
INFO:src.generator.tools.repository_tools:🧠 Agent reflection (1062 chars)
INFO:src.generator.tools.repository_tools:🔧 Tool called: write_file(file_path=Dockerfile, content_length=497)
INFO:src.generator.tools.repository_tools:🔧 Tool called: write_file(file_path=k8s/deployment.yaml, content_length=1062)
INFO:src.generator.tools.repository_tools:🔧 Tool called: write_file(file_path=k8s/service.yaml, content_length=227)
INFO:src.generator.tools.repository_tools:🔧 Tool called: write_file(file_path=k8s/ingress.yaml, content_length=385)
INFO:src.generator.tools.repository_tools:🧠 Agent reflection (153 chars)
INFO:src.generator.tools.repository_tools:🔧 Tool called: ls(dir_path=k8s)
INFO:src.generator.tools.repository_tools:🔧 Tool called: get_file_content(file_path=Dockerfile)
INFO:src.generator.tools.repository_tools:🧠 Agent reflection (1156 chars)
INFO:src.evaluator.core.integration:Fetching metrics from LangSmith for run_id: 46828810-6f99-4e5e-a5c3-978fa65090ff
INFO:src.evaluator.metrics.langsmith_collector:Run 46828810-6f99-4e5e-a5c3-978fa65090ff is still pending, retrying in 5 seconds... (attempt 1/5)
INFO:src.evaluator.metrics.langsmith_collector:Fetched metrics from LangSmith: 21 tool calls, 109247 tokens
INFO:src.evaluator.core.integration:Using structured output from ConfigurationOutput
INFO:src.evaluator.core.integration:Generated 1 Dockerfiles and 3 K8s manifests
INFO:src.evaluator.validators.config_validator:Building Docker image: poc1-fastapi-spec from Dockerfile
INFO:src.evaluator.validators.config_validator:Full image name with run-scoped tag: 192.168.1.39:32000/poc1-fastapi-spec-poc1-fastapi-spec:46828810-6f99-4e5e-a5c3-978fa65090ff
INFO:src.evaluator.validators.config_validator:Building Docker image 192.168.1.39:32000/poc1-fastapi-spec-poc1-fastapi-spec:46828810-6f99-4e5e-a5c3-978fa65090ff with buildx
INFO:src.evaluator.validators.config_validator:Build completed successfully for 192.168.1.39:32000/poc1-fastapi-spec-poc1-fastapi-spec:46828810-6f99-4e5e-a5c3-978fa65090ff
INFO:src.evaluator.validators.config_validator:Successfully pushed image to registry: 192.168.1.39:32000/poc1-fastapi-spec-poc1-fastapi-spec:46828810-6f99-4e5e-a5c3-978fa65090ff
INFO:src.evaluator.validators.config_validator:Verifying image in registry: 192.168.1.39:32000/poc1-fastapi-spec-poc1-fastapi-spec:46828810-6f99-4e5e-a5c3-978fa65090ff
INFO:src.evaluator.validators.config_validator:Successfully verified image in registry: 192.168.1.39:32000/poc1-fastapi-spec-poc1-fastapi-spec:46828810-6f99-4e5e-a5c3-978fa65090ff
INFO:src.evaluator.validators.config_validator:Image metrics: 130.98 MB, 9 layers, built in 23.8s
INFO:src.evaluator.core.evaluator:Evaluation completed for https://github.com/run-rasztabiga-me/poc1-fastapi-spec.git
INFO:src.evaluator.reports.reporter:Report saved to evaluation_reports/experiments/h5/20260318_223200/deepseek_v3_2/default/poc1-fastapi-spec/h5__deepseek-chat__default__poc1-fastapi-spec__run2_20260318_235230_9d1b24e8.json
INFO:src.evaluator.experiments.runner:Completed h5 | repo=poc1-fastapi-spec model=deepseek_v3_2 prompt=default repetition=run2 -> evaluation_reports/experiments/h5/20260318_223200/deepseek_v3_2/default/poc1-fastapi-spec/h5__deepseek-chat__default__poc1-fastapi-spec__run2_20260318_235230_9d1b24e8.json
INFO:src.evaluator.experiments.runner:Running cleanup after run: experiment=h5 repo=poc1-fastapi-spec model=deepseek_v3_2 prompt=default repetition=run2
INFO:src.tools.cluster_cleanup:Skipping protected namespace: container-registry
INFO:src.tools.cluster_cleanup:Skipping protected namespace: default
INFO:src.tools.cluster_cleanup:Skipping protected namespace: ingress
INFO:src.tools.cluster_cleanup:Skipping protected namespace: kube-node-lease
INFO:src.tools.cluster_cleanup:Skipping protected namespace: kube-public
INFO:src.tools.cluster_cleanup:Skipping protected namespace: kube-system
INFO:src.tools.cluster_cleanup:No /etc/hosts entries required cleanup.
INFO:src.tools.cluster_cleanup:Running Docker system prune to remove unused resources (preserving base images)...
INFO:src.tools.cluster_cleanup:Docker system prune completed successfully.
INFO:src.evaluator.experiments.runner:Cluster cleanup completed successfully for 'h5'.
INFO:src.evaluator.experiments.runner:Preparing run: repo=poc1-fastapi-spec model=deepseek_v3_2 prompt=default repetition=run3
INFO:src.evaluator.core.evaluator:Starting evaluation for https://github.com/run-rasztabiga-me/poc1-fastapi-spec.git (ID: 41e9df84-44c5-42f8-a00d-df9524cd6865)
INFO:src.evaluator.core.integration:Starting real generation for https://github.com/run-rasztabiga-me/poc1-fastapi-spec.git
INFO:src.generator.core.generator:Starting configuration generation for repository: https://github.com/run-rasztabiga-me/poc1-fastapi-spec.git
INFO:src.generator.core.generator:Run ID: 6d687c82-dbd1-439f-97cf-af240fadbaf4, Workspace: tmp/poc1-fastapi-spec-6d687c82-dbd1-439f-97cf-af240fadbaf4
INFO:src.generator.agents.config_agent:Starting configuration generation for: https://github.com/run-rasztabiga-me/poc1-fastapi-spec.git
INFO:src.generator.agents.config_agent:Using prompt version: default
INFO:src.generator.tools.repository_tools:🔧 Tool called: clone_repo(repo_url=https://github.com/run-rasztabiga-me/poc1-fastapi-spec.git)
INFO:src.generator.core.workspace:Cloning https://github.com/run-rasztabiga-me/poc1-fastapi-spec.git to /Users/rasztabigab/Studia/run/tmp/poc1-fastapi-spec-6d687c82-dbd1-439f-97cf-af240fadbaf4
INFO:src.generator.tools.repository_tools:🔧 Tool called: prepare_repo_tree()
INFO:src.generator.tools.repository_tools:🔧 Tool called: ls(dir_path=.)
INFO:src.generator.tools.repository_tools:🔧 Tool called: get_file_content(file_path=requirements.txt)
INFO:src.generator.tools.repository_tools:🔧 Tool called: get_file_content(file_path=app/main.py)
INFO:src.generator.tools.repository_tools:🔧 Tool called: get_file_content(file_path=spec.md)
INFO:src.generator.tools.repository_tools:🔧 Tool called: search_files(pattern=database|postgres|mysql|redis|mongodb|rabbitmq|kafka, file_pattern=None, case_sensitive=False)
INFO:src.generator.tools.repository_tools:🔧 Tool called: search_files(pattern=env|\.env|environment|config, file_pattern=None, case_sensitive=False)
INFO:src.generator.tools.repository_tools:🔧 Tool called: find_files(pattern=*.env*, max_results=50)
INFO:src.generator.tools.repository_tools:🔧 Tool called: find_files(pattern=*.json, max_results=50)
INFO:src.generator.tools.repository_tools:🔧 Tool called: find_files(pattern=*.yaml, max_results=50)
INFO:src.generator.tools.repository_tools:🧠 Agent reflection (1378 chars)
INFO:src.generator.tools.repository_tools:🔧 Tool called: ls(dir_path=app)
INFO:src.generator.tools.repository_tools:🔧 Tool called: search_files(pattern=port|PORT, file_pattern=None, case_sensitive=False)
INFO:src.generator.tools.repository_tools:🧠 Agent reflection (800 chars)
INFO:src.generator.tools.repository_tools:🔧 Tool called: write_file(file_path=Dockerfile, content_length=487)
INFO:src.generator.tools.repository_tools:🔧 Tool called: write_file(file_path=k8s/deployment.yaml, content_length=1065)
INFO:src.generator.tools.repository_tools:🔧 Tool called: write_file(file_path=k8s/service.yaml, content_length=242)
INFO:src.generator.tools.repository_tools:🔧 Tool called: write_file(file_path=k8s/ingress.yaml, content_length=385)
INFO:src.generator.tools.repository_tools:🧠 Agent reflection (863 chars)
INFO:src.generator.tools.repository_tools:🔧 Tool called: ls(dir_path=k8s)
INFO:src.generator.tools.repository_tools:🧠 Agent reflection (1001 chars)
INFO:src.evaluator.core.integration:Fetching metrics from LangSmith for run_id: 6d687c82-dbd1-439f-97cf-af240fadbaf4
INFO:src.evaluator.metrics.langsmith_collector:Run 6d687c82-dbd1-439f-97cf-af240fadbaf4 is still pending, retrying in 5 seconds... (attempt 1/5)
INFO:src.evaluator.metrics.langsmith_collector:Fetched metrics from LangSmith: 22 tool calls, 118072 tokens
INFO:src.evaluator.core.integration:Using structured output from ConfigurationOutput
INFO:src.evaluator.core.integration:Generated 1 Dockerfiles and 3 K8s manifests
INFO:src.evaluator.validators.config_validator:Building Docker image: poc1-fastapi-spec from Dockerfile
INFO:src.evaluator.validators.config_validator:Full image name with run-scoped tag: 192.168.1.39:32000/poc1-fastapi-spec-poc1-fastapi-spec:6d687c82-dbd1-439f-97cf-af240fadbaf4
INFO:src.evaluator.validators.config_validator:Building Docker image 192.168.1.39:32000/poc1-fastapi-spec-poc1-fastapi-spec:6d687c82-dbd1-439f-97cf-af240fadbaf4 with buildx
INFO:src.evaluator.validators.config_validator:Build completed successfully for 192.168.1.39:32000/poc1-fastapi-spec-poc1-fastapi-spec:6d687c82-dbd1-439f-97cf-af240fadbaf4
INFO:src.evaluator.validators.config_validator:Successfully pushed image to registry: 192.168.1.39:32000/poc1-fastapi-spec-poc1-fastapi-spec:6d687c82-dbd1-439f-97cf-af240fadbaf4
INFO:src.evaluator.validators.config_validator:Verifying image in registry: 192.168.1.39:32000/poc1-fastapi-spec-poc1-fastapi-spec:6d687c82-dbd1-439f-97cf-af240fadbaf4
INFO:src.evaluator.validators.config_validator:Successfully verified image in registry: 192.168.1.39:32000/poc1-fastapi-spec-poc1-fastapi-spec:6d687c82-dbd1-439f-97cf-af240fadbaf4
INFO:src.evaluator.validators.config_validator:Image metrics: 133.18 MB, 9 layers, built in 0.8s
INFO:src.evaluator.core.evaluator:Evaluation completed for https://github.com/run-rasztabiga-me/poc1-fastapi-spec.git
INFO:src.evaluator.reports.reporter:Report saved to evaluation_reports/experiments/h5/20260318_223200/deepseek_v3_2/default/poc1-fastapi-spec/h5__deepseek-chat__default__poc1-fastapi-spec__run3_20260318_235413_41e9df84.json
INFO:src.evaluator.experiments.runner:Completed h5 | repo=poc1-fastapi-spec model=deepseek_v3_2 prompt=default repetition=run3 -> evaluation_reports/experiments/h5/20260318_223200/deepseek_v3_2/default/poc1-fastapi-spec/h5__deepseek-chat__default__poc1-fastapi-spec__run3_20260318_235413_41e9df84.json
INFO:src.evaluator.experiments.runner:Running cleanup after run: experiment=h5 repo=poc1-fastapi-spec model=deepseek_v3_2 prompt=default repetition=run3
INFO:src.tools.cluster_cleanup:Skipping protected namespace: container-registry
INFO:src.tools.cluster_cleanup:Skipping protected namespace: default
INFO:src.tools.cluster_cleanup:Skipping protected namespace: ingress
INFO:src.tools.cluster_cleanup:Skipping protected namespace: kube-node-lease
INFO:src.tools.cluster_cleanup:Skipping protected namespace: kube-public
INFO:src.tools.cluster_cleanup:Skipping protected namespace: kube-system
INFO:src.tools.cluster_cleanup:No /etc/hosts entries required cleanup.
INFO:src.tools.cluster_cleanup:Running Docker system prune to remove unused resources (preserving base images)...
INFO:src.tools.cluster_cleanup:Docker system prune completed successfully.
INFO:src.evaluator.experiments.runner:Cluster cleanup completed successfully for 'h5'.
INFO:src.evaluator.experiments.runner:Preparing run: repo=poc1-fastapi-spec model=deepseek_v3_2 prompt=default repetition=run4
INFO:src.evaluator.core.evaluator:Starting evaluation for https://github.com/run-rasztabiga-me/poc1-fastapi-spec.git (ID: bfe8ed3d-c50d-43f9-92e6-533bd4f2770e)
INFO:src.evaluator.core.integration:Starting real generation for https://github.com/run-rasztabiga-me/poc1-fastapi-spec.git
INFO:src.generator.core.generator:Starting configuration generation for repository: https://github.com/run-rasztabiga-me/poc1-fastapi-spec.git
INFO:src.generator.core.generator:Run ID: 1bf9241e-cbfc-4026-9a9e-ee9095c30b52, Workspace: tmp/poc1-fastapi-spec-1bf9241e-cbfc-4026-9a9e-ee9095c30b52
INFO:src.generator.agents.config_agent:Starting configuration generation for: https://github.com/run-rasztabiga-me/poc1-fastapi-spec.git
INFO:src.generator.agents.config_agent:Using prompt version: default
INFO:src.generator.tools.repository_tools:🔧 Tool called: clone_repo(repo_url=https://github.com/run-rasztabiga-me/poc1-fastapi-spec.git)
INFO:src.generator.core.workspace:Cloning https://github.com/run-rasztabiga-me/poc1-fastapi-spec.git to /Users/rasztabigab/Studia/run/tmp/poc1-fastapi-spec-1bf9241e-cbfc-4026-9a9e-ee9095c30b52
INFO:src.generator.tools.repository_tools:🔧 Tool called: prepare_repo_tree()
INFO:src.generator.tools.repository_tools:🔧 Tool called: ls(dir_path=.)
INFO:src.generator.tools.repository_tools:🔧 Tool called: get_file_content(file_path=spec.md)
INFO:src.generator.tools.repository_tools:🔧 Tool called: get_file_content(file_path=requirements.txt)
INFO:src.generator.tools.repository_tools:🔧 Tool called: get_file_content(file_path=app/main.py)
INFO:src.generator.tools.repository_tools:🔧 Tool called: ls(dir_path=app)
INFO:src.generator.tools.repository_tools:🔧 Tool called: search_files(pattern=database|postgres|mysql|redis|mongodb|sqlite, file_pattern=None, case_sensitive=False)
INFO:src.generator.tools.repository_tools:🔧 Tool called: search_files(pattern=PORT|port|Port, file_pattern=None, case_sensitive=False)
INFO:src.generator.tools.repository_tools:🔧 Tool called: search_files(pattern=health|Health|HEALTH, file_pattern=None, case_sensitive=False)
INFO:src.generator.tools.repository_tools:🧠 Agent reflection (1233 chars)
INFO:src.generator.tools.repository_tools:🔧 Tool called: find_files(pattern=*.env*|.env*|config*|settings*, max_results=50)
INFO:src.generator.tools.repository_tools:🔧 Tool called: search_files(pattern=uvicorn|gunicorn, file_pattern=None, case_sensitive=False)
INFO:src.generator.tools.repository_tools:🧠 Agent reflection (753 chars)
INFO:src.generator.tools.repository_tools:🔧 Tool called: write_file(file_path=Dockerfile, content_length=508)
INFO:src.generator.tools.repository_tools:🔧 Tool called: write_file(file_path=k8s/deployment.yaml, content_length=1065)
INFO:src.generator.tools.repository_tools:🔧 Tool called: write_file(file_path=k8s/service.yaml, content_length=227)
INFO:src.generator.tools.repository_tools:🔧 Tool called: write_file(file_path=k8s/ingress.yaml, content_length=385)
INFO:src.generator.tools.repository_tools:🧠 Agent reflection (569 chars)
INFO:src.generator.tools.repository_tools:🔧 Tool called: ls(dir_path=k8s)
INFO:src.generator.tools.repository_tools:🧠 Agent reflection (591 chars)
INFO:src.generator.tools.repository_tools:🔧 Tool called: get_file_content(file_path=Dockerfile)
INFO:src.generator.tools.repository_tools:🔧 Tool called: get_file_content(file_path=k8s/deployment.yaml)
INFO:src.generator.tools.repository_tools:🧠 Agent reflection (565 chars)
INFO:src.evaluator.core.integration:Fetching metrics from LangSmith for run_id: 1bf9241e-cbfc-4026-9a9e-ee9095c30b52
INFO:src.evaluator.metrics.langsmith_collector:Run 1bf9241e-cbfc-4026-9a9e-ee9095c30b52 is still pending, retrying in 5 seconds... (attempt 1/5)
INFO:src.evaluator.metrics.langsmith_collector:Fetched metrics from LangSmith: 24 tool calls, 136404 tokens
INFO:src.evaluator.core.integration:Using structured output from ConfigurationOutput
INFO:src.evaluator.core.integration:Generated 1 Dockerfiles and 3 K8s manifests
INFO:src.evaluator.validators.config_validator:Building Docker image: poc1-fastapi-spec from Dockerfile
INFO:src.evaluator.validators.config_validator:Full image name with run-scoped tag: 192.168.1.39:32000/poc1-fastapi-spec-poc1-fastapi-spec:1bf9241e-cbfc-4026-9a9e-ee9095c30b52
INFO:src.evaluator.validators.config_validator:Building Docker image 192.168.1.39:32000/poc1-fastapi-spec-poc1-fastapi-spec:1bf9241e-cbfc-4026-9a9e-ee9095c30b52 with buildx
INFO:src.evaluator.validators.config_validator:Build completed successfully for 192.168.1.39:32000/poc1-fastapi-spec-poc1-fastapi-spec:1bf9241e-cbfc-4026-9a9e-ee9095c30b52
INFO:src.evaluator.validators.config_validator:Successfully pushed image to registry: 192.168.1.39:32000/poc1-fastapi-spec-poc1-fastapi-spec:1bf9241e-cbfc-4026-9a9e-ee9095c30b52
INFO:src.evaluator.validators.config_validator:Verifying image in registry: 192.168.1.39:32000/poc1-fastapi-spec-poc1-fastapi-spec:1bf9241e-cbfc-4026-9a9e-ee9095c30b52
INFO:src.evaluator.validators.config_validator:Successfully verified image in registry: 192.168.1.39:32000/poc1-fastapi-spec-poc1-fastapi-spec:1bf9241e-cbfc-4026-9a9e-ee9095c30b52
INFO:src.evaluator.validators.config_validator:Image metrics: 133.18 MB, 9 layers, built in 0.8s
INFO:src.evaluator.core.evaluator:Evaluation completed for https://github.com/run-rasztabiga-me/poc1-fastapi-spec.git
INFO:src.evaluator.reports.reporter:Report saved to evaluation_reports/experiments/h5/20260318_223200/deepseek_v3_2/default/poc1-fastapi-spec/h5__deepseek-chat__default__poc1-fastapi-spec__run4_20260318_235605_bfe8ed3d.json
INFO:src.evaluator.experiments.runner:Completed h5 | repo=poc1-fastapi-spec model=deepseek_v3_2 prompt=default repetition=run4 -> evaluation_reports/experiments/h5/20260318_223200/deepseek_v3_2/default/poc1-fastapi-spec/h5__deepseek-chat__default__poc1-fastapi-spec__run4_20260318_235605_bfe8ed3d.json
INFO:src.evaluator.experiments.runner:Running cleanup after run: experiment=h5 repo=poc1-fastapi-spec model=deepseek_v3_2 prompt=default repetition=run4
INFO:src.tools.cluster_cleanup:Skipping protected namespace: container-registry
INFO:src.tools.cluster_cleanup:Skipping protected namespace: default
INFO:src.tools.cluster_cleanup:Skipping protected namespace: ingress
INFO:src.tools.cluster_cleanup:Skipping protected namespace: kube-node-lease
INFO:src.tools.cluster_cleanup:Skipping protected namespace: kube-public
INFO:src.tools.cluster_cleanup:Skipping protected namespace: kube-system
INFO:src.tools.cluster_cleanup:No /etc/hosts entries required cleanup.
INFO:src.tools.cluster_cleanup:Running Docker system prune to remove unused resources (preserving base images)...
INFO:src.tools.cluster_cleanup:Docker system prune completed successfully.
INFO:src.evaluator.experiments.runner:Cluster cleanup completed successfully for 'h5'.
INFO:src.evaluator.experiments.runner:Preparing run: repo=poc1-fastapi-spec model=deepseek_v3_2 prompt=default repetition=run5
INFO:src.evaluator.core.evaluator:Starting evaluation for https://github.com/run-rasztabiga-me/poc1-fastapi-spec.git (ID: 737e58be-fbe8-4b8f-99ab-67444acb9c5e)
INFO:src.evaluator.core.integration:Starting real generation for https://github.com/run-rasztabiga-me/poc1-fastapi-spec.git
INFO:src.generator.core.generator:Starting configuration generation for repository: https://github.com/run-rasztabiga-me/poc1-fastapi-spec.git
INFO:src.generator.core.generator:Run ID: 544eb1f4-5291-40b5-84b8-208b490049e1, Workspace: tmp/poc1-fastapi-spec-544eb1f4-5291-40b5-84b8-208b490049e1
INFO:src.generator.agents.config_agent:Starting configuration generation for: https://github.com/run-rasztabiga-me/poc1-fastapi-spec.git
INFO:src.generator.agents.config_agent:Using prompt version: default
INFO:src.generator.tools.repository_tools:🔧 Tool called: clone_repo(repo_url=https://github.com/run-rasztabiga-me/poc1-fastapi-spec.git)
INFO:src.generator.core.workspace:Cloning https://github.com/run-rasztabiga-me/poc1-fastapi-spec.git to /Users/rasztabigab/Studia/run/tmp/poc1-fastapi-spec-544eb1f4-5291-40b5-84b8-208b490049e1
INFO:src.generator.tools.repository_tools:🔧 Tool called: prepare_repo_tree()
INFO:src.generator.tools.repository_tools:🔧 Tool called: ls(dir_path=.)
INFO:src.generator.tools.repository_tools:🔧 Tool called: get_file_content(file_path=requirements.txt)
INFO:src.generator.tools.repository_tools:🔧 Tool called: get_file_content(file_path=app/main.py)
INFO:src.generator.tools.repository_tools:🔧 Tool called: get_file_content(file_path=spec.md)
INFO:src.generator.tools.repository_tools:🔧 Tool called: search_files(pattern=database|postgres|mysql|redis|mongodb|sqlite, file_pattern=None, case_sensitive=False)
INFO:src.generator.tools.repository_tools:🔧 Tool called: search_files(pattern=env|\.env|environment|config, file_pattern=None, case_sensitive=False)
INFO:src.generator.tools.repository_tools:🔧 Tool called: find_files(pattern=*.env*, max_results=50)
INFO:src.generator.tools.repository_tools:🔧 Tool called: find_files(pattern=*.json, max_results=50)
INFO:src.generator.tools.repository_tools:🧠 Agent reflection (1363 chars)
INFO:src.generator.tools.repository_tools:🔧 Tool called: write_file(file_path=Dockerfile, content_length=488)
INFO:src.generator.tools.repository_tools:🔧 Tool called: write_file(file_path=k8s/fastapi-deployment.yaml, content_length=1035)
INFO:src.generator.tools.repository_tools:🔧 Tool called: write_file(file_path=k8s/fastapi-service.yaml, content_length=228)
INFO:src.generator.tools.repository_tools:🔧 Tool called: write_file(file_path=k8s/ingress.yaml, content_length=381)
INFO:src.generator.tools.repository_tools:🧠 Agent reflection (174 chars)
INFO:src.generator.tools.repository_tools:🔧 Tool called: ls(dir_path=k8s)
INFO:src.generator.tools.repository_tools:🔧 Tool called: ls(dir_path=.)
INFO:src.generator.tools.repository_tools:🧠 Agent reflection (970 chars)
INFO:src.evaluator.core.integration:Fetching metrics from LangSmith for run_id: 544eb1f4-5291-40b5-84b8-208b490049e1
INFO:src.evaluator.metrics.langsmith_collector:Run 544eb1f4-5291-40b5-84b8-208b490049e1 is still pending, retrying in 5 seconds... (attempt 1/5)
INFO:src.evaluator.metrics.langsmith_collector:Fetched metrics from LangSmith: 19 tool calls, 97404 tokens
INFO:src.evaluator.core.integration:Using structured output from ConfigurationOutput
INFO:src.evaluator.core.integration:Generated 1 Dockerfiles and 3 K8s manifests
INFO:src.evaluator.validators.config_validator:Building Docker image: fastapi-app from Dockerfile
INFO:src.evaluator.validators.config_validator:Full image name with run-scoped tag: 192.168.1.39:32000/poc1-fastapi-spec-fastapi-app:544eb1f4-5291-40b5-84b8-208b490049e1
INFO:src.evaluator.validators.config_validator:Building Docker image 192.168.1.39:32000/poc1-fastapi-spec-fastapi-app:544eb1f4-5291-40b5-84b8-208b490049e1 with buildx
INFO:src.evaluator.validators.config_validator:Build completed successfully for 192.168.1.39:32000/poc1-fastapi-spec-fastapi-app:544eb1f4-5291-40b5-84b8-208b490049e1
INFO:src.evaluator.validators.config_validator:Successfully pushed image to registry: 192.168.1.39:32000/poc1-fastapi-spec-fastapi-app:544eb1f4-5291-40b5-84b8-208b490049e1
INFO:src.evaluator.validators.config_validator:Verifying image in registry: 192.168.1.39:32000/poc1-fastapi-spec-fastapi-app:544eb1f4-5291-40b5-84b8-208b490049e1
INFO:src.evaluator.validators.config_validator:Successfully verified image in registry: 192.168.1.39:32000/poc1-fastapi-spec-fastapi-app:544eb1f4-5291-40b5-84b8-208b490049e1
INFO:src.evaluator.validators.config_validator:Image metrics: 133.18 MB, 9 layers, built in 0.7s
INFO:src.evaluator.core.evaluator:Evaluation completed for https://github.com/run-rasztabiga-me/poc1-fastapi-spec.git
INFO:src.evaluator.reports.reporter:Report saved to evaluation_reports/experiments/h5/20260318_223200/deepseek_v3_2/default/poc1-fastapi-spec/h5__deepseek-chat__default__poc1-fastapi-spec__run5_20260318_235736_737e58be.json
INFO:src.evaluator.experiments.runner:Completed h5 | repo=poc1-fastapi-spec model=deepseek_v3_2 prompt=default repetition=run5 -> evaluation_reports/experiments/h5/20260318_223200/deepseek_v3_2/default/poc1-fastapi-spec/h5__deepseek-chat__default__poc1-fastapi-spec__run5_20260318_235736_737e58be.json
INFO:src.evaluator.experiments.runner:Running cleanup after run: experiment=h5 repo=poc1-fastapi-spec model=deepseek_v3_2 prompt=default repetition=run5
INFO:src.tools.cluster_cleanup:Skipping protected namespace: container-registry
INFO:src.tools.cluster_cleanup:Skipping protected namespace: default
INFO:src.tools.cluster_cleanup:Skipping protected namespace: ingress
INFO:src.tools.cluster_cleanup:Skipping protected namespace: kube-node-lease
INFO:src.tools.cluster_cleanup:Skipping protected namespace: kube-public
INFO:src.tools.cluster_cleanup:Skipping protected namespace: kube-system
INFO:src.tools.cluster_cleanup:No /etc/hosts entries required cleanup.
INFO:src.tools.cluster_cleanup:Running Docker system prune to remove unused resources (preserving base images)...
INFO:src.tools.cluster_cleanup:Docker system prune completed successfully.
INFO:src.evaluator.experiments.runner:Cluster cleanup completed successfully for 'h5'.
INFO:src.evaluator.experiments.runner:Preparing run: repo=poc1-fastapi-spec model=deepseek_v3_2 prompt=default repetition=run6
INFO:src.evaluator.core.evaluator:Starting evaluation for https://github.com/run-rasztabiga-me/poc1-fastapi-spec.git (ID: 30870a5e-3faa-4765-b1cb-fdb5f2536b5b)
INFO:src.evaluator.core.integration:Starting real generation for https://github.com/run-rasztabiga-me/poc1-fastapi-spec.git
INFO:src.generator.core.generator:Starting configuration generation for repository: https://github.com/run-rasztabiga-me/poc1-fastapi-spec.git
INFO:src.generator.core.generator:Run ID: bf36375b-6771-4999-836f-4c08a69ba4f4, Workspace: tmp/poc1-fastapi-spec-bf36375b-6771-4999-836f-4c08a69ba4f4
INFO:src.generator.agents.config_agent:Starting configuration generation for: https://github.com/run-rasztabiga-me/poc1-fastapi-spec.git
INFO:src.generator.agents.config_agent:Using prompt version: default
INFO:src.generator.tools.repository_tools:🔧 Tool called: clone_repo(repo_url=https://github.com/run-rasztabiga-me/poc1-fastapi-spec.git)
INFO:src.generator.core.workspace:Cloning https://github.com/run-rasztabiga-me/poc1-fastapi-spec.git to /Users/rasztabigab/Studia/run/tmp/poc1-fastapi-spec-bf36375b-6771-4999-836f-4c08a69ba4f4
INFO:src.generator.tools.repository_tools:🔧 Tool called: prepare_repo_tree()
INFO:src.generator.tools.repository_tools:🔧 Tool called: ls(dir_path=.)
INFO:src.generator.tools.repository_tools:🔧 Tool called: get_file_content(file_path=requirements.txt)
INFO:src.generator.tools.repository_tools:🔧 Tool called: get_file_content(file_path=app/main.py)
INFO:src.generator.tools.repository_tools:🔧 Tool called: get_file_content(file_path=spec.md)
INFO:src.generator.tools.repository_tools:🔧 Tool called: search_files(pattern=database|postgres|mysql|redis|mongodb|sqlite, file_pattern=None, case_sensitive=False)
INFO:src.generator.tools.repository_tools:🔧 Tool called: search_files(pattern=\.env|environment|config, file_pattern=None, case_sensitive=False)
INFO:src.generator.tools.repository_tools:🔧 Tool called: find_files(pattern=*.py, max_results=50)
INFO:src.generator.tools.repository_tools:🧠 Agent reflection (1207 chars)
INFO:src.generator.tools.repository_tools:🔧 Tool called: find_files(pattern=Dockerfile*, max_results=50)
INFO:src.generator.tools.repository_tools:🔧 Tool called: find_files(pattern=*.yaml|*.yml, max_results=50)
INFO:src.generator.tools.repository_tools:🔧 Tool called: ls(dir_path=app)
INFO:src.generator.tools.repository_tools:🧠 Agent reflection (863 chars)
INFO:src.generator.tools.repository_tools:🔧 Tool called: write_file(file_path=Dockerfile, content_length=511)
INFO:src.generator.tools.repository_tools:🔧 Tool called: write_file(file_path=k8s/deployment.yaml, content_length=1056)
INFO:src.generator.tools.repository_tools:🔧 Tool called: write_file(file_path=k8s/service.yaml, content_length=240)
INFO:src.generator.tools.repository_tools:🔧 Tool called: write_file(file_path=k8s/ingress.yaml, content_length=383)
INFO:src.generator.tools.repository_tools:🧠 Agent reflection (540 chars)
INFO:src.generator.tools.repository_tools:🔧 Tool called: write_file(file_path=.dockerignore, content_length=145)
INFO:src.generator.tools.repository_tools:🧠 Agent reflection (695 chars)
INFO:src.generator.tools.repository_tools:🔧 Tool called: ls(dir_path=k8s)
INFO:src.generator.tools.repository_tools:🧠 Agent reflection (640 chars)
INFO:src.evaluator.core.integration:Fetching metrics from LangSmith for run_id: bf36375b-6771-4999-836f-4c08a69ba4f4
INFO:src.evaluator.metrics.langsmith_collector:Fetched metrics from LangSmith: 23 tool calls, 124210 tokens
INFO:src.evaluator.core.integration:Using structured output from ConfigurationOutput
INFO:src.evaluator.core.integration:Generated 1 Dockerfiles and 3 K8s manifests
INFO:src.evaluator.validators.config_validator:Building Docker image: poc1-fastapi-spec from Dockerfile
INFO:src.evaluator.validators.config_validator:Full image name with run-scoped tag: 192.168.1.39:32000/poc1-fastapi-spec-poc1-fastapi-spec:bf36375b-6771-4999-836f-4c08a69ba4f4
INFO:src.evaluator.validators.config_validator:Building Docker image 192.168.1.39:32000/poc1-fastapi-spec-poc1-fastapi-spec:bf36375b-6771-4999-836f-4c08a69ba4f4 with buildx
INFO:src.evaluator.validators.config_validator:Build completed successfully for 192.168.1.39:32000/poc1-fastapi-spec-poc1-fastapi-spec:bf36375b-6771-4999-836f-4c08a69ba4f4
INFO:src.evaluator.validators.config_validator:Successfully pushed image to registry: 192.168.1.39:32000/poc1-fastapi-spec-poc1-fastapi-spec:bf36375b-6771-4999-836f-4c08a69ba4f4
INFO:src.evaluator.validators.config_validator:Verifying image in registry: 192.168.1.39:32000/poc1-fastapi-spec-poc1-fastapi-spec:bf36375b-6771-4999-836f-4c08a69ba4f4
INFO:src.evaluator.validators.config_validator:Successfully verified image in registry: 192.168.1.39:32000/poc1-fastapi-spec-poc1-fastapi-spec:bf36375b-6771-4999-836f-4c08a69ba4f4
INFO:src.evaluator.validators.config_validator:Image metrics: 127.82 MB, 9 layers, built in 0.7s
INFO:src.evaluator.core.evaluator:Evaluation completed for https://github.com/run-rasztabiga-me/poc1-fastapi-spec.git
INFO:src.evaluator.reports.reporter:Report saved to evaluation_reports/experiments/h5/20260318_223200/deepseek_v3_2/default/poc1-fastapi-spec/h5__deepseek-chat__default__poc1-fastapi-spec__run6_20260318_235917_30870a5e.json
INFO:src.evaluator.experiments.runner:Completed h5 | repo=poc1-fastapi-spec model=deepseek_v3_2 prompt=default repetition=run6 -> evaluation_reports/experiments/h5/20260318_223200/deepseek_v3_2/default/poc1-fastapi-spec/h5__deepseek-chat__default__poc1-fastapi-spec__run6_20260318_235917_30870a5e.json
INFO:src.evaluator.experiments.runner:Running cleanup after run: experiment=h5 repo=poc1-fastapi-spec model=deepseek_v3_2 prompt=default repetition=run6
INFO:src.tools.cluster_cleanup:Skipping protected namespace: container-registry
INFO:src.tools.cluster_cleanup:Skipping protected namespace: default
INFO:src.tools.cluster_cleanup:Skipping protected namespace: ingress
INFO:src.tools.cluster_cleanup:Skipping protected namespace: kube-node-lease
INFO:src.tools.cluster_cleanup:Skipping protected namespace: kube-public
INFO:src.tools.cluster_cleanup:Skipping protected namespace: kube-system
INFO:src.tools.cluster_cleanup:No /etc/hosts entries required cleanup.
INFO:src.tools.cluster_cleanup:Running Docker system prune to remove unused resources (preserving base images)...
INFO:src.tools.cluster_cleanup:Docker system prune completed successfully.
INFO:src.evaluator.experiments.runner:Cluster cleanup completed successfully for 'h5'.
INFO:src.evaluator.experiments.runner:Preparing run: repo=poc1-fastapi-spec model=deepseek_v3_2 prompt=default repetition=run7
INFO:src.evaluator.core.evaluator:Starting evaluation for https://github.com/run-rasztabiga-me/poc1-fastapi-spec.git (ID: 2ad40f9a-e51b-4005-8c1e-8fb4cffc1303)
INFO:src.evaluator.core.integration:Starting real generation for https://github.com/run-rasztabiga-me/poc1-fastapi-spec.git
INFO:src.generator.core.generator:Starting configuration generation for repository: https://github.com/run-rasztabiga-me/poc1-fastapi-spec.git
INFO:src.generator.core.generator:Run ID: 5d082e7b-e8fc-4056-a9ba-27d979c5b7b3, Workspace: tmp/poc1-fastapi-spec-5d082e7b-e8fc-4056-a9ba-27d979c5b7b3
INFO:src.generator.agents.config_agent:Starting configuration generation for: https://github.com/run-rasztabiga-me/poc1-fastapi-spec.git
INFO:src.generator.agents.config_agent:Using prompt version: default
INFO:src.generator.tools.repository_tools:🔧 Tool called: clone_repo(repo_url=https://github.com/run-rasztabiga-me/poc1-fastapi-spec.git)
INFO:src.generator.core.workspace:Cloning https://github.com/run-rasztabiga-me/poc1-fastapi-spec.git to /Users/rasztabigab/Studia/run/tmp/poc1-fastapi-spec-5d082e7b-e8fc-4056-a9ba-27d979c5b7b3
INFO:src.generator.tools.repository_tools:🔧 Tool called: prepare_repo_tree()
INFO:src.generator.tools.repository_tools:🔧 Tool called: ls(dir_path=.)
INFO:src.generator.tools.repository_tools:🔧 Tool called: ls(dir_path=app)
INFO:src.generator.tools.repository_tools:🔧 Tool called: get_file_content(file_path=requirements.txt)
INFO:src.generator.tools.repository_tools:🔧 Tool called: get_file_content(file_path=app/main.py)
INFO:src.generator.tools.repository_tools:🔧 Tool called: get_file_content(file_path=spec.md)
INFO:src.generator.tools.repository_tools:🔧 Tool called: search_files(pattern=database|postgres|mysql|mongodb|redis|rabbitmq|kafka, file_pattern=None, case_sensitive=False)
INFO:src.generator.tools.repository_tools:🔧 Tool called: search_files(pattern=\.env|environment|config, file_pattern=None, case_sensitive=False)
INFO:src.generator.tools.repository_tools:🔧 Tool called: find_files(pattern=*.json, max_results=50)
INFO:src.generator.tools.repository_tools:🔧 Tool called: find_files(pattern=*.yaml, max_results=50)
INFO:src.generator.tools.repository_tools:🧠 Agent reflection (992 chars)
INFO:src.generator.tools.repository_tools:🔧 Tool called: search_files(pattern=import|from, file_pattern=*.py, case_sensitive=False)
INFO:src.generator.tools.repository_tools:🧠 Agent reflection (642 chars)
INFO:src.generator.tools.repository_tools:🔧 Tool called: write_file(file_path=Dockerfile, content_length=542)
INFO:src.generator.tools.repository_tools:🔧 Tool called: write_file(file_path=k8s/deployment.yaml, content_length=1065)
INFO:src.generator.tools.repository_tools:🔧 Tool called: write_file(file_path=k8s/service.yaml, content_length=242)
INFO:src.generator.tools.repository_tools:🔧 Tool called: write_file(file_path=k8s/ingress.yaml, content_length=385)
INFO:src.generator.tools.repository_tools:🧠 Agent reflection (126 chars)
INFO:src.generator.tools.repository_tools:🔧 Tool called: ls(dir_path=k8s)
INFO:src.generator.tools.repository_tools:🧠 Agent reflection (591 chars)
INFO:src.evaluator.core.integration:Fetching metrics from LangSmith for run_id: 5d082e7b-e8fc-4056-a9ba-27d979c5b7b3
INFO:src.evaluator.metrics.langsmith_collector:Run 5d082e7b-e8fc-4056-a9ba-27d979c5b7b3 is still pending, retrying in 5 seconds... (attempt 1/5)
INFO:src.evaluator.metrics.langsmith_collector:Fetched metrics from LangSmith: 21 tool calls, 107785 tokens
INFO:src.evaluator.core.integration:Using structured output from ConfigurationOutput
INFO:src.evaluator.core.integration:Generated 1 Dockerfiles and 3 K8s manifests
INFO:src.evaluator.validators.config_validator:Building Docker image: poc1-fastapi-spec from Dockerfile
INFO:src.evaluator.validators.config_validator:Full image name with run-scoped tag: 192.168.1.39:32000/poc1-fastapi-spec-poc1-fastapi-spec:5d082e7b-e8fc-4056-a9ba-27d979c5b7b3
INFO:src.evaluator.validators.config_validator:Building Docker image 192.168.1.39:32000/poc1-fastapi-spec-poc1-fastapi-spec:5d082e7b-e8fc-4056-a9ba-27d979c5b7b3 with buildx
INFO:src.evaluator.validators.config_validator:Build completed successfully for 192.168.1.39:32000/poc1-fastapi-spec-poc1-fastapi-spec:5d082e7b-e8fc-4056-a9ba-27d979c5b7b3
INFO:src.evaluator.validators.config_validator:Successfully pushed image to registry: 192.168.1.39:32000/poc1-fastapi-spec-poc1-fastapi-spec:5d082e7b-e8fc-4056-a9ba-27d979c5b7b3
INFO:src.evaluator.validators.config_validator:Verifying image in registry: 192.168.1.39:32000/poc1-fastapi-spec-poc1-fastapi-spec:5d082e7b-e8fc-4056-a9ba-27d979c5b7b3
INFO:src.evaluator.validators.config_validator:Successfully verified image in registry: 192.168.1.39:32000/poc1-fastapi-spec-poc1-fastapi-spec:5d082e7b-e8fc-4056-a9ba-27d979c5b7b3
INFO:src.evaluator.validators.config_validator:Image metrics: 127.82 MB, 9 layers, built in 1.1s
INFO:src.evaluator.core.evaluator:Evaluation completed for https://github.com/run-rasztabiga-me/poc1-fastapi-spec.git
INFO:src.evaluator.reports.reporter:Report saved to evaluation_reports/experiments/h5/20260318_223200/deepseek_v3_2/default/poc1-fastapi-spec/h5__deepseek-chat__default__poc1-fastapi-spec__run7_20260319_000052_2ad40f9a.json
INFO:src.evaluator.experiments.runner:Completed h5 | repo=poc1-fastapi-spec model=deepseek_v3_2 prompt=default repetition=run7 -> evaluation_reports/experiments/h5/20260318_223200/deepseek_v3_2/default/poc1-fastapi-spec/h5__deepseek-chat__default__poc1-fastapi-spec__run7_20260319_000052_2ad40f9a.json
INFO:src.evaluator.experiments.runner:Running cleanup after run: experiment=h5 repo=poc1-fastapi-spec model=deepseek_v3_2 prompt=default repetition=run7
INFO:src.tools.cluster_cleanup:Skipping protected namespace: container-registry
INFO:src.tools.cluster_cleanup:Skipping protected namespace: default
INFO:src.tools.cluster_cleanup:Skipping protected namespace: ingress
INFO:src.tools.cluster_cleanup:Skipping protected namespace: kube-node-lease
INFO:src.tools.cluster_cleanup:Skipping protected namespace: kube-public
INFO:src.tools.cluster_cleanup:Skipping protected namespace: kube-system
INFO:src.tools.cluster_cleanup:No /etc/hosts entries required cleanup.
INFO:src.tools.cluster_cleanup:Running Docker system prune to remove unused resources (preserving base images)...
INFO:src.tools.cluster_cleanup:Docker system prune completed successfully.
INFO:src.evaluator.experiments.runner:Cluster cleanup completed successfully for 'h5'.
INFO:src.evaluator.experiments.runner:Preparing run: repo=poc1-fastapi-spec model=deepseek_v3_2 prompt=default repetition=run8
INFO:src.evaluator.core.evaluator:Starting evaluation for https://github.com/run-rasztabiga-me/poc1-fastapi-spec.git (ID: dea46ee0-ce17-4709-9b39-ad9b46c6453c)
INFO:src.evaluator.core.integration:Starting real generation for https://github.com/run-rasztabiga-me/poc1-fastapi-spec.git
INFO:src.generator.core.generator:Starting configuration generation for repository: https://github.com/run-rasztabiga-me/poc1-fastapi-spec.git
INFO:src.generator.core.generator:Run ID: 6e8a0046-b6bf-419b-bdbb-c9802ff08fdf, Workspace: tmp/poc1-fastapi-spec-6e8a0046-b6bf-419b-bdbb-c9802ff08fdf
INFO:src.generator.agents.config_agent:Starting configuration generation for: https://github.com/run-rasztabiga-me/poc1-fastapi-spec.git
INFO:src.generator.agents.config_agent:Using prompt version: default
INFO:src.generator.tools.repository_tools:🔧 Tool called: clone_repo(repo_url=https://github.com/run-rasztabiga-me/poc1-fastapi-spec.git)
INFO:src.generator.core.workspace:Cloning https://github.com/run-rasztabiga-me/poc1-fastapi-spec.git to /Users/rasztabigab/Studia/run/tmp/poc1-fastapi-spec-6e8a0046-b6bf-419b-bdbb-c9802ff08fdf
INFO:src.generator.tools.repository_tools:🔧 Tool called: prepare_repo_tree()
INFO:src.generator.tools.repository_tools:🧠 Agent reflection (267 chars)
INFO:src.generator.tools.repository_tools:🔧 Tool called: get_file_content(file_path=requirements.txt)
INFO:src.generator.tools.repository_tools:🔧 Tool called: get_file_content(file_path=app/main.py)
INFO:src.generator.tools.repository_tools:🔧 Tool called: get_file_content(file_path=spec.md)
INFO:src.generator.tools.repository_tools:🔧 Tool called: ls(dir_path=.)
INFO:src.generator.tools.repository_tools:🔧 Tool called: ls(dir_path=app)
INFO:src.generator.tools.repository_tools:🔧 Tool called: search_files(pattern=database|postgres|mysql|redis|mongodb|sqlite, file_pattern=None, case_sensitive=False)
INFO:src.generator.tools.repository_tools:🔧 Tool called: search_files(pattern=env|\.env|environment|config, file_pattern=None, case_sensitive=False)
INFO:src.generator.tools.repository_tools:🔧 Tool called: search_files(pattern=port|PORT|8000|8080|9000, file_pattern=None, case_sensitive=False)
INFO:src.generator.tools.repository_tools:🧠 Agent reflection (1200 chars)
INFO:src.generator.tools.repository_tools:🔧 Tool called: write_file(file_path=Dockerfile, content_length=493)
INFO:src.generator.tools.repository_tools:🔧 Tool called: write_file(file_path=k8s/deployment.yaml, content_length=1061)
INFO:src.generator.tools.repository_tools:🔧 Tool called: write_file(file_path=k8s/service.yaml, content_length=227)
INFO:src.generator.tools.repository_tools:🔧 Tool called: write_file(file_path=k8s/ingress.yaml, content_length=385)
INFO:src.generator.tools.repository_tools:🧠 Agent reflection (929 chars)
INFO:src.generator.tools.repository_tools:🔧 Tool called: ls(dir_path=k8s)
INFO:src.generator.tools.repository_tools:🔧 Tool called: get_file_content(file_path=Dockerfile)
INFO:src.generator.tools.repository_tools:🧠 Agent reflection (811 chars)
INFO:src.evaluator.core.integration:Fetching metrics from LangSmith for run_id: 6e8a0046-b6bf-419b-bdbb-c9802ff08fdf
INFO:src.evaluator.metrics.langsmith_collector:Run 6e8a0046-b6bf-419b-bdbb-c9802ff08fdf is still pending, retrying in 5 seconds... (attempt 1/5)
INFO:src.evaluator.metrics.langsmith_collector:Fetched metrics from LangSmith: 20 tool calls, 107204 tokens
INFO:src.evaluator.core.integration:Using structured output from ConfigurationOutput
INFO:src.evaluator.core.integration:Generated 1 Dockerfiles and 3 K8s manifests
INFO:src.evaluator.validators.config_validator:Building Docker image: poc1-fastapi-spec from Dockerfile
INFO:src.evaluator.validators.config_validator:Full image name with run-scoped tag: 192.168.1.39:32000/poc1-fastapi-spec-poc1-fastapi-spec:6e8a0046-b6bf-419b-bdbb-c9802ff08fdf
INFO:src.evaluator.validators.config_validator:Building Docker image 192.168.1.39:32000/poc1-fastapi-spec-poc1-fastapi-spec:6e8a0046-b6bf-419b-bdbb-c9802ff08fdf with buildx
INFO:src.evaluator.validators.config_validator:Build completed successfully for 192.168.1.39:32000/poc1-fastapi-spec-poc1-fastapi-spec:6e8a0046-b6bf-419b-bdbb-c9802ff08fdf
INFO:src.evaluator.validators.config_validator:Successfully pushed image to registry: 192.168.1.39:32000/poc1-fastapi-spec-poc1-fastapi-spec:6e8a0046-b6bf-419b-bdbb-c9802ff08fdf
INFO:src.evaluator.validators.config_validator:Verifying image in registry: 192.168.1.39:32000/poc1-fastapi-spec-poc1-fastapi-spec:6e8a0046-b6bf-419b-bdbb-c9802ff08fdf
INFO:src.evaluator.validators.config_validator:Successfully verified image in registry: 192.168.1.39:32000/poc1-fastapi-spec-poc1-fastapi-spec:6e8a0046-b6bf-419b-bdbb-c9802ff08fdf
INFO:src.evaluator.validators.config_validator:Image metrics: 130.98 MB, 9 layers, built in 0.7s
INFO:src.evaluator.core.evaluator:Evaluation completed for https://github.com/run-rasztabiga-me/poc1-fastapi-spec.git
INFO:src.evaluator.reports.reporter:Report saved to evaluation_reports/experiments/h5/20260318_223200/deepseek_v3_2/default/poc1-fastapi-spec/h5__deepseek-chat__default__poc1-fastapi-spec__run8_20260319_000228_dea46ee0.json
INFO:src.evaluator.experiments.runner:Completed h5 | repo=poc1-fastapi-spec model=deepseek_v3_2 prompt=default repetition=run8 -> evaluation_reports/experiments/h5/20260318_223200/deepseek_v3_2/default/poc1-fastapi-spec/h5__deepseek-chat__default__poc1-fastapi-spec__run8_20260319_000228_dea46ee0.json
INFO:src.evaluator.experiments.runner:Running cleanup after run: experiment=h5 repo=poc1-fastapi-spec model=deepseek_v3_2 prompt=default repetition=run8
INFO:src.tools.cluster_cleanup:Skipping protected namespace: container-registry
INFO:src.tools.cluster_cleanup:Skipping protected namespace: default
INFO:src.tools.cluster_cleanup:Skipping protected namespace: ingress
INFO:src.tools.cluster_cleanup:Skipping protected namespace: kube-node-lease
INFO:src.tools.cluster_cleanup:Skipping protected namespace: kube-public
INFO:src.tools.cluster_cleanup:Skipping protected namespace: kube-system
INFO:src.tools.cluster_cleanup:No /etc/hosts entries required cleanup.
INFO:src.tools.cluster_cleanup:Running Docker system prune to remove unused resources (preserving base images)...
INFO:src.tools.cluster_cleanup:Docker system prune completed successfully.
INFO:src.evaluator.experiments.runner:Cluster cleanup completed successfully for 'h5'.
INFO:src.evaluator.experiments.runner:Preparing run: repo=poc1-fastapi-spec model=deepseek_v3_2 prompt=default repetition=run9
INFO:src.evaluator.core.evaluator:Starting evaluation for https://github.com/run-rasztabiga-me/poc1-fastapi-spec.git (ID: 976bcaaf-51a7-437f-8932-99bec56e8538)
INFO:src.evaluator.core.integration:Starting real generation for https://github.com/run-rasztabiga-me/poc1-fastapi-spec.git
INFO:src.generator.core.generator:Starting configuration generation for repository: https://github.com/run-rasztabiga-me/poc1-fastapi-spec.git
INFO:src.generator.core.generator:Run ID: 0c3934c5-515b-4881-aabf-8335df8fabdb, Workspace: tmp/poc1-fastapi-spec-0c3934c5-515b-4881-aabf-8335df8fabdb
INFO:src.generator.agents.config_agent:Starting configuration generation for: https://github.com/run-rasztabiga-me/poc1-fastapi-spec.git
INFO:src.generator.agents.config_agent:Using prompt version: default
INFO:src.generator.tools.repository_tools:🔧 Tool called: clone_repo(repo_url=https://github.com/run-rasztabiga-me/poc1-fastapi-spec.git)
INFO:src.generator.core.workspace:Cloning https://github.com/run-rasztabiga-me/poc1-fastapi-spec.git to /Users/rasztabigab/Studia/run/tmp/poc1-fastapi-spec-0c3934c5-515b-4881-aabf-8335df8fabdb
INFO:src.generator.tools.repository_tools:🔧 Tool called: prepare_repo_tree()
INFO:src.generator.tools.repository_tools:🧠 Agent reflection (356 chars)
INFO:src.generator.tools.repository_tools:🔧 Tool called: ls(dir_path=.)
INFO:src.generator.tools.repository_tools:🔧 Tool called: get_file_content(file_path=requirements.txt)
INFO:src.generator.tools.repository_tools:🔧 Tool called: get_file_content(file_path=spec.md)
INFO:src.generator.tools.repository_tools:🔧 Tool called: get_file_content(file_path=app/main.py)
INFO:src.generator.tools.repository_tools:🔧 Tool called: search_files(pattern=database|postgres|mysql|redis|mongodb|sqlite, file_pattern=None, case_sensitive=False)
INFO:src.generator.tools.repository_tools:🔧 Tool called: search_files(pattern=env|\.env|environment|config, file_pattern=None, case_sensitive=False)
INFO:src.generator.tools.repository_tools:🔧 Tool called: find_files(pattern=*.env*, max_results=50)
INFO:src.generator.tools.repository_tools:🔧 Tool called: find_files(pattern=*.yaml|*.yml|*.json, max_results=50)
INFO:src.generator.tools.repository_tools:🔧 Tool called: ls(dir_path=app)
INFO:src.generator.tools.repository_tools:🧠 Agent reflection (1215 chars)
INFO:src.generator.tools.repository_tools:🔧 Tool called: write_file(file_path=Dockerfile, content_length=466)
INFO:src.generator.tools.repository_tools:🧠 Agent reflection (564 chars)
INFO:src.generator.tools.repository_tools:🔧 Tool called: write_file(file_path=k8s/deployment.yaml, content_length=1061)
INFO:src.generator.tools.repository_tools:🔧 Tool called: write_file(file_path=k8s/service.yaml, content_length=242)
INFO:src.generator.tools.repository_tools:🔧 Tool called: write_file(file_path=k8s/ingress.yaml, content_length=385)
INFO:src.generator.tools.repository_tools:🧠 Agent reflection (902 chars)
INFO:src.generator.tools.repository_tools:🔧 Tool called: search_files(pattern=port|PORT, file_pattern=None, case_sensitive=False)
INFO:src.generator.tools.repository_tools:🔧 Tool called: search_files(pattern=health|HEALTH, file_pattern=None, case_sensitive=False)
INFO:src.generator.tools.repository_tools:🧠 Agent reflection (1209 chars)
INFO:src.evaluator.core.integration:Fetching metrics from LangSmith for run_id: 0c3934c5-515b-4881-aabf-8335df8fabdb
INFO:src.evaluator.metrics.langsmith_collector:Run 0c3934c5-515b-4881-aabf-8335df8fabdb is still pending, retrying in 5 seconds... (attempt 1/5)
INFO:src.evaluator.metrics.langsmith_collector:Fetched metrics from LangSmith: 22 tool calls, 119030 tokens
INFO:src.evaluator.core.integration:Using structured output from ConfigurationOutput
INFO:src.evaluator.core.integration:Generated 1 Dockerfiles and 3 K8s manifests
INFO:src.evaluator.validators.config_validator:Building Docker image: poc1-fastapi-spec from Dockerfile
INFO:src.evaluator.validators.config_validator:Full image name with run-scoped tag: 192.168.1.39:32000/poc1-fastapi-spec-poc1-fastapi-spec:0c3934c5-515b-4881-aabf-8335df8fabdb
INFO:src.evaluator.validators.config_validator:Building Docker image 192.168.1.39:32000/poc1-fastapi-spec-poc1-fastapi-spec:0c3934c5-515b-4881-aabf-8335df8fabdb with buildx
INFO:src.evaluator.validators.config_validator:Build completed successfully for 192.168.1.39:32000/poc1-fastapi-spec-poc1-fastapi-spec:0c3934c5-515b-4881-aabf-8335df8fabdb
WARNING:src.evaluator.validators.config_validator:Docker push failed with retryable error on attempt 1/3: failed to copy: failed to do request: Put "http://192.168.1.39:32000/v2/poc1-fastapi-spec-poc1-fastapi-spec/blobs/uploads/e2506526-5664-49d1-9a3b-dada3f08db4a?_state=hu9jfUX9MBt4NlbMwtXLnYs656PBf8v71H
INFO:src.evaluator.validators.config_validator:Retrying docker push (attempt 2/3)...
INFO:src.evaluator.validators.config_validator:Successfully pushed image to registry: 192.168.1.39:32000/poc1-fastapi-spec-poc1-fastapi-spec:0c3934c5-515b-4881-aabf-8335df8fabdb
INFO:src.evaluator.validators.config_validator:Verifying image in registry: 192.168.1.39:32000/poc1-fastapi-spec-poc1-fastapi-spec:0c3934c5-515b-4881-aabf-8335df8fabdb
INFO:src.evaluator.validators.config_validator:Successfully verified image in registry: 192.168.1.39:32000/poc1-fastapi-spec-poc1-fastapi-spec:0c3934c5-515b-4881-aabf-8335df8fabdb
INFO:src.evaluator.validators.config_validator:Image metrics: 133.18 MB, 9 layers, built in 0.8s
INFO:src.evaluator.core.evaluator:Evaluation completed for https://github.com/run-rasztabiga-me/poc1-fastapi-spec.git
INFO:src.evaluator.reports.reporter:Report saved to evaluation_reports/experiments/h5/20260318_223200/deepseek_v3_2/default/poc1-fastapi-spec/h5__deepseek-chat__default__poc1-fastapi-spec__run9_20260319_000440_976bcaaf.json
INFO:src.evaluator.experiments.runner:Completed h5 | repo=poc1-fastapi-spec model=deepseek_v3_2 prompt=default repetition=run9 -> evaluation_reports/experiments/h5/20260318_223200/deepseek_v3_2/default/poc1-fastapi-spec/h5__deepseek-chat__default__poc1-fastapi-spec__run9_20260319_000440_976bcaaf.json
INFO:src.evaluator.experiments.runner:Running cleanup after run: experiment=h5 repo=poc1-fastapi-spec model=deepseek_v3_2 prompt=default repetition=run9
INFO:src.tools.cluster_cleanup:Skipping protected namespace: container-registry
INFO:src.tools.cluster_cleanup:Skipping protected namespace: default
INFO:src.tools.cluster_cleanup:Skipping protected namespace: ingress
INFO:src.tools.cluster_cleanup:Skipping protected namespace: kube-node-lease
INFO:src.tools.cluster_cleanup:Skipping protected namespace: kube-public
INFO:src.tools.cluster_cleanup:Skipping protected namespace: kube-system
INFO:src.tools.cluster_cleanup:No /etc/hosts entries required cleanup.
INFO:src.tools.cluster_cleanup:Running Docker system prune to remove unused resources (preserving base images)...
INFO:src.tools.cluster_cleanup:Docker system prune completed successfully.
INFO:src.evaluator.experiments.runner:Cluster cleanup completed successfully for 'h5'.
INFO:src.evaluator.experiments.runner:Preparing run: repo=poc1-fastapi-spec model=deepseek_v3_2 prompt=default repetition=run10
INFO:src.evaluator.core.evaluator:Starting evaluation for https://github.com/run-rasztabiga-me/poc1-fastapi-spec.git (ID: 5756a963-305a-4505-a560-cddd2f9713f4)
INFO:src.evaluator.core.integration:Starting real generation for https://github.com/run-rasztabiga-me/poc1-fastapi-spec.git
INFO:src.generator.core.generator:Starting configuration generation for repository: https://github.com/run-rasztabiga-me/poc1-fastapi-spec.git
INFO:src.generator.core.generator:Run ID: 73297679-bf97-4ebb-aad7-37e389577caa, Workspace: tmp/poc1-fastapi-spec-73297679-bf97-4ebb-aad7-37e389577caa
INFO:src.generator.agents.config_agent:Starting configuration generation for: https://github.com/run-rasztabiga-me/poc1-fastapi-spec.git
INFO:src.generator.agents.config_agent:Using prompt version: default
INFO:src.generator.tools.repository_tools:🔧 Tool called: clone_repo(repo_url=https://github.com/run-rasztabiga-me/poc1-fastapi-spec.git)
INFO:src.generator.core.workspace:Cloning https://github.com/run-rasztabiga-me/poc1-fastapi-spec.git to /Users/rasztabigab/Studia/run/tmp/poc1-fastapi-spec-73297679-bf97-4ebb-aad7-37e389577caa
INFO:src.generator.tools.repository_tools:🔧 Tool called: prepare_repo_tree()
INFO:src.generator.tools.repository_tools:🧠 Agent reflection (338 chars)
INFO:src.generator.tools.repository_tools:🔧 Tool called: get_file_content(file_path=requirements.txt)
INFO:src.generator.tools.repository_tools:🔧 Tool called: get_file_content(file_path=app/main.py)
INFO:src.generator.tools.repository_tools:🔧 Tool called: get_file_content(file_path=spec.md)
INFO:src.generator.tools.repository_tools:🔧 Tool called: ls(dir_path=.)
INFO:src.generator.tools.repository_tools:🔧 Tool called: ls(dir_path=app)
INFO:src.generator.tools.repository_tools:🔧 Tool called: search_files(pattern=database|postgres|mysql|redis|mongodb|rabbitmq|kafka, file_pattern=None, case_sensitive=False)
INFO:src.generator.tools.repository_tools:🔧 Tool called: search_files(pattern=env|\.env|environment|config, file_pattern=None, case_sensitive=False)
INFO:src.generator.tools.repository_tools:🔧 Tool called: find_files(pattern=*.env*, max_results=50)
INFO:src.generator.tools.repository_tools:🔧 Tool called: find_files(pattern=*.yaml|*.yml|*.json, max_results=50)
INFO:src.generator.tools.repository_tools:🧠 Agent reflection (1082 chars)
INFO:src.generator.tools.repository_tools:🔧 Tool called: write_file(file_path=Dockerfile, content_length=497)
INFO:src.generator.tools.repository_tools:🔧 Tool called: write_file(file_path=k8s/fastapi-deployment.yaml, content_length=1035)
INFO:src.generator.tools.repository_tools:🔧 Tool called: write_file(file_path=k8s/fastapi-service.yaml, content_length=228)
INFO:src.generator.tools.repository_tools:🔧 Tool called: write_file(file_path=k8s/ingress.yaml, content_length=381)
INFO:src.generator.tools.repository_tools:🧠 Agent reflection (155 chars)
INFO:src.generator.tools.repository_tools:🔧 Tool called: ls(dir_path=k8s)
INFO:src.generator.tools.repository_tools:🧠 Agent reflection (572 chars)
INFO:src.generator.tools.repository_tools:🔧 Tool called: get_file_content(file_path=Dockerfile)
INFO:src.generator.tools.repository_tools:🧠 Agent reflection (1249 chars)
INFO:src.evaluator.core.integration:Fetching metrics from LangSmith for run_id: 73297679-bf97-4ebb-aad7-37e389577caa
INFO:src.evaluator.metrics.langsmith_collector:Run 73297679-bf97-4ebb-aad7-37e389577caa is still pending, retrying in 5 seconds... (attempt 1/5)
INFO:src.evaluator.metrics.langsmith_collector:Fetched metrics from LangSmith: 22 tool calls, 108977 tokens
INFO:src.evaluator.core.integration:Using structured output from ConfigurationOutput
INFO:src.evaluator.core.integration:Generated 1 Dockerfiles and 3 K8s manifests
INFO:src.evaluator.validators.config_validator:Building Docker image: fastapi-app from Dockerfile
INFO:src.evaluator.validators.config_validator:Full image name with run-scoped tag: 192.168.1.39:32000/poc1-fastapi-spec-fastapi-app:73297679-bf97-4ebb-aad7-37e389577caa
INFO:src.evaluator.validators.config_validator:Building Docker image 192.168.1.39:32000/poc1-fastapi-spec-fastapi-app:73297679-bf97-4ebb-aad7-37e389577caa with buildx
INFO:src.evaluator.validators.config_validator:Build completed successfully for 192.168.1.39:32000/poc1-fastapi-spec-fastapi-app:73297679-bf97-4ebb-aad7-37e389577caa
INFO:src.evaluator.validators.config_validator:Successfully pushed image to registry: 192.168.1.39:32000/poc1-fastapi-spec-fastapi-app:73297679-bf97-4ebb-aad7-37e389577caa
INFO:src.evaluator.validators.config_validator:Verifying image in registry: 192.168.1.39:32000/poc1-fastapi-spec-fastapi-app:73297679-bf97-4ebb-aad7-37e389577caa
INFO:src.evaluator.validators.config_validator:Successfully verified image in registry: 192.168.1.39:32000/poc1-fastapi-spec-fastapi-app:73297679-bf97-4ebb-aad7-37e389577caa
INFO:src.evaluator.validators.config_validator:Image metrics: 133.18 MB, 9 layers, built in 0.7s
INFO:src.evaluator.core.evaluator:Evaluation completed for https://github.com/run-rasztabiga-me/poc1-fastapi-spec.git
INFO:src.evaluator.reports.reporter:Report saved to evaluation_reports/experiments/h5/20260318_223200/deepseek_v3_2/default/poc1-fastapi-spec/h5__deepseek-chat__default__poc1-fastapi-spec__run10_20260319_000614_5756a963.json
INFO:src.evaluator.experiments.runner:Completed h5 | repo=poc1-fastapi-spec model=deepseek_v3_2 prompt=default repetition=run10 -> evaluation_reports/experiments/h5/20260318_223200/deepseek_v3_2/default/poc1-fastapi-spec/h5__deepseek-chat__default__poc1-fastapi-spec__run10_20260319_000614_5756a963.json
INFO:src.evaluator.experiments.runner:Running cleanup after run: experiment=h5 repo=poc1-fastapi-spec model=deepseek_v3_2 prompt=default repetition=run10
INFO:src.tools.cluster_cleanup:Skipping protected namespace: container-registry
INFO:src.tools.cluster_cleanup:Skipping protected namespace: default
INFO:src.tools.cluster_cleanup:Skipping protected namespace: ingress
INFO:src.tools.cluster_cleanup:Skipping protected namespace: kube-node-lease
INFO:src.tools.cluster_cleanup:Skipping protected namespace: kube-public
INFO:src.tools.cluster_cleanup:Skipping protected namespace: kube-system
INFO:src.tools.cluster_cleanup:No /etc/hosts entries required cleanup.
INFO:src.tools.cluster_cleanup:Running Docker system prune to remove unused resources (preserving base images)...
INFO:src.tools.cluster_cleanup:Docker system prune completed successfully.
INFO:src.evaluator.experiments.runner:Cluster cleanup completed successfully for 'h5'.
INFO:src.evaluator.experiments.runner:Preparing run: repo=poc1-fastapi-security model=google_gemini_2-5_flash prompt=default repetition=run1
INFO:src.evaluator.core.evaluator:Starting evaluation for https://github.com/run-rasztabiga-me/poc1-fastapi-security.git (ID: 7115ae86-dfff-48ef-acaa-45aeffb37cdd)
INFO:src.evaluator.core.integration:Starting real generation for https://github.com/run-rasztabiga-me/poc1-fastapi-security.git
INFO:src.generator.core.generator:Starting configuration generation for repository: https://github.com/run-rasztabiga-me/poc1-fastapi-security.git
INFO:src.generator.core.generator:Run ID: 4fe4c86a-acdd-4462-8672-a6b8a610ea11, Workspace: tmp/poc1-fastapi-security-4fe4c86a-acdd-4462-8672-a6b8a610ea11
INFO:src.generator.agents.config_agent:Starting configuration generation for: https://github.com/run-rasztabiga-me/poc1-fastapi-security.git
INFO:src.generator.agents.config_agent:Using prompt version: default
INFO:src.generator.tools.repository_tools:🔧 Tool called: clone_repo(repo_url=https://github.com/run-rasztabiga-me/poc1-fastapi-security.git)
INFO:src.generator.core.workspace:Cloning https://github.com/run-rasztabiga-me/poc1-fastapi-security.git to /Users/rasztabigab/Studia/run/tmp/poc1-fastapi-security-4fe4c86a-acdd-4462-8672-a6b8a610ea11
INFO:src.generator.tools.repository_tools:🔧 Tool called: prepare_repo_tree()
INFO:src.generator.tools.repository_tools:🔧 Tool called: get_file_content(file_path=requirements.txt)
INFO:src.generator.tools.repository_tools:🔧 Tool called: get_file_content(file_path=app/main.py)
INFO:src.generator.tools.repository_tools:🔧 Tool called: write_file(file_path=Dockerfile, content_length=209)
INFO:src.generator.tools.repository_tools:🔧 Tool called: write_file(file_path=k8s/fastapi-deployment.yaml, content_length=545)
INFO:src.generator.tools.repository_tools:🔧 Tool called: write_file(file_path=k8s/fastapi-service.yaml, content_length=208)
INFO:src.generator.tools.repository_tools:🔧 Tool called: write_file(file_path=k8s/fastapi-ingress.yaml, content_length=384)
INFO:src.evaluator.core.integration:Fetching metrics from LangSmith for run_id: 4fe4c86a-acdd-4462-8672-a6b8a610ea11
INFO:src.evaluator.metrics.langsmith_collector:Run 4fe4c86a-acdd-4462-8672-a6b8a610ea11 is still pending, retrying in 5 seconds... (attempt 1/5)
INFO:src.evaluator.metrics.langsmith_collector:Fetched metrics from LangSmith: 8 tool calls, 33348 tokens
INFO:src.evaluator.core.integration:Using structured output from ConfigurationOutput
INFO:src.evaluator.core.integration:Generated 1 Dockerfiles and 3 K8s manifests
INFO:src.evaluator.validators.config_validator:Building Docker image: fastapi from Dockerfile
INFO:src.evaluator.validators.config_validator:Full image name with run-scoped tag: 192.168.1.39:32000/poc1-fastapi-security-fastapi:4fe4c86a-acdd-4462-8672-a6b8a610ea11
INFO:src.evaluator.validators.config_validator:Building Docker image 192.168.1.39:32000/poc1-fastapi-security-fastapi:4fe4c86a-acdd-4462-8672-a6b8a610ea11 with buildx
INFO:src.evaluator.validators.config_validator:Build completed successfully for 192.168.1.39:32000/poc1-fastapi-security-fastapi:4fe4c86a-acdd-4462-8672-a6b8a610ea11
INFO:src.evaluator.validators.config_validator:Successfully pushed image to registry: 192.168.1.39:32000/poc1-fastapi-security-fastapi:4fe4c86a-acdd-4462-8672-a6b8a610ea11
INFO:src.evaluator.validators.config_validator:Verifying image in registry: 192.168.1.39:32000/poc1-fastapi-security-fastapi:4fe4c86a-acdd-4462-8672-a6b8a610ea11
INFO:src.evaluator.validators.config_validator:Successfully verified image in registry: 192.168.1.39:32000/poc1-fastapi-security-fastapi:4fe4c86a-acdd-4462-8672-a6b8a610ea11
INFO:src.evaluator.validators.config_validator:Image metrics: 59.40 MB, 9 layers, built in 0.8s
INFO:src.evaluator.core.evaluator:Evaluation completed for https://github.com/run-rasztabiga-me/poc1-fastapi-security.git
INFO:src.evaluator.reports.reporter:Report saved to evaluation_reports/experiments/h5/20260318_223200/google_gemini_2-5_flash/default/poc1-fastapi-security/h5__gemini-2-5-flash__default__poc1-fastapi-security__run1_20260319_000639_7115ae86.json
INFO:src.evaluator.experiments.runner:Completed h5 | repo=poc1-fastapi-security model=google_gemini_2-5_flash prompt=default repetition=run1 -> evaluation_reports/experiments/h5/20260318_223200/google_gemini_2-5_flash/default/poc1-fastapi-security/h5__gemini-2-5-flash__default__poc1-fastapi-security__run1_20260319_000639_7115ae86.json
INFO:src.evaluator.experiments.runner:Running cleanup after run: experiment=h5 repo=poc1-fastapi-security model=google_gemini_2-5_flash prompt=default repetition=run1
INFO:src.tools.cluster_cleanup:Skipping protected namespace: container-registry
INFO:src.tools.cluster_cleanup:Skipping protected namespace: default
INFO:src.tools.cluster_cleanup:Skipping protected namespace: ingress
INFO:src.tools.cluster_cleanup:Skipping protected namespace: kube-node-lease
INFO:src.tools.cluster_cleanup:Skipping protected namespace: kube-public
INFO:src.tools.cluster_cleanup:Skipping protected namespace: kube-system
INFO:src.tools.cluster_cleanup:No /etc/hosts entries required cleanup.
INFO:src.tools.cluster_cleanup:Running Docker system prune to remove unused resources (preserving base images)...
INFO:src.tools.cluster_cleanup:Docker system prune completed successfully.
INFO:src.evaluator.experiments.runner:Cluster cleanup completed successfully for 'h5'.
INFO:src.evaluator.experiments.runner:Preparing run: repo=poc1-fastapi-security model=google_gemini_2-5_flash prompt=default repetition=run2
INFO:src.evaluator.core.evaluator:Starting evaluation for https://github.com/run-rasztabiga-me/poc1-fastapi-security.git (ID: b040c2f6-b42b-4778-9a23-1c385de73ed9)
INFO:src.evaluator.core.integration:Starting real generation for https://github.com/run-rasztabiga-me/poc1-fastapi-security.git
INFO:src.generator.core.generator:Starting configuration generation for repository: https://github.com/run-rasztabiga-me/poc1-fastapi-security.git
INFO:src.generator.core.generator:Run ID: 7d225783-3ca7-434a-9d37-5129cdcb4666, Workspace: tmp/poc1-fastapi-security-7d225783-3ca7-434a-9d37-5129cdcb4666
INFO:src.generator.agents.config_agent:Starting configuration generation for: https://github.com/run-rasztabiga-me/poc1-fastapi-security.git
INFO:src.generator.agents.config_agent:Using prompt version: default
INFO:src.generator.tools.repository_tools:🔧 Tool called: clone_repo(repo_url=https://github.com/run-rasztabiga-me/poc1-fastapi-security.git)
INFO:src.generator.core.workspace:Cloning https://github.com/run-rasztabiga-me/poc1-fastapi-security.git to /Users/rasztabigab/Studia/run/tmp/poc1-fastapi-security-7d225783-3ca7-434a-9d37-5129cdcb4666
INFO:src.generator.tools.repository_tools:🔧 Tool called: prepare_repo_tree()
INFO:src.generator.tools.repository_tools:🔧 Tool called: get_file_content(file_path=requirements.txt)
INFO:src.generator.tools.repository_tools:🔧 Tool called: get_file_content(file_path=app/main.py)
INFO:src.generator.tools.repository_tools:🔧 Tool called: write_file(file_path=Dockerfile, content_length=219)
INFO:src.generator.tools.repository_tools:🔧 Tool called: write_file(file_path=k8s/fastapi-deployment.yaml, content_length=630)
INFO:src.generator.tools.repository_tools:🔧 Tool called: write_file(file_path=k8s/fastapi-service.yaml, content_length=252)
INFO:src.generator.tools.repository_tools:🔧 Tool called: write_file(file_path=k8s/fastapi-ingress.yaml, content_length=438)
INFO:src.evaluator.core.integration:Fetching metrics from LangSmith for run_id: 7d225783-3ca7-434a-9d37-5129cdcb4666
INFO:src.evaluator.metrics.langsmith_collector:Run 7d225783-3ca7-434a-9d37-5129cdcb4666 is still pending, retrying in 5 seconds... (attempt 1/5)
INFO:src.evaluator.metrics.langsmith_collector:Fetched metrics from LangSmith: 8 tool calls, 33672 tokens
INFO:src.evaluator.core.integration:Using structured output from ConfigurationOutput
INFO:src.evaluator.core.integration:Generated 1 Dockerfiles and 3 K8s manifests
INFO:src.evaluator.validators.config_validator:Building Docker image: poc1-fastapi-security from Dockerfile
INFO:src.evaluator.validators.config_validator:Full image name with run-scoped tag: 192.168.1.39:32000/poc1-fastapi-security-poc1-fastapi-security:7d225783-3ca7-434a-9d37-5129cdcb4666
INFO:src.evaluator.validators.config_validator:Building Docker image 192.168.1.39:32000/poc1-fastapi-security-poc1-fastapi-security:7d225783-3ca7-434a-9d37-5129cdcb4666 with buildx
INFO:src.evaluator.validators.config_validator:Build completed successfully for 192.168.1.39:32000/poc1-fastapi-security-poc1-fastapi-security:7d225783-3ca7-434a-9d37-5129cdcb4666
INFO:src.evaluator.validators.config_validator:Successfully pushed image to registry: 192.168.1.39:32000/poc1-fastapi-security-poc1-fastapi-security:7d225783-3ca7-434a-9d37-5129cdcb4666
INFO:src.evaluator.validators.config_validator:Verifying image in registry: 192.168.1.39:32000/poc1-fastapi-security-poc1-fastapi-security:7d225783-3ca7-434a-9d37-5129cdcb4666
INFO:src.evaluator.validators.config_validator:Successfully verified image in registry: 192.168.1.39:32000/poc1-fastapi-security-poc1-fastapi-security:7d225783-3ca7-434a-9d37-5129cdcb4666
INFO:src.evaluator.validators.config_validator:Image metrics: 63.00 MB, 9 layers, built in 0.8s
INFO:src.evaluator.core.evaluator:Evaluation completed for https://github.com/run-rasztabiga-me/poc1-fastapi-security.git
INFO:src.evaluator.reports.reporter:Report saved to evaluation_reports/experiments/h5/20260318_223200/google_gemini_2-5_flash/default/poc1-fastapi-security/h5__gemini-2-5-flash__default__poc1-fastapi-security__run2_20260319_000707_b040c2f6.json
INFO:src.evaluator.experiments.runner:Completed h5 | repo=poc1-fastapi-security model=google_gemini_2-5_flash prompt=default repetition=run2 -> evaluation_reports/experiments/h5/20260318_223200/google_gemini_2-5_flash/default/poc1-fastapi-security/h5__gemini-2-5-flash__default__poc1-fastapi-security__run2_20260319_000707_b040c2f6.json
INFO:src.evaluator.experiments.runner:Running cleanup after run: experiment=h5 repo=poc1-fastapi-security model=google_gemini_2-5_flash prompt=default repetition=run2
INFO:src.tools.cluster_cleanup:Skipping protected namespace: container-registry
INFO:src.tools.cluster_cleanup:Skipping protected namespace: default
INFO:src.tools.cluster_cleanup:Skipping protected namespace: ingress
INFO:src.tools.cluster_cleanup:Skipping protected namespace: kube-node-lease
INFO:src.tools.cluster_cleanup:Skipping protected namespace: kube-public
INFO:src.tools.cluster_cleanup:Skipping protected namespace: kube-system
INFO:src.tools.cluster_cleanup:No /etc/hosts entries required cleanup.
INFO:src.tools.cluster_cleanup:Running Docker system prune to remove unused resources (preserving base images)...
INFO:src.tools.cluster_cleanup:Docker system prune completed successfully.
INFO:src.evaluator.experiments.runner:Cluster cleanup completed successfully for 'h5'.
INFO:src.evaluator.experiments.runner:Preparing run: repo=poc1-fastapi-security model=google_gemini_2-5_flash prompt=default repetition=run3
INFO:src.evaluator.core.evaluator:Starting evaluation for https://github.com/run-rasztabiga-me/poc1-fastapi-security.git (ID: d718c6a9-ab4c-4f6b-a0c0-6c022283464f)
INFO:src.evaluator.core.integration:Starting real generation for https://github.com/run-rasztabiga-me/poc1-fastapi-security.git
INFO:src.generator.core.generator:Starting configuration generation for repository: https://github.com/run-rasztabiga-me/poc1-fastapi-security.git
INFO:src.generator.core.generator:Run ID: 22df6f7d-b851-4d7f-99c7-27b8173d76cf, Workspace: tmp/poc1-fastapi-security-22df6f7d-b851-4d7f-99c7-27b8173d76cf
INFO:src.generator.agents.config_agent:Starting configuration generation for: https://github.com/run-rasztabiga-me/poc1-fastapi-security.git
INFO:src.generator.agents.config_agent:Using prompt version: default
INFO:src.generator.tools.repository_tools:🔧 Tool called: clone_repo(repo_url=https://github.com/run-rasztabiga-me/poc1-fastapi-security.git)
INFO:src.generator.core.workspace:Cloning https://github.com/run-rasztabiga-me/poc1-fastapi-security.git to /Users/rasztabigab/Studia/run/tmp/poc1-fastapi-security-22df6f7d-b851-4d7f-99c7-27b8173d76cf
INFO:src.generator.tools.repository_tools:🔧 Tool called: prepare_repo_tree()
INFO:src.generator.tools.repository_tools:🔧 Tool called: get_file_content(file_path=app/main.py)
INFO:src.generator.tools.repository_tools:🔧 Tool called: get_file_content(file_path=requirements.txt)
INFO:src.generator.tools.repository_tools:🔧 Tool called: write_file(file_path=Dockerfile, content_length=219)
INFO:src.generator.tools.repository_tools:🔧 Tool called: write_file(file_path=k8s/deployment.yaml, content_length=973)
INFO:src.generator.tools.repository_tools:🔧 Tool called: write_file(file_path=k8s/service.yaml, content_length=251)
INFO:src.generator.tools.repository_tools:🔧 Tool called: write_file(file_path=k8s/ingress.yaml, content_length=445)
INFO:src.evaluator.core.integration:Fetching metrics from LangSmith for run_id: 22df6f7d-b851-4d7f-99c7-27b8173d76cf
INFO:src.evaluator.metrics.langsmith_collector:Run 22df6f7d-b851-4d7f-99c7-27b8173d76cf is still pending, retrying in 5 seconds... (attempt 1/5)
INFO:src.evaluator.metrics.langsmith_collector:Fetched metrics from LangSmith: 8 tool calls, 30398 tokens
INFO:src.evaluator.core.integration:Using structured output from ConfigurationOutput
INFO:src.evaluator.core.integration:Generated 1 Dockerfiles and 3 K8s manifests
INFO:src.evaluator.validators.config_validator:Building Docker image: poc1-fastapi-security from Dockerfile
INFO:src.evaluator.validators.config_validator:Full image name with run-scoped tag: 192.168.1.39:32000/poc1-fastapi-security-poc1-fastapi-security:22df6f7d-b851-4d7f-99c7-27b8173d76cf
INFO:src.evaluator.validators.config_validator:Building Docker image 192.168.1.39:32000/poc1-fastapi-security-poc1-fastapi-security:22df6f7d-b851-4d7f-99c7-27b8173d76cf with buildx
INFO:src.evaluator.validators.config_validator:Build completed successfully for 192.168.1.39:32000/poc1-fastapi-security-poc1-fastapi-security:22df6f7d-b851-4d7f-99c7-27b8173d76cf
INFO:src.evaluator.validators.config_validator:Successfully pushed image to registry: 192.168.1.39:32000/poc1-fastapi-security-poc1-fastapi-security:22df6f7d-b851-4d7f-99c7-27b8173d76cf
INFO:src.evaluator.validators.config_validator:Verifying image in registry: 192.168.1.39:32000/poc1-fastapi-security-poc1-fastapi-security:22df6f7d-b851-4d7f-99c7-27b8173d76cf
INFO:src.evaluator.validators.config_validator:Successfully verified image in registry: 192.168.1.39:32000/poc1-fastapi-security-poc1-fastapi-security:22df6f7d-b851-4d7f-99c7-27b8173d76cf
INFO:src.evaluator.validators.config_validator:Image metrics: 59.40 MB, 9 layers, built in 0.8s
INFO:src.evaluator.core.evaluator:Evaluation completed for https://github.com/run-rasztabiga-me/poc1-fastapi-security.git
INFO:src.evaluator.reports.reporter:Report saved to evaluation_reports/experiments/h5/20260318_223200/google_gemini_2-5_flash/default/poc1-fastapi-security/h5__gemini-2-5-flash__default__poc1-fastapi-security__run3_20260319_000731_d718c6a9.json
INFO:src.evaluator.experiments.runner:Completed h5 | repo=poc1-fastapi-security model=google_gemini_2-5_flash prompt=default repetition=run3 -> evaluation_reports/experiments/h5/20260318_223200/google_gemini_2-5_flash/default/poc1-fastapi-security/h5__gemini-2-5-flash__default__poc1-fastapi-security__run3_20260319_000731_d718c6a9.json
INFO:src.evaluator.experiments.runner:Running cleanup after run: experiment=h5 repo=poc1-fastapi-security model=google_gemini_2-5_flash prompt=default repetition=run3
INFO:src.tools.cluster_cleanup:Skipping protected namespace: container-registry
INFO:src.tools.cluster_cleanup:Skipping protected namespace: default
INFO:src.tools.cluster_cleanup:Skipping protected namespace: ingress
INFO:src.tools.cluster_cleanup:Skipping protected namespace: kube-node-lease
INFO:src.tools.cluster_cleanup:Skipping protected namespace: kube-public
INFO:src.tools.cluster_cleanup:Skipping protected namespace: kube-system
INFO:src.tools.cluster_cleanup:No /etc/hosts entries required cleanup.
INFO:src.tools.cluster_cleanup:Running Docker system prune to remove unused resources (preserving base images)...
INFO:src.tools.cluster_cleanup:Docker system prune completed successfully.
INFO:src.evaluator.experiments.runner:Cluster cleanup completed successfully for 'h5'.
INFO:src.evaluator.experiments.runner:Preparing run: repo=poc1-fastapi-security model=google_gemini_2-5_flash prompt=default repetition=run4
INFO:src.evaluator.core.evaluator:Starting evaluation for https://github.com/run-rasztabiga-me/poc1-fastapi-security.git (ID: 9161c364-a172-42cd-9269-b24655774f66)
INFO:src.evaluator.core.integration:Starting real generation for https://github.com/run-rasztabiga-me/poc1-fastapi-security.git
INFO:src.generator.core.generator:Starting configuration generation for repository: https://github.com/run-rasztabiga-me/poc1-fastapi-security.git
INFO:src.generator.core.generator:Run ID: e72e09a0-d870-4d16-a5a6-7ad7e779f15d, Workspace: tmp/poc1-fastapi-security-e72e09a0-d870-4d16-a5a6-7ad7e779f15d
INFO:src.generator.agents.config_agent:Starting configuration generation for: https://github.com/run-rasztabiga-me/poc1-fastapi-security.git
INFO:src.generator.agents.config_agent:Using prompt version: default
INFO:src.generator.tools.repository_tools:🔧 Tool called: clone_repo(repo_url=https://github.com/run-rasztabiga-me/poc1-fastapi-security.git)
INFO:src.generator.core.workspace:Cloning https://github.com/run-rasztabiga-me/poc1-fastapi-security.git to /Users/rasztabigab/Studia/run/tmp/poc1-fastapi-security-e72e09a0-d870-4d16-a5a6-7ad7e779f15d
INFO:src.generator.tools.repository_tools:🔧 Tool called: prepare_repo_tree()
INFO:src.generator.tools.repository_tools:🔧 Tool called: get_file_content(file_path=app/main.py)
INFO:src.generator.tools.repository_tools:🔧 Tool called: get_file_content(file_path=requirements.txt)
INFO:src.generator.tools.repository_tools:🔧 Tool called: write_file(file_path=Dockerfile, content_length=527)
INFO:src.generator.tools.repository_tools:🔧 Tool called: write_file(file_path=k8s/deployment.yaml, content_length=911)
INFO:src.generator.tools.repository_tools:🔧 Tool called: write_file(file_path=k8s/service.yaml, content_length=234)
INFO:src.generator.tools.repository_tools:🔧 Tool called: write_file(file_path=k8s/ingress.yaml, content_length=441)
INFO:src.evaluator.core.integration:Fetching metrics from LangSmith for run_id: e72e09a0-d870-4d16-a5a6-7ad7e779f15d
INFO:src.evaluator.metrics.langsmith_collector:Run e72e09a0-d870-4d16-a5a6-7ad7e779f15d is still pending, retrying in 5 seconds... (attempt 1/5)
INFO:src.evaluator.metrics.langsmith_collector:Fetched metrics from LangSmith: 8 tool calls, 30877 tokens
INFO:src.evaluator.core.integration:Using structured output from ConfigurationOutput
INFO:src.evaluator.core.integration:Generated 1 Dockerfiles and 3 K8s manifests
INFO:src.evaluator.validators.config_validator:Building Docker image: poc1-fastapi-security from Dockerfile
INFO:src.evaluator.validators.config_validator:Full image name with run-scoped tag: 192.168.1.39:32000/poc1-fastapi-security-poc1-fastapi-security:e72e09a0-d870-4d16-a5a6-7ad7e779f15d
INFO:src.evaluator.validators.config_validator:Building Docker image 192.168.1.39:32000/poc1-fastapi-security-poc1-fastapi-security:e72e09a0-d870-4d16-a5a6-7ad7e779f15d with buildx
INFO:src.evaluator.validators.config_validator:Build completed successfully for 192.168.1.39:32000/poc1-fastapi-security-poc1-fastapi-security:e72e09a0-d870-4d16-a5a6-7ad7e779f15d
INFO:src.evaluator.validators.config_validator:Successfully pushed image to registry: 192.168.1.39:32000/poc1-fastapi-security-poc1-fastapi-security:e72e09a0-d870-4d16-a5a6-7ad7e779f15d
INFO:src.evaluator.validators.config_validator:Verifying image in registry: 192.168.1.39:32000/poc1-fastapi-security-poc1-fastapi-security:e72e09a0-d870-4d16-a5a6-7ad7e779f15d
INFO:src.evaluator.validators.config_validator:Successfully verified image in registry: 192.168.1.39:32000/poc1-fastapi-security-poc1-fastapi-security:e72e09a0-d870-4d16-a5a6-7ad7e779f15d
INFO:src.evaluator.validators.config_validator:Image metrics: 58.45 MB, 9 layers, built in 0.8s
INFO:src.evaluator.core.evaluator:Evaluation completed for https://github.com/run-rasztabiga-me/poc1-fastapi-security.git
INFO:src.evaluator.reports.reporter:Report saved to evaluation_reports/experiments/h5/20260318_223200/google_gemini_2-5_flash/default/poc1-fastapi-security/h5__gemini-2-5-flash__default__poc1-fastapi-security__run4_20260319_000758_9161c364.json
INFO:src.evaluator.experiments.runner:Completed h5 | repo=poc1-fastapi-security model=google_gemini_2-5_flash prompt=default repetition=run4 -> evaluation_reports/experiments/h5/20260318_223200/google_gemini_2-5_flash/default/poc1-fastapi-security/h5__gemini-2-5-flash__default__poc1-fastapi-security__run4_20260319_000758_9161c364.json
INFO:src.evaluator.experiments.runner:Running cleanup after run: experiment=h5 repo=poc1-fastapi-security model=google_gemini_2-5_flash prompt=default repetition=run4
INFO:src.tools.cluster_cleanup:Skipping protected namespace: container-registry
INFO:src.tools.cluster_cleanup:Skipping protected namespace: default
INFO:src.tools.cluster_cleanup:Skipping protected namespace: ingress
INFO:src.tools.cluster_cleanup:Skipping protected namespace: kube-node-lease
INFO:src.tools.cluster_cleanup:Skipping protected namespace: kube-public
INFO:src.tools.cluster_cleanup:Skipping protected namespace: kube-system
INFO:src.tools.cluster_cleanup:No /etc/hosts entries required cleanup.
INFO:src.tools.cluster_cleanup:Running Docker system prune to remove unused resources (preserving base images)...
INFO:src.tools.cluster_cleanup:Docker system prune completed successfully.
INFO:src.evaluator.experiments.runner:Cluster cleanup completed successfully for 'h5'.
INFO:src.evaluator.experiments.runner:Preparing run: repo=poc1-fastapi-security model=google_gemini_2-5_flash prompt=default repetition=run5
INFO:src.evaluator.core.evaluator:Starting evaluation for https://github.com/run-rasztabiga-me/poc1-fastapi-security.git (ID: 58aa10ee-3b3f-4352-ac6f-95bf6f390f88)
INFO:src.evaluator.core.integration:Starting real generation for https://github.com/run-rasztabiga-me/poc1-fastapi-security.git
INFO:src.generator.core.generator:Starting configuration generation for repository: https://github.com/run-rasztabiga-me/poc1-fastapi-security.git
INFO:src.generator.core.generator:Run ID: 35e829e8-f301-4040-97ce-f75e431ee248, Workspace: tmp/poc1-fastapi-security-35e829e8-f301-4040-97ce-f75e431ee248
INFO:src.generator.agents.config_agent:Starting configuration generation for: https://github.com/run-rasztabiga-me/poc1-fastapi-security.git
INFO:src.generator.agents.config_agent:Using prompt version: default
INFO:src.generator.tools.repository_tools:🔧 Tool called: clone_repo(repo_url=https://github.com/run-rasztabiga-me/poc1-fastapi-security.git)
INFO:src.generator.core.workspace:Cloning https://github.com/run-rasztabiga-me/poc1-fastapi-security.git to /Users/rasztabigab/Studia/run/tmp/poc1-fastapi-security-35e829e8-f301-4040-97ce-f75e431ee248
INFO:src.generator.tools.repository_tools:🔧 Tool called: prepare_repo_tree()
INFO:src.generator.tools.repository_tools:🔧 Tool called: get_file_content(file_path=requirements.txt)
INFO:src.generator.tools.repository_tools:🔧 Tool called: get_file_content(file_path=app/main.py)
INFO:src.generator.tools.repository_tools:🔧 Tool called: write_file(file_path=Dockerfile, content_length=221)
INFO:src.generator.tools.repository_tools:🔧 Tool called: write_file(file_path=k8s/poc1-fastapi-security-deployment.yaml, content_length=930)
INFO:src.generator.tools.repository_tools:🔧 Tool called: write_file(file_path=k8s/poc1-fastapi-security-service.yaml, content_length=247)
INFO:src.generator.tools.repository_tools:🔧 Tool called: write_file(file_path=k8s/poc1-fastapi-security-ingress.yaml, content_length=523)
INFO:src.evaluator.core.integration:Fetching metrics from LangSmith for run_id: 35e829e8-f301-4040-97ce-f75e431ee248
INFO:src.evaluator.metrics.langsmith_collector:Run 35e829e8-f301-4040-97ce-f75e431ee248 is still pending, retrying in 5 seconds... (attempt 1/5)
INFO:src.evaluator.metrics.langsmith_collector:Fetched metrics from LangSmith: 8 tool calls, 30561 tokens
INFO:src.evaluator.core.integration:Using structured output from ConfigurationOutput
INFO:src.evaluator.core.integration:Generated 1 Dockerfiles and 3 K8s manifests
INFO:src.evaluator.validators.config_validator:Building Docker image: poc1-fastapi-security from Dockerfile
INFO:src.evaluator.validators.config_validator:Full image name with run-scoped tag: 192.168.1.39:32000/poc1-fastapi-security-poc1-fastapi-security:35e829e8-f301-4040-97ce-f75e431ee248
INFO:src.evaluator.validators.config_validator:Building Docker image 192.168.1.39:32000/poc1-fastapi-security-poc1-fastapi-security:35e829e8-f301-4040-97ce-f75e431ee248 with buildx
INFO:src.evaluator.validators.config_validator:Build completed successfully for 192.168.1.39:32000/poc1-fastapi-security-poc1-fastapi-security:35e829e8-f301-4040-97ce-f75e431ee248
INFO:src.evaluator.validators.config_validator:Successfully pushed image to registry: 192.168.1.39:32000/poc1-fastapi-security-poc1-fastapi-security:35e829e8-f301-4040-97ce-f75e431ee248
INFO:src.evaluator.validators.config_validator:Verifying image in registry: 192.168.1.39:32000/poc1-fastapi-security-poc1-fastapi-security:35e829e8-f301-4040-97ce-f75e431ee248
INFO:src.evaluator.validators.config_validator:Successfully verified image in registry: 192.168.1.39:32000/poc1-fastapi-security-poc1-fastapi-security:35e829e8-f301-4040-97ce-f75e431ee248
INFO:src.evaluator.validators.config_validator:Image metrics: 58.45 MB, 9 layers, built in 0.7s
INFO:src.evaluator.core.evaluator:Evaluation completed for https://github.com/run-rasztabiga-me/poc1-fastapi-security.git
INFO:src.evaluator.reports.reporter:Report saved to evaluation_reports/experiments/h5/20260318_223200/google_gemini_2-5_flash/default/poc1-fastapi-security/h5__gemini-2-5-flash__default__poc1-fastapi-security__run5_20260319_000822_58aa10ee.json
INFO:src.evaluator.experiments.runner:Completed h5 | repo=poc1-fastapi-security model=google_gemini_2-5_flash prompt=default repetition=run5 -> evaluation_reports/experiments/h5/20260318_223200/google_gemini_2-5_flash/default/poc1-fastapi-security/h5__gemini-2-5-flash__default__poc1-fastapi-security__run5_20260319_000822_58aa10ee.json
INFO:src.evaluator.experiments.runner:Running cleanup after run: experiment=h5 repo=poc1-fastapi-security model=google_gemini_2-5_flash prompt=default repetition=run5
INFO:src.tools.cluster_cleanup:Skipping protected namespace: container-registry
INFO:src.tools.cluster_cleanup:Skipping protected namespace: default
INFO:src.tools.cluster_cleanup:Skipping protected namespace: ingress
INFO:src.tools.cluster_cleanup:Skipping protected namespace: kube-node-lease
INFO:src.tools.cluster_cleanup:Skipping protected namespace: kube-public
INFO:src.tools.cluster_cleanup:Skipping protected namespace: kube-system
INFO:src.tools.cluster_cleanup:No /etc/hosts entries required cleanup.
INFO:src.tools.cluster_cleanup:Running Docker system prune to remove unused resources (preserving base images)...
INFO:src.tools.cluster_cleanup:Docker system prune completed successfully.
INFO:src.evaluator.experiments.runner:Cluster cleanup completed successfully for 'h5'.
INFO:src.evaluator.experiments.runner:Preparing run: repo=poc1-fastapi-security model=google_gemini_2-5_flash prompt=default repetition=run6
INFO:src.evaluator.core.evaluator:Starting evaluation for https://github.com/run-rasztabiga-me/poc1-fastapi-security.git (ID: 38061630-9b67-4a44-b00f-a5b8fda16025)
INFO:src.evaluator.core.integration:Starting real generation for https://github.com/run-rasztabiga-me/poc1-fastapi-security.git
INFO:src.generator.core.generator:Starting configuration generation for repository: https://github.com/run-rasztabiga-me/poc1-fastapi-security.git
INFO:src.generator.core.generator:Run ID: 2281bf15-9f1a-47e1-9ef8-56ae61cf2df7, Workspace: tmp/poc1-fastapi-security-2281bf15-9f1a-47e1-9ef8-56ae61cf2df7
INFO:src.generator.agents.config_agent:Starting configuration generation for: https://github.com/run-rasztabiga-me/poc1-fastapi-security.git
INFO:src.generator.agents.config_agent:Using prompt version: default
INFO:src.generator.tools.repository_tools:🔧 Tool called: clone_repo(repo_url=https://github.com/run-rasztabiga-me/poc1-fastapi-security.git)
INFO:src.generator.core.workspace:Cloning https://github.com/run-rasztabiga-me/poc1-fastapi-security.git to /Users/rasztabigab/Studia/run/tmp/poc1-fastapi-security-2281bf15-9f1a-47e1-9ef8-56ae61cf2df7
INFO:src.generator.tools.repository_tools:🔧 Tool called: prepare_repo_tree()
INFO:src.generator.tools.repository_tools:🔧 Tool called: get_file_content(file_path=requirements.txt)
INFO:src.generator.tools.repository_tools:🔧 Tool called: write_file(file_path=Dockerfile, content_length=222)
INFO:src.generator.tools.repository_tools:🔧 Tool called: get_file_content(file_path=app/main.py)
INFO:src.generator.tools.repository_tools:🔧 Tool called: write_file(file_path=k8s/deployment.yaml, content_length=631)
INFO:src.generator.tools.repository_tools:🔧 Tool called: write_file(file_path=k8s/service.yaml, content_length=235)
INFO:src.generator.tools.repository_tools:🔧 Tool called: write_file(file_path=k8s/ingress.yaml, content_length=439)
INFO:src.evaluator.core.integration:Fetching metrics from LangSmith for run_id: 2281bf15-9f1a-47e1-9ef8-56ae61cf2df7
INFO:src.evaluator.metrics.langsmith_collector:Run 2281bf15-9f1a-47e1-9ef8-56ae61cf2df7 is still pending, retrying in 5 seconds... (attempt 1/5)
INFO:src.evaluator.metrics.langsmith_collector:Fetched metrics from LangSmith: 8 tool calls, 29407 tokens
INFO:src.evaluator.core.integration:Using structured output from ConfigurationOutput
INFO:src.evaluator.core.integration:Generated 1 Dockerfiles and 3 K8s manifests
INFO:src.evaluator.validators.config_validator:Building Docker image: poc1-fastapi-security from Dockerfile
INFO:src.evaluator.validators.config_validator:Full image name with run-scoped tag: 192.168.1.39:32000/poc1-fastapi-security-poc1-fastapi-security:2281bf15-9f1a-47e1-9ef8-56ae61cf2df7
INFO:src.evaluator.validators.config_validator:Building Docker image 192.168.1.39:32000/poc1-fastapi-security-poc1-fastapi-security:2281bf15-9f1a-47e1-9ef8-56ae61cf2df7 with buildx
INFO:src.evaluator.validators.config_validator:Build completed successfully for 192.168.1.39:32000/poc1-fastapi-security-poc1-fastapi-security:2281bf15-9f1a-47e1-9ef8-56ae61cf2df7
INFO:src.evaluator.validators.config_validator:Successfully pushed image to registry: 192.168.1.39:32000/poc1-fastapi-security-poc1-fastapi-security:2281bf15-9f1a-47e1-9ef8-56ae61cf2df7
INFO:src.evaluator.validators.config_validator:Verifying image in registry: 192.168.1.39:32000/poc1-fastapi-security-poc1-fastapi-security:2281bf15-9f1a-47e1-9ef8-56ae61cf2df7
INFO:src.evaluator.validators.config_validator:Successfully verified image in registry: 192.168.1.39:32000/poc1-fastapi-security-poc1-fastapi-security:2281bf15-9f1a-47e1-9ef8-56ae61cf2df7
INFO:src.evaluator.validators.config_validator:Image metrics: 58.45 MB, 9 layers, built in 0.8s
INFO:src.evaluator.core.evaluator:Evaluation completed for https://github.com/run-rasztabiga-me/poc1-fastapi-security.git
INFO:src.evaluator.reports.reporter:Report saved to evaluation_reports/experiments/h5/20260318_223200/google_gemini_2-5_flash/default/poc1-fastapi-security/h5__gemini-2-5-flash__default__poc1-fastapi-security__run6_20260319_000844_38061630.json
INFO:src.evaluator.experiments.runner:Completed h5 | repo=poc1-fastapi-security model=google_gemini_2-5_flash prompt=default repetition=run6 -> evaluation_reports/experiments/h5/20260318_223200/google_gemini_2-5_flash/default/poc1-fastapi-security/h5__gemini-2-5-flash__default__poc1-fastapi-security__run6_20260319_000844_38061630.json
INFO:src.evaluator.experiments.runner:Running cleanup after run: experiment=h5 repo=poc1-fastapi-security model=google_gemini_2-5_flash prompt=default repetition=run6
INFO:src.tools.cluster_cleanup:Skipping protected namespace: container-registry
INFO:src.tools.cluster_cleanup:Skipping protected namespace: default
INFO:src.tools.cluster_cleanup:Skipping protected namespace: ingress
INFO:src.tools.cluster_cleanup:Skipping protected namespace: kube-node-lease
INFO:src.tools.cluster_cleanup:Skipping protected namespace: kube-public
INFO:src.tools.cluster_cleanup:Skipping protected namespace: kube-system
INFO:src.tools.cluster_cleanup:No /etc/hosts entries required cleanup.
INFO:src.tools.cluster_cleanup:Running Docker system prune to remove unused resources (preserving base images)...
INFO:src.tools.cluster_cleanup:Docker system prune completed successfully.
INFO:src.evaluator.experiments.runner:Cluster cleanup completed successfully for 'h5'.
INFO:src.evaluator.experiments.runner:Preparing run: repo=poc1-fastapi-security model=google_gemini_2-5_flash prompt=default repetition=run7
INFO:src.evaluator.core.evaluator:Starting evaluation for https://github.com/run-rasztabiga-me/poc1-fastapi-security.git (ID: 21dc5d23-a6ed-4e73-9646-0d5c8f48dece)
INFO:src.evaluator.core.integration:Starting real generation for https://github.com/run-rasztabiga-me/poc1-fastapi-security.git
INFO:src.generator.core.generator:Starting configuration generation for repository: https://github.com/run-rasztabiga-me/poc1-fastapi-security.git
INFO:src.generator.core.generator:Run ID: ea0860aa-a74a-499e-9862-86e7414fdf18, Workspace: tmp/poc1-fastapi-security-ea0860aa-a74a-499e-9862-86e7414fdf18
INFO:src.generator.agents.config_agent:Starting configuration generation for: https://github.com/run-rasztabiga-me/poc1-fastapi-security.git
INFO:src.generator.agents.config_agent:Using prompt version: default
INFO:src.generator.tools.repository_tools:🔧 Tool called: clone_repo(repo_url=https://github.com/run-rasztabiga-me/poc1-fastapi-security.git)
INFO:src.generator.core.workspace:Cloning https://github.com/run-rasztabiga-me/poc1-fastapi-security.git to /Users/rasztabigab/Studia/run/tmp/poc1-fastapi-security-ea0860aa-a74a-499e-9862-86e7414fdf18
INFO:src.generator.tools.repository_tools:🔧 Tool called: prepare_repo_tree()
INFO:src.generator.tools.repository_tools:🔧 Tool called: get_file_content(file_path=app/main.py)
INFO:src.generator.tools.repository_tools:🔧 Tool called: get_file_content(file_path=requirements.txt)
INFO:src.generator.tools.repository_tools:🔧 Tool called: write_file(file_path=Dockerfile, content_length=214)
INFO:src.generator.tools.repository_tools:🔧 Tool called: write_file(file_path=k8s/deployment.yaml, content_length=617)
INFO:src.generator.tools.repository_tools:🔧 Tool called: write_file(file_path=k8s/service.yaml, content_length=253)
INFO:src.generator.tools.repository_tools:🔧 Tool called: write_file(file_path=k8s/ingress.yaml, content_length=447)
INFO:src.evaluator.core.integration:Fetching metrics from LangSmith for run_id: ea0860aa-a74a-499e-9862-86e7414fdf18
INFO:src.evaluator.metrics.langsmith_collector:Run ea0860aa-a74a-499e-9862-86e7414fdf18 is still pending, retrying in 5 seconds... (attempt 1/5)
INFO:src.evaluator.metrics.langsmith_collector:Fetched metrics from LangSmith: 8 tool calls, 30143 tokens
INFO:src.evaluator.core.integration:Using structured output from ConfigurationOutput
INFO:src.evaluator.core.integration:Generated 1 Dockerfiles and 3 K8s manifests
INFO:src.evaluator.validators.config_validator:Building Docker image: poc1-fastapi-security from Dockerfile
INFO:src.evaluator.validators.config_validator:Full image name with run-scoped tag: 192.168.1.39:32000/poc1-fastapi-security-poc1-fastapi-security:ea0860aa-a74a-499e-9862-86e7414fdf18
INFO:src.evaluator.validators.config_validator:Building Docker image 192.168.1.39:32000/poc1-fastapi-security-poc1-fastapi-security:ea0860aa-a74a-499e-9862-86e7414fdf18 with buildx
INFO:src.evaluator.validators.config_validator:Build completed successfully for 192.168.1.39:32000/poc1-fastapi-security-poc1-fastapi-security:ea0860aa-a74a-499e-9862-86e7414fdf18
INFO:src.evaluator.validators.config_validator:Successfully pushed image to registry: 192.168.1.39:32000/poc1-fastapi-security-poc1-fastapi-security:ea0860aa-a74a-499e-9862-86e7414fdf18
INFO:src.evaluator.validators.config_validator:Verifying image in registry: 192.168.1.39:32000/poc1-fastapi-security-poc1-fastapi-security:ea0860aa-a74a-499e-9862-86e7414fdf18
INFO:src.evaluator.validators.config_validator:Successfully verified image in registry: 192.168.1.39:32000/poc1-fastapi-security-poc1-fastapi-security:ea0860aa-a74a-499e-9862-86e7414fdf18
INFO:src.evaluator.validators.config_validator:Image metrics: 58.45 MB, 9 layers, built in 0.7s
INFO:src.evaluator.core.evaluator:Evaluation completed for https://github.com/run-rasztabiga-me/poc1-fastapi-security.git
INFO:src.evaluator.reports.reporter:Report saved to evaluation_reports/experiments/h5/20260318_223200/google_gemini_2-5_flash/default/poc1-fastapi-security/h5__gemini-2-5-flash__default__poc1-fastapi-security__run7_20260319_000907_21dc5d23.json
INFO:src.evaluator.experiments.runner:Completed h5 | repo=poc1-fastapi-security model=google_gemini_2-5_flash prompt=default repetition=run7 -> evaluation_reports/experiments/h5/20260318_223200/google_gemini_2-5_flash/default/poc1-fastapi-security/h5__gemini-2-5-flash__default__poc1-fastapi-security__run7_20260319_000907_21dc5d23.json
INFO:src.evaluator.experiments.runner:Running cleanup after run: experiment=h5 repo=poc1-fastapi-security model=google_gemini_2-5_flash prompt=default repetition=run7
INFO:src.tools.cluster_cleanup:Skipping protected namespace: container-registry
INFO:src.tools.cluster_cleanup:Skipping protected namespace: default
INFO:src.tools.cluster_cleanup:Skipping protected namespace: ingress
INFO:src.tools.cluster_cleanup:Skipping protected namespace: kube-node-lease
INFO:src.tools.cluster_cleanup:Skipping protected namespace: kube-public
INFO:src.tools.cluster_cleanup:Skipping protected namespace: kube-system
INFO:src.tools.cluster_cleanup:No /etc/hosts entries required cleanup.
INFO:src.tools.cluster_cleanup:Running Docker system prune to remove unused resources (preserving base images)...
INFO:src.tools.cluster_cleanup:Docker system prune completed successfully.
INFO:src.evaluator.experiments.runner:Cluster cleanup completed successfully for 'h5'.
INFO:src.evaluator.experiments.runner:Preparing run: repo=poc1-fastapi-security model=google_gemini_2-5_flash prompt=default repetition=run8
INFO:src.evaluator.core.evaluator:Starting evaluation for https://github.com/run-rasztabiga-me/poc1-fastapi-security.git (ID: 9fc7bb00-d5fd-4fab-8eb9-f0329d5ea391)
INFO:src.evaluator.core.integration:Starting real generation for https://github.com/run-rasztabiga-me/poc1-fastapi-security.git
INFO:src.generator.core.generator:Starting configuration generation for repository: https://github.com/run-rasztabiga-me/poc1-fastapi-security.git
INFO:src.generator.core.generator:Run ID: 979dac94-b7ed-482a-8c33-130e483f6632, Workspace: tmp/poc1-fastapi-security-979dac94-b7ed-482a-8c33-130e483f6632
INFO:src.generator.agents.config_agent:Starting configuration generation for: https://github.com/run-rasztabiga-me/poc1-fastapi-security.git
INFO:src.generator.agents.config_agent:Using prompt version: default
INFO:src.generator.tools.repository_tools:🔧 Tool called: clone_repo(repo_url=https://github.com/run-rasztabiga-me/poc1-fastapi-security.git)
INFO:src.generator.core.workspace:Cloning https://github.com/run-rasztabiga-me/poc1-fastapi-security.git to /Users/rasztabigab/Studia/run/tmp/poc1-fastapi-security-979dac94-b7ed-482a-8c33-130e483f6632
INFO:src.generator.tools.repository_tools:🔧 Tool called: prepare_repo_tree()
INFO:src.generator.tools.repository_tools:🔧 Tool called: get_file_content(file_path=app/main.py)
INFO:src.generator.tools.repository_tools:🔧 Tool called: get_file_content(file_path=requirements.txt)
INFO:src.generator.tools.repository_tools:🔧 Tool called: write_file(file_path=Dockerfile, content_length=223)
INFO:src.generator.tools.repository_tools:🔧 Tool called: write_file(file_path=k8s/ingress.yaml, content_length=405)
INFO:src.generator.tools.repository_tools:🔧 Tool called: write_file(file_path=k8s/deployment.yaml, content_length=919)
INFO:src.generator.tools.repository_tools:🔧 Tool called: write_file(file_path=k8s/service.yaml, content_length=245)
INFO:src.evaluator.core.integration:Fetching metrics from LangSmith for run_id: 979dac94-b7ed-482a-8c33-130e483f6632
INFO:src.evaluator.metrics.langsmith_collector:Run 979dac94-b7ed-482a-8c33-130e483f6632 is still pending, retrying in 5 seconds... (attempt 1/5)
INFO:src.evaluator.metrics.langsmith_collector:Fetched metrics from LangSmith: 8 tool calls, 22140 tokens
INFO:src.evaluator.core.integration:Using structured output from ConfigurationOutput
INFO:src.evaluator.core.integration:Generated 1 Dockerfiles and 3 K8s manifests
INFO:src.evaluator.validators.config_validator:Building Docker image: poc1-fastapi-security from Dockerfile
INFO:src.evaluator.validators.config_validator:Full image name with run-scoped tag: 192.168.1.39:32000/poc1-fastapi-security-poc1-fastapi-security:979dac94-b7ed-482a-8c33-130e483f6632
INFO:src.evaluator.validators.config_validator:Building Docker image 192.168.1.39:32000/poc1-fastapi-security-poc1-fastapi-security:979dac94-b7ed-482a-8c33-130e483f6632 with buildx
INFO:src.evaluator.validators.config_validator:Build completed successfully for 192.168.1.39:32000/poc1-fastapi-security-poc1-fastapi-security:979dac94-b7ed-482a-8c33-130e483f6632
INFO:src.evaluator.validators.config_validator:Successfully pushed image to registry: 192.168.1.39:32000/poc1-fastapi-security-poc1-fastapi-security:979dac94-b7ed-482a-8c33-130e483f6632
INFO:src.evaluator.validators.config_validator:Verifying image in registry: 192.168.1.39:32000/poc1-fastapi-security-poc1-fastapi-security:979dac94-b7ed-482a-8c33-130e483f6632
INFO:src.evaluator.validators.config_validator:Successfully verified image in registry: 192.168.1.39:32000/poc1-fastapi-security-poc1-fastapi-security:979dac94-b7ed-482a-8c33-130e483f6632
INFO:src.evaluator.validators.config_validator:Image metrics: 59.40 MB, 9 layers, built in 0.8s
INFO:src.evaluator.core.evaluator:Evaluation completed for https://github.com/run-rasztabiga-me/poc1-fastapi-security.git
INFO:src.evaluator.reports.reporter:Report saved to evaluation_reports/experiments/h5/20260318_223200/google_gemini_2-5_flash/default/poc1-fastapi-security/h5__gemini-2-5-flash__default__poc1-fastapi-security__run8_20260319_000930_9fc7bb00.json
INFO:src.evaluator.experiments.runner:Completed h5 | repo=poc1-fastapi-security model=google_gemini_2-5_flash prompt=default repetition=run8 -> evaluation_reports/experiments/h5/20260318_223200/google_gemini_2-5_flash/default/poc1-fastapi-security/h5__gemini-2-5-flash__default__poc1-fastapi-security__run8_20260319_000930_9fc7bb00.json
INFO:src.evaluator.experiments.runner:Running cleanup after run: experiment=h5 repo=poc1-fastapi-security model=google_gemini_2-5_flash prompt=default repetition=run8
INFO:src.tools.cluster_cleanup:Skipping protected namespace: container-registry
INFO:src.tools.cluster_cleanup:Skipping protected namespace: default
INFO:src.tools.cluster_cleanup:Skipping protected namespace: ingress
INFO:src.tools.cluster_cleanup:Skipping protected namespace: kube-node-lease
INFO:src.tools.cluster_cleanup:Skipping protected namespace: kube-public
INFO:src.tools.cluster_cleanup:Skipping protected namespace: kube-system
INFO:src.tools.cluster_cleanup:No /etc/hosts entries required cleanup.
INFO:src.tools.cluster_cleanup:Running Docker system prune to remove unused resources (preserving base images)...
INFO:src.tools.cluster_cleanup:Docker system prune completed successfully.
INFO:src.evaluator.experiments.runner:Cluster cleanup completed successfully for 'h5'.
INFO:src.evaluator.experiments.runner:Preparing run: repo=poc1-fastapi-security model=google_gemini_2-5_flash prompt=default repetition=run9
INFO:src.evaluator.core.evaluator:Starting evaluation for https://github.com/run-rasztabiga-me/poc1-fastapi-security.git (ID: 2605f893-f98a-4ae6-8482-fe6ab66b96a8)
INFO:src.evaluator.core.integration:Starting real generation for https://github.com/run-rasztabiga-me/poc1-fastapi-security.git
INFO:src.generator.core.generator:Starting configuration generation for repository: https://github.com/run-rasztabiga-me/poc1-fastapi-security.git
INFO:src.generator.core.generator:Run ID: bccb42a1-0422-4a81-b4bf-77214e74d33f, Workspace: tmp/poc1-fastapi-security-bccb42a1-0422-4a81-b4bf-77214e74d33f
INFO:src.generator.agents.config_agent:Starting configuration generation for: https://github.com/run-rasztabiga-me/poc1-fastapi-security.git
INFO:src.generator.agents.config_agent:Using prompt version: default
INFO:src.generator.tools.repository_tools:🔧 Tool called: clone_repo(repo_url=https://github.com/run-rasztabiga-me/poc1-fastapi-security.git)
INFO:src.generator.core.workspace:Cloning https://github.com/run-rasztabiga-me/poc1-fastapi-security.git to /Users/rasztabigab/Studia/run/tmp/poc1-fastapi-security-bccb42a1-0422-4a81-b4bf-77214e74d33f
INFO:src.generator.tools.repository_tools:🔧 Tool called: ls(dir_path=.)
INFO:src.generator.tools.repository_tools:🔧 Tool called: get_file_content(file_path=requirements.txt)
INFO:src.generator.tools.repository_tools:🔧 Tool called: ls(dir_path=app/)
INFO:src.generator.tools.repository_tools:🔧 Tool called: get_file_content(file_path=app/main.py)
INFO:src.generator.tools.repository_tools:🔧 Tool called: write_file(file_path=Dockerfile, content_length=222)
INFO:src.generator.tools.repository_tools:🔧 Tool called: write_file(file_path=k8s/deployment.yaml, content_length=863)
INFO:src.generator.tools.repository_tools:🔧 Tool called: write_file(file_path=k8s/service.yaml, content_length=217)
INFO:src.generator.tools.repository_tools:🔧 Tool called: write_file(file_path=k8s/ingress.yaml, content_length=393)
INFO:src.evaluator.core.integration:Fetching metrics from LangSmith for run_id: bccb42a1-0422-4a81-b4bf-77214e74d33f
INFO:src.evaluator.metrics.langsmith_collector:Run bccb42a1-0422-4a81-b4bf-77214e74d33f is still pending, retrying in 5 seconds... (attempt 1/5)
INFO:src.evaluator.metrics.langsmith_collector:Fetched metrics from LangSmith: 9 tool calls, 37096 tokens
INFO:src.evaluator.core.integration:Using structured output from ConfigurationOutput
INFO:src.evaluator.core.integration:Generated 1 Dockerfiles and 3 K8s manifests
INFO:src.evaluator.validators.config_validator:Building Docker image: fastapi-app from Dockerfile
INFO:src.evaluator.validators.config_validator:Full image name with run-scoped tag: 192.168.1.39:32000/poc1-fastapi-security-fastapi-app:bccb42a1-0422-4a81-b4bf-77214e74d33f
INFO:src.evaluator.validators.config_validator:Building Docker image 192.168.1.39:32000/poc1-fastapi-security-fastapi-app:bccb42a1-0422-4a81-b4bf-77214e74d33f with buildx
INFO:src.evaluator.validators.config_validator:Build completed successfully for 192.168.1.39:32000/poc1-fastapi-security-fastapi-app:bccb42a1-0422-4a81-b4bf-77214e74d33f
INFO:src.evaluator.validators.config_validator:Successfully pushed image to registry: 192.168.1.39:32000/poc1-fastapi-security-fastapi-app:bccb42a1-0422-4a81-b4bf-77214e74d33f
INFO:src.evaluator.validators.config_validator:Verifying image in registry: 192.168.1.39:32000/poc1-fastapi-security-fastapi-app:bccb42a1-0422-4a81-b4bf-77214e74d33f
INFO:src.evaluator.validators.config_validator:Successfully verified image in registry: 192.168.1.39:32000/poc1-fastapi-security-fastapi-app:bccb42a1-0422-4a81-b4bf-77214e74d33f
INFO:src.evaluator.validators.config_validator:Image metrics: 59.40 MB, 9 layers, built in 0.7s
INFO:src.evaluator.core.evaluator:Evaluation completed for https://github.com/run-rasztabiga-me/poc1-fastapi-security.git
INFO:src.evaluator.reports.reporter:Report saved to evaluation_reports/experiments/h5/20260318_223200/google_gemini_2-5_flash/default/poc1-fastapi-security/h5__gemini-2-5-flash__default__poc1-fastapi-security__run9_20260319_000955_2605f893.json
INFO:src.evaluator.experiments.runner:Completed h5 | repo=poc1-fastapi-security model=google_gemini_2-5_flash prompt=default repetition=run9 -> evaluation_reports/experiments/h5/20260318_223200/google_gemini_2-5_flash/default/poc1-fastapi-security/h5__gemini-2-5-flash__default__poc1-fastapi-security__run9_20260319_000955_2605f893.json
INFO:src.evaluator.experiments.runner:Running cleanup after run: experiment=h5 repo=poc1-fastapi-security model=google_gemini_2-5_flash prompt=default repetition=run9
INFO:src.tools.cluster_cleanup:Skipping protected namespace: container-registry
INFO:src.tools.cluster_cleanup:Skipping protected namespace: default
INFO:src.tools.cluster_cleanup:Skipping protected namespace: ingress
INFO:src.tools.cluster_cleanup:Skipping protected namespace: kube-node-lease
INFO:src.tools.cluster_cleanup:Skipping protected namespace: kube-public
INFO:src.tools.cluster_cleanup:Skipping protected namespace: kube-system
INFO:src.tools.cluster_cleanup:No /etc/hosts entries required cleanup.
INFO:src.tools.cluster_cleanup:Running Docker system prune to remove unused resources (preserving base images)...
INFO:src.tools.cluster_cleanup:Docker system prune completed successfully.
INFO:src.evaluator.experiments.runner:Cluster cleanup completed successfully for 'h5'.
INFO:src.evaluator.experiments.runner:Preparing run: repo=poc1-fastapi-security model=google_gemini_2-5_flash prompt=default repetition=run10
INFO:src.evaluator.core.evaluator:Starting evaluation for https://github.com/run-rasztabiga-me/poc1-fastapi-security.git (ID: ae3a17c4-2ab3-412b-ac97-2befb2f40027)
INFO:src.evaluator.core.integration:Starting real generation for https://github.com/run-rasztabiga-me/poc1-fastapi-security.git
INFO:src.generator.core.generator:Starting configuration generation for repository: https://github.com/run-rasztabiga-me/poc1-fastapi-security.git
INFO:src.generator.core.generator:Run ID: df403ca7-a8c6-48a0-8706-e660ed06aefa, Workspace: tmp/poc1-fastapi-security-df403ca7-a8c6-48a0-8706-e660ed06aefa
INFO:src.generator.agents.config_agent:Starting configuration generation for: https://github.com/run-rasztabiga-me/poc1-fastapi-security.git
INFO:src.generator.agents.config_agent:Using prompt version: default
INFO:src.generator.tools.repository_tools:🔧 Tool called: clone_repo(repo_url=https://github.com/run-rasztabiga-me/poc1-fastapi-security.git)
INFO:src.generator.core.workspace:Cloning https://github.com/run-rasztabiga-me/poc1-fastapi-security.git to /Users/rasztabigab/Studia/run/tmp/poc1-fastapi-security-df403ca7-a8c6-48a0-8706-e660ed06aefa
INFO:src.generator.tools.repository_tools:🔧 Tool called: prepare_repo_tree()
INFO:src.generator.tools.repository_tools:🔧 Tool called: get_file_content(file_path=requirements.txt)
INFO:src.generator.tools.repository_tools:🔧 Tool called: get_file_content(file_path=app/main.py)
INFO:src.generator.tools.repository_tools:🔧 Tool called: write_file(file_path=Dockerfile, content_length=206)
INFO:src.generator.tools.repository_tools:🔧 Tool called: write_file(file_path=k8s/ingress.yaml, content_length=422)
INFO:src.generator.tools.repository_tools:🔧 Tool called: write_file(file_path=k8s/deployment.yaml, content_length=918)
INFO:src.generator.tools.repository_tools:🔧 Tool called: write_file(file_path=k8s/service.yaml, content_length=203)
INFO:src.evaluator.core.integration:Fetching metrics from LangSmith for run_id: df403ca7-a8c6-48a0-8706-e660ed06aefa
INFO:src.evaluator.metrics.langsmith_collector:Run df403ca7-a8c6-48a0-8706-e660ed06aefa is still pending, retrying in 5 seconds... (attempt 1/5)
INFO:src.evaluator.metrics.langsmith_collector:Fetched metrics from LangSmith: 8 tool calls, 21619 tokens
INFO:src.evaluator.core.integration:Using structured output from ConfigurationOutput
INFO:src.evaluator.core.integration:Generated 1 Dockerfiles and 3 K8s manifests
INFO:src.evaluator.validators.config_validator:Building Docker image: poc1-fastapi-security from Dockerfile
INFO:src.evaluator.validators.config_validator:Full image name with run-scoped tag: 192.168.1.39:32000/poc1-fastapi-security-poc1-fastapi-security:df403ca7-a8c6-48a0-8706-e660ed06aefa
INFO:src.evaluator.validators.config_validator:Building Docker image 192.168.1.39:32000/poc1-fastapi-security-poc1-fastapi-security:df403ca7-a8c6-48a0-8706-e660ed06aefa with buildx
INFO:src.evaluator.validators.config_validator:Build completed successfully for 192.168.1.39:32000/poc1-fastapi-security-poc1-fastapi-security:df403ca7-a8c6-48a0-8706-e660ed06aefa
INFO:src.evaluator.validators.config_validator:Successfully pushed image to registry: 192.168.1.39:32000/poc1-fastapi-security-poc1-fastapi-security:df403ca7-a8c6-48a0-8706-e660ed06aefa
INFO:src.evaluator.validators.config_validator:Verifying image in registry: 192.168.1.39:32000/poc1-fastapi-security-poc1-fastapi-security:df403ca7-a8c6-48a0-8706-e660ed06aefa
INFO:src.evaluator.validators.config_validator:Successfully verified image in registry: 192.168.1.39:32000/poc1-fastapi-security-poc1-fastapi-security:df403ca7-a8c6-48a0-8706-e660ed06aefa
INFO:src.evaluator.validators.config_validator:Image metrics: 58.45 MB, 9 layers, built in 0.7s
INFO:src.evaluator.core.evaluator:Evaluation completed for https://github.com/run-rasztabiga-me/poc1-fastapi-security.git
INFO:src.evaluator.reports.reporter:Report saved to evaluation_reports/experiments/h5/20260318_223200/google_gemini_2-5_flash/default/poc1-fastapi-security/h5__gemini-2-5-flash__default__poc1-fastapi-security__run10_20260319_001015_ae3a17c4.json
INFO:src.evaluator.experiments.runner:Completed h5 | repo=poc1-fastapi-security model=google_gemini_2-5_flash prompt=default repetition=run10 -> evaluation_reports/experiments/h5/20260318_223200/google_gemini_2-5_flash/default/poc1-fastapi-security/h5__gemini-2-5-flash__default__poc1-fastapi-security__run10_20260319_001015_ae3a17c4.json
INFO:src.evaluator.experiments.runner:Running cleanup after run: experiment=h5 repo=poc1-fastapi-security model=google_gemini_2-5_flash prompt=default repetition=run10
INFO:src.tools.cluster_cleanup:Skipping protected namespace: container-registry
INFO:src.tools.cluster_cleanup:Skipping protected namespace: default
INFO:src.tools.cluster_cleanup:Skipping protected namespace: ingress
INFO:src.tools.cluster_cleanup:Skipping protected namespace: kube-node-lease
INFO:src.tools.cluster_cleanup:Skipping protected namespace: kube-public
INFO:src.tools.cluster_cleanup:Skipping protected namespace: kube-system
INFO:src.tools.cluster_cleanup:No /etc/hosts entries required cleanup.
INFO:src.tools.cluster_cleanup:Running Docker system prune to remove unused resources (preserving base images)...
INFO:src.tools.cluster_cleanup:Docker system prune completed successfully.
INFO:src.evaluator.experiments.runner:Cluster cleanup completed successfully for 'h5'.
INFO:src.evaluator.experiments.runner:Preparing run: repo=poc1-fastapi-security model=openai_gpt5_mini prompt=default repetition=run1
INFO:src.evaluator.core.evaluator:Starting evaluation for https://github.com/run-rasztabiga-me/poc1-fastapi-security.git (ID: 4e2dc497-5402-481e-a7f0-4a16b43f71b0)
INFO:src.evaluator.core.integration:Starting real generation for https://github.com/run-rasztabiga-me/poc1-fastapi-security.git
INFO:src.generator.core.generator:Starting configuration generation for repository: https://github.com/run-rasztabiga-me/poc1-fastapi-security.git
INFO:src.generator.core.generator:Run ID: d1887f50-7692-4cbc-827c-8f657364420b, Workspace: tmp/poc1-fastapi-security-d1887f50-7692-4cbc-827c-8f657364420b
INFO:src.generator.agents.config_agent:Starting configuration generation for: https://github.com/run-rasztabiga-me/poc1-fastapi-security.git
INFO:src.generator.agents.config_agent:Using prompt version: default
INFO:src.generator.tools.repository_tools:🔧 Tool called: clone_repo(repo_url=https://github.com/run-rasztabiga-me/poc1-fastapi-security.git)
INFO:src.generator.core.workspace:Cloning https://github.com/run-rasztabiga-me/poc1-fastapi-security.git to /Users/rasztabigab/Studia/run/tmp/poc1-fastapi-security-d1887f50-7692-4cbc-827c-8f657364420b
INFO:src.generator.tools.repository_tools:🔧 Tool called: prepare_repo_tree()
INFO:src.generator.tools.repository_tools:🔧 Tool called: ls(dir_path=)
INFO:src.generator.tools.repository_tools:🔧 Tool called: ls(dir_path=app)
INFO:src.generator.tools.repository_tools:🔧 Tool called: get_file_content(file_path=app/main.py)
INFO:src.generator.tools.repository_tools:🔧 Tool called: get_file_content(file_path=requirements.txt)
INFO:src.generator.tools.repository_tools:🔧 Tool called: get_file_content(file_path=docs/operations.md)
INFO:src.generator.tools.repository_tools:🧠 Agent reflection (2462 chars)
INFO:src.generator.tools.repository_tools:🔧 Tool called: write_file(file_path=Dockerfile, content_length=489)
INFO:src.generator.tools.repository_tools:🔧 Tool called: write_file(file_path=k8s/deployment.yaml, content_length=962)
INFO:src.generator.tools.repository_tools:🔧 Tool called: write_file(file_path=k8s/service.yaml, content_length=211)
INFO:src.generator.tools.repository_tools:🔧 Tool called: write_file(file_path=k8s/ingress.yaml, content_length=446)
INFO:src.generator.tools.repository_tools:🔧 Tool called: write_file(file_path=k8s/namespace.yaml, content_length=71)
INFO:src.generator.tools.repository_tools:🔧 Tool called: ls(dir_path=k8s)
INFO:src.generator.tools.repository_tools:🧠 Agent reflection (764 chars)
INFO:src.evaluator.core.integration:Fetching metrics from LangSmith for run_id: d1887f50-7692-4cbc-827c-8f657364420b
INFO:src.evaluator.metrics.langsmith_collector:Run d1887f50-7692-4cbc-827c-8f657364420b is still pending, retrying in 5 seconds... (attempt 1/5)
INFO:src.evaluator.metrics.langsmith_collector:Fetched metrics from LangSmith: 15 tool calls, 62223 tokens
INFO:src.evaluator.core.integration:Using structured output from ConfigurationOutput
INFO:src.evaluator.core.integration:Generated 1 Dockerfiles and 4 K8s manifests
INFO:src.evaluator.validators.config_validator:Building Docker image: poc1-fastapi-security from Dockerfile
INFO:src.evaluator.validators.config_validator:Full image name with run-scoped tag: 192.168.1.39:32000/poc1-fastapi-security-poc1-fastapi-security:d1887f50-7692-4cbc-827c-8f657364420b
INFO:src.evaluator.validators.config_validator:Building Docker image 192.168.1.39:32000/poc1-fastapi-security-poc1-fastapi-security:d1887f50-7692-4cbc-827c-8f657364420b with buildx
INFO:src.evaluator.validators.config_validator:Build completed successfully for 192.168.1.39:32000/poc1-fastapi-security-poc1-fastapi-security:d1887f50-7692-4cbc-827c-8f657364420b
INFO:src.evaluator.validators.config_validator:Successfully pushed image to registry: 192.168.1.39:32000/poc1-fastapi-security-poc1-fastapi-security:d1887f50-7692-4cbc-827c-8f657364420b
INFO:src.evaluator.validators.config_validator:Verifying image in registry: 192.168.1.39:32000/poc1-fastapi-security-poc1-fastapi-security:d1887f50-7692-4cbc-827c-8f657364420b
INFO:src.evaluator.validators.config_validator:Successfully verified image in registry: 192.168.1.39:32000/poc1-fastapi-security-poc1-fastapi-security:d1887f50-7692-4cbc-827c-8f657364420b
INFO:src.evaluator.validators.config_validator:Image metrics: 164.29 MB, 9 layers, built in 31.1s
INFO:src.evaluator.core.evaluator:Evaluation completed for https://github.com/run-rasztabiga-me/poc1-fastapi-security.git
INFO:src.evaluator.reports.reporter:Report saved to evaluation_reports/experiments/h5/20260318_223200/openai_gpt5_mini/default/poc1-fastapi-security/h5__gpt-5-mini__default__poc1-fastapi-security__run1_20260319_001150_4e2dc497.json
INFO:src.evaluator.experiments.runner:Completed h5 | repo=poc1-fastapi-security model=openai_gpt5_mini prompt=default repetition=run1 -> evaluation_reports/experiments/h5/20260318_223200/openai_gpt5_mini/default/poc1-fastapi-security/h5__gpt-5-mini__default__poc1-fastapi-security__run1_20260319_001150_4e2dc497.json
INFO:src.evaluator.experiments.runner:Running cleanup after run: experiment=h5 repo=poc1-fastapi-security model=openai_gpt5_mini prompt=default repetition=run1
INFO:src.tools.cluster_cleanup:Skipping protected namespace: container-registry
INFO:src.tools.cluster_cleanup:Skipping protected namespace: default
INFO:src.tools.cluster_cleanup:Skipping protected namespace: ingress
INFO:src.tools.cluster_cleanup:Skipping protected namespace: kube-node-lease
INFO:src.tools.cluster_cleanup:Skipping protected namespace: kube-public
INFO:src.tools.cluster_cleanup:Skipping protected namespace: kube-system
INFO:src.tools.cluster_cleanup:No /etc/hosts entries required cleanup.
INFO:src.tools.cluster_cleanup:Running Docker system prune to remove unused resources (preserving base images)...
INFO:src.tools.cluster_cleanup:Docker system prune completed successfully.
INFO:src.evaluator.experiments.runner:Cluster cleanup completed successfully for 'h5'.
INFO:src.evaluator.experiments.runner:Preparing run: repo=poc1-fastapi-security model=openai_gpt5_mini prompt=default repetition=run2
INFO:src.evaluator.core.evaluator:Starting evaluation for https://github.com/run-rasztabiga-me/poc1-fastapi-security.git (ID: 12cabcf5-a4fd-4d0c-90b3-ddc30722e23a)
INFO:src.evaluator.core.integration:Starting real generation for https://github.com/run-rasztabiga-me/poc1-fastapi-security.git
INFO:src.generator.core.generator:Starting configuration generation for repository: https://github.com/run-rasztabiga-me/poc1-fastapi-security.git
INFO:src.generator.core.generator:Run ID: 82b6697b-be05-4299-bb66-f19073a6dc7d, Workspace: tmp/poc1-fastapi-security-82b6697b-be05-4299-bb66-f19073a6dc7d
INFO:src.generator.agents.config_agent:Starting configuration generation for: https://github.com/run-rasztabiga-me/poc1-fastapi-security.git
INFO:src.generator.agents.config_agent:Using prompt version: default
INFO:src.generator.tools.repository_tools:🔧 Tool called: clone_repo(repo_url=https://github.com/run-rasztabiga-me/poc1-fastapi-security.git)
INFO:src.generator.core.workspace:Cloning https://github.com/run-rasztabiga-me/poc1-fastapi-security.git to /Users/rasztabigab/Studia/run/tmp/poc1-fastapi-security-82b6697b-be05-4299-bb66-f19073a6dc7d
INFO:src.generator.tools.repository_tools:🔧 Tool called: prepare_repo_tree()
INFO:src.generator.tools.repository_tools:🔧 Tool called: ls(dir_path=)
INFO:src.generator.tools.repository_tools:🔧 Tool called: ls(dir_path=app)
INFO:src.generator.tools.repository_tools:🔧 Tool called: get_file_content(file_path=app/main.py)
INFO:src.generator.tools.repository_tools:🔧 Tool called: get_file_content(file_path=requirements.txt)
INFO:src.generator.tools.repository_tools:🔧 Tool called: get_file_content(file_path=docs/operations.md)
INFO:src.generator.tools.repository_tools:🧠 Agent reflection (2696 chars)
INFO:src.generator.tools.repository_tools:🔧 Tool called: write_file(file_path=Dockerfile, content_length=517)
INFO:src.generator.tools.repository_tools:🔧 Tool called: write_file(file_path=k8s/deployment.yaml, content_length=1011)
INFO:src.generator.tools.repository_tools:🔧 Tool called: write_file(file_path=k8s/service.yaml, content_length=244)
INFO:src.generator.tools.repository_tools:🔧 Tool called: write_file(file_path=k8s/ingress.yaml, content_length=444)
INFO:src.generator.tools.repository_tools:🔧 Tool called: write_file(file_path=k8s/namespace.yaml, content_length=71)
INFO:src.generator.tools.repository_tools:🔧 Tool called: find_files(pattern=Dockerfile, max_results=20)
INFO:src.generator.tools.repository_tools:🔧 Tool called: search_files(pattern=@app.get, file_pattern=*.py, case_sensitive=False)
INFO:src.generator.tools.repository_tools:🧠 Agent reflection (1151 chars)
INFO:src.evaluator.core.integration:Fetching metrics from LangSmith for run_id: 82b6697b-be05-4299-bb66-f19073a6dc7d
INFO:src.evaluator.metrics.langsmith_collector:Run 82b6697b-be05-4299-bb66-f19073a6dc7d is still pending, retrying in 5 seconds... (attempt 1/5)
INFO:src.evaluator.metrics.langsmith_collector:Fetched metrics from LangSmith: 16 tool calls, 67815 tokens
INFO:src.evaluator.core.integration:Using structured output from ConfigurationOutput
INFO:src.evaluator.core.integration:Generated 1 Dockerfiles and 4 K8s manifests
INFO:src.evaluator.validators.config_validator:Building Docker image: poc1-fastapi-security from Dockerfile
INFO:src.evaluator.validators.config_validator:Full image name with run-scoped tag: 192.168.1.39:32000/poc1-fastapi-security-poc1-fastapi-security:82b6697b-be05-4299-bb66-f19073a6dc7d
INFO:src.evaluator.validators.config_validator:Building Docker image 192.168.1.39:32000/poc1-fastapi-security-poc1-fastapi-security:82b6697b-be05-4299-bb66-f19073a6dc7d with buildx
INFO:src.evaluator.validators.config_validator:Build completed successfully for 192.168.1.39:32000/poc1-fastapi-security-poc1-fastapi-security:82b6697b-be05-4299-bb66-f19073a6dc7d
INFO:src.evaluator.validators.config_validator:Successfully pushed image to registry: 192.168.1.39:32000/poc1-fastapi-security-poc1-fastapi-security:82b6697b-be05-4299-bb66-f19073a6dc7d
INFO:src.evaluator.validators.config_validator:Verifying image in registry: 192.168.1.39:32000/poc1-fastapi-security-poc1-fastapi-security:82b6697b-be05-4299-bb66-f19073a6dc7d
INFO:src.evaluator.validators.config_validator:Successfully verified image in registry: 192.168.1.39:32000/poc1-fastapi-security-poc1-fastapi-security:82b6697b-be05-4299-bb66-f19073a6dc7d
INFO:src.evaluator.validators.config_validator:Image metrics: 164.29 MB, 9 layers, built in 0.8s
INFO:src.evaluator.core.evaluator:Evaluation completed for https://github.com/run-rasztabiga-me/poc1-fastapi-security.git
INFO:src.evaluator.reports.reporter:Report saved to evaluation_reports/experiments/h5/20260318_223200/openai_gpt5_mini/default/poc1-fastapi-security/h5__gpt-5-mini__default__poc1-fastapi-security__run2_20260319_001254_12cabcf5.json
INFO:src.evaluator.experiments.runner:Completed h5 | repo=poc1-fastapi-security model=openai_gpt5_mini prompt=default repetition=run2 -> evaluation_reports/experiments/h5/20260318_223200/openai_gpt5_mini/default/poc1-fastapi-security/h5__gpt-5-mini__default__poc1-fastapi-security__run2_20260319_001254_12cabcf5.json
INFO:src.evaluator.experiments.runner:Running cleanup after run: experiment=h5 repo=poc1-fastapi-security model=openai_gpt5_mini prompt=default repetition=run2
INFO:src.tools.cluster_cleanup:Skipping protected namespace: container-registry
INFO:src.tools.cluster_cleanup:Skipping protected namespace: default
INFO:src.tools.cluster_cleanup:Skipping protected namespace: ingress
INFO:src.tools.cluster_cleanup:Skipping protected namespace: kube-node-lease
INFO:src.tools.cluster_cleanup:Skipping protected namespace: kube-public
INFO:src.tools.cluster_cleanup:Skipping protected namespace: kube-system
INFO:src.tools.cluster_cleanup:No /etc/hosts entries required cleanup.
INFO:src.tools.cluster_cleanup:Running Docker system prune to remove unused resources (preserving base images)...
INFO:src.tools.cluster_cleanup:Docker system prune completed successfully.
INFO:src.evaluator.experiments.runner:Cluster cleanup completed successfully for 'h5'.
INFO:src.evaluator.experiments.runner:Preparing run: repo=poc1-fastapi-security model=openai_gpt5_mini prompt=default repetition=run3
INFO:src.evaluator.core.evaluator:Starting evaluation for https://github.com/run-rasztabiga-me/poc1-fastapi-security.git (ID: 1e50aaba-0c3d-4049-bbe3-a377ffe15692)
INFO:src.evaluator.core.integration:Starting real generation for https://github.com/run-rasztabiga-me/poc1-fastapi-security.git
INFO:src.generator.core.generator:Starting configuration generation for repository: https://github.com/run-rasztabiga-me/poc1-fastapi-security.git
INFO:src.generator.core.generator:Run ID: 4b4f4e3b-d65e-45c5-8d77-033e83ae3db5, Workspace: tmp/poc1-fastapi-security-4b4f4e3b-d65e-45c5-8d77-033e83ae3db5
INFO:src.generator.agents.config_agent:Starting configuration generation for: https://github.com/run-rasztabiga-me/poc1-fastapi-security.git
INFO:src.generator.agents.config_agent:Using prompt version: default
INFO:src.generator.tools.repository_tools:🔧 Tool called: clone_repo(repo_url=https://github.com/run-rasztabiga-me/poc1-fastapi-security.git)
INFO:src.generator.core.workspace:Cloning https://github.com/run-rasztabiga-me/poc1-fastapi-security.git to /Users/rasztabigab/Studia/run/tmp/poc1-fastapi-security-4b4f4e3b-d65e-45c5-8d77-033e83ae3db5
INFO:src.generator.tools.repository_tools:🔧 Tool called: prepare_repo_tree()
INFO:src.generator.tools.repository_tools:🔧 Tool called: ls(dir_path=)
INFO:src.generator.tools.repository_tools:🔧 Tool called: ls(dir_path=app)
INFO:src.generator.tools.repository_tools:🔧 Tool called: get_file_content(file_path=app/main.py)
INFO:src.generator.tools.repository_tools:🔧 Tool called: get_file_content(file_path=requirements.txt)
INFO:src.generator.tools.repository_tools:🔧 Tool called: get_file_content(file_path=docs/operations.md)
INFO:src.generator.tools.repository_tools:🧠 Agent reflection (1264 chars)
INFO:src.generator.tools.repository_tools:🔧 Tool called: write_file(file_path=Dockerfile, content_length=441)
INFO:src.generator.tools.repository_tools:🔧 Tool called: write_file(file_path=k8s/deployment.yaml, content_length=911)
INFO:src.generator.tools.repository_tools:🔧 Tool called: write_file(file_path=k8s/service.yaml, content_length=203)
INFO:src.generator.tools.repository_tools:🔧 Tool called: write_file(file_path=k8s/ingress.yaml, content_length=444)
INFO:src.generator.tools.repository_tools:🔧 Tool called: find_files(pattern=Dockerfile, max_results=50)
INFO:src.generator.tools.repository_tools:🔧 Tool called: search_files(pattern=@app.get, file_pattern=*.py, case_sensitive=False)
INFO:src.generator.tools.repository_tools:🔧 Tool called: write_file(file_path=k8s/README.md, content_length=151)
INFO:src.generator.tools.repository_tools:🧠 Agent reflection (535 chars)
INFO:src.evaluator.core.integration:Fetching metrics from LangSmith for run_id: 4b4f4e3b-d65e-45c5-8d77-033e83ae3db5
INFO:src.evaluator.metrics.langsmith_collector:Run 4b4f4e3b-d65e-45c5-8d77-033e83ae3db5 is still pending, retrying in 5 seconds... (attempt 1/5)
INFO:src.evaluator.metrics.langsmith_collector:Fetched metrics from LangSmith: 16 tool calls, 67018 tokens
INFO:src.evaluator.core.integration:Using structured output from ConfigurationOutput
INFO:src.evaluator.core.integration:Generated 1 Dockerfiles and 4 K8s manifests
INFO:src.evaluator.validators.config_validator:Building Docker image: poc1-fastapi-security from Dockerfile
INFO:src.evaluator.validators.config_validator:Full image name with run-scoped tag: 192.168.1.39:32000/poc1-fastapi-security-poc1-fastapi-security:4b4f4e3b-d65e-45c5-8d77-033e83ae3db5
INFO:src.evaluator.validators.config_validator:Building Docker image 192.168.1.39:32000/poc1-fastapi-security-poc1-fastapi-security:4b4f4e3b-d65e-45c5-8d77-033e83ae3db5 with buildx
INFO:src.evaluator.validators.config_validator:Build completed successfully for 192.168.1.39:32000/poc1-fastapi-security-poc1-fastapi-security:4b4f4e3b-d65e-45c5-8d77-033e83ae3db5
INFO:src.evaluator.validators.config_validator:Successfully pushed image to registry: 192.168.1.39:32000/poc1-fastapi-security-poc1-fastapi-security:4b4f4e3b-d65e-45c5-8d77-033e83ae3db5
INFO:src.evaluator.validators.config_validator:Verifying image in registry: 192.168.1.39:32000/poc1-fastapi-security-poc1-fastapi-security:4b4f4e3b-d65e-45c5-8d77-033e83ae3db5
INFO:src.evaluator.validators.config_validator:Successfully verified image in registry: 192.168.1.39:32000/poc1-fastapi-security-poc1-fastapi-security:4b4f4e3b-d65e-45c5-8d77-033e83ae3db5
INFO:src.evaluator.validators.config_validator:Image metrics: 164.29 MB, 9 layers, built in 0.7s
INFO:src.evaluator.core.evaluator:Evaluation completed for https://github.com/run-rasztabiga-me/poc1-fastapi-security.git
INFO:src.evaluator.reports.reporter:Report saved to evaluation_reports/experiments/h5/20260318_223200/openai_gpt5_mini/default/poc1-fastapi-security/h5__gpt-5-mini__default__poc1-fastapi-security__run3_20260319_001442_1e50aaba.json
INFO:src.evaluator.experiments.runner:Completed h5 | repo=poc1-fastapi-security model=openai_gpt5_mini prompt=default repetition=run3 -> evaluation_reports/experiments/h5/20260318_223200/openai_gpt5_mini/default/poc1-fastapi-security/h5__gpt-5-mini__default__poc1-fastapi-security__run3_20260319_001442_1e50aaba.json
INFO:src.evaluator.experiments.runner:Running cleanup after run: experiment=h5 repo=poc1-fastapi-security model=openai_gpt5_mini prompt=default repetition=run3
INFO:src.tools.cluster_cleanup:Skipping protected namespace: container-registry
INFO:src.tools.cluster_cleanup:Skipping protected namespace: default
INFO:src.tools.cluster_cleanup:Skipping protected namespace: ingress
INFO:src.tools.cluster_cleanup:Skipping protected namespace: kube-node-lease
INFO:src.tools.cluster_cleanup:Skipping protected namespace: kube-public
INFO:src.tools.cluster_cleanup:Skipping protected namespace: kube-system
INFO:src.tools.cluster_cleanup:No /etc/hosts entries required cleanup.
INFO:src.tools.cluster_cleanup:Running Docker system prune to remove unused resources (preserving base images)...
INFO:src.tools.cluster_cleanup:Docker system prune completed successfully.
INFO:src.evaluator.experiments.runner:Cluster cleanup completed successfully for 'h5'.
INFO:src.evaluator.experiments.runner:Preparing run: repo=poc1-fastapi-security model=openai_gpt5_mini prompt=default repetition=run4
INFO:src.evaluator.core.evaluator:Starting evaluation for https://github.com/run-rasztabiga-me/poc1-fastapi-security.git (ID: 475072e1-fa94-4c53-8dd2-81d9ead38858)
INFO:src.evaluator.core.integration:Starting real generation for https://github.com/run-rasztabiga-me/poc1-fastapi-security.git
INFO:src.generator.core.generator:Starting configuration generation for repository: https://github.com/run-rasztabiga-me/poc1-fastapi-security.git
INFO:src.generator.core.generator:Run ID: cd2c7278-f117-4031-816b-0eda26abe3fb, Workspace: tmp/poc1-fastapi-security-cd2c7278-f117-4031-816b-0eda26abe3fb
INFO:src.generator.agents.config_agent:Starting configuration generation for: https://github.com/run-rasztabiga-me/poc1-fastapi-security.git
INFO:src.generator.agents.config_agent:Using prompt version: default
INFO:src.generator.tools.repository_tools:🔧 Tool called: clone_repo(repo_url=https://github.com/run-rasztabiga-me/poc1-fastapi-security.git)
INFO:src.generator.core.workspace:Cloning https://github.com/run-rasztabiga-me/poc1-fastapi-security.git to /Users/rasztabigab/Studia/run/tmp/poc1-fastapi-security-cd2c7278-f117-4031-816b-0eda26abe3fb
INFO:src.generator.tools.repository_tools:🔧 Tool called: prepare_repo_tree()
INFO:src.generator.tools.repository_tools:🔧 Tool called: ls(dir_path=)
INFO:src.generator.tools.repository_tools:🔧 Tool called: ls(dir_path=app)
INFO:src.generator.tools.repository_tools:🔧 Tool called: get_file_content(file_path=app/main.py)
INFO:src.generator.tools.repository_tools:🔧 Tool called: get_file_content(file_path=requirements.txt)
INFO:src.generator.tools.repository_tools:🔧 Tool called: get_file_content(file_path=docs/operations.md)
INFO:src.generator.tools.repository_tools:🧠 Agent reflection (2297 chars)
INFO:src.generator.tools.repository_tools:🔧 Tool called: write_file(file_path=Dockerfile, content_length=456)
INFO:src.generator.tools.repository_tools:🔧 Tool called: write_file(file_path=k8s/deployment.yaml, content_length=951)
INFO:src.generator.tools.repository_tools:🔧 Tool called: write_file(file_path=k8s/service.yaml, content_length=244)
INFO:src.generator.tools.repository_tools:🔧 Tool called: write_file(file_path=k8s/ingress.yaml, content_length=460)
INFO:src.generator.tools.repository_tools:🔧 Tool called: write_file(file_path=k8s/README.md, content_length=120)
INFO:src.generator.tools.repository_tools:🔧 Tool called: find_files(pattern=Dockerfile, max_results=20)
INFO:src.generator.tools.repository_tools:🔧 Tool called: search_files(pattern=@app.get, file_pattern=*.py, case_sensitive=False)
INFO:src.generator.tools.repository_tools:🔧 Tool called: base64_encode(content_length=14)
INFO:src.generator.tools.repository_tools:🔧 Tool called: write_file(file_path=k8s/.gitkeep, content_length=0)
INFO:src.generator.tools.repository_tools:🧠 Agent reflection (460 chars)
INFO:src.evaluator.core.integration:Fetching metrics from LangSmith for run_id: cd2c7278-f117-4031-816b-0eda26abe3fb
INFO:src.evaluator.metrics.langsmith_collector:Run cd2c7278-f117-4031-816b-0eda26abe3fb is still pending, retrying in 5 seconds... (attempt 1/5)
INFO:src.evaluator.metrics.langsmith_collector:Fetched metrics from LangSmith: 18 tool calls, 76707 tokens
INFO:src.evaluator.core.integration:Using structured output from ConfigurationOutput
INFO:src.evaluator.core.integration:Generated 1 Dockerfiles and 5 K8s manifests
INFO:src.evaluator.validators.config_validator:Building Docker image: poc1-fastapi-security from Dockerfile
INFO:src.evaluator.validators.config_validator:Full image name with run-scoped tag: 192.168.1.39:32000/poc1-fastapi-security-poc1-fastapi-security:cd2c7278-f117-4031-816b-0eda26abe3fb
INFO:src.evaluator.validators.config_validator:Building Docker image 192.168.1.39:32000/poc1-fastapi-security-poc1-fastapi-security:cd2c7278-f117-4031-816b-0eda26abe3fb with buildx
INFO:src.evaluator.validators.config_validator:Build completed successfully for 192.168.1.39:32000/poc1-fastapi-security-poc1-fastapi-security:cd2c7278-f117-4031-816b-0eda26abe3fb
INFO:src.evaluator.validators.config_validator:Successfully pushed image to registry: 192.168.1.39:32000/poc1-fastapi-security-poc1-fastapi-security:cd2c7278-f117-4031-816b-0eda26abe3fb
INFO:src.evaluator.validators.config_validator:Verifying image in registry: 192.168.1.39:32000/poc1-fastapi-security-poc1-fastapi-security:cd2c7278-f117-4031-816b-0eda26abe3fb
INFO:src.evaluator.validators.config_validator:Successfully verified image in registry: 192.168.1.39:32000/poc1-fastapi-security-poc1-fastapi-security:cd2c7278-f117-4031-816b-0eda26abe3fb
INFO:src.evaluator.validators.config_validator:Image metrics: 164.29 MB, 9 layers, built in 0.7s
INFO:src.evaluator.core.evaluator:Evaluation completed for https://github.com/run-rasztabiga-me/poc1-fastapi-security.git
INFO:src.evaluator.reports.reporter:Report saved to evaluation_reports/experiments/h5/20260318_223200/openai_gpt5_mini/default/poc1-fastapi-security/h5__gpt-5-mini__default__poc1-fastapi-security__run4_20260319_001543_475072e1.json
INFO:src.evaluator.experiments.runner:Completed h5 | repo=poc1-fastapi-security model=openai_gpt5_mini prompt=default repetition=run4 -> evaluation_reports/experiments/h5/20260318_223200/openai_gpt5_mini/default/poc1-fastapi-security/h5__gpt-5-mini__default__poc1-fastapi-security__run4_20260319_001543_475072e1.json
INFO:src.evaluator.experiments.runner:Running cleanup after run: experiment=h5 repo=poc1-fastapi-security model=openai_gpt5_mini prompt=default repetition=run4
INFO:src.tools.cluster_cleanup:Skipping protected namespace: container-registry
INFO:src.tools.cluster_cleanup:Skipping protected namespace: default
INFO:src.tools.cluster_cleanup:Skipping protected namespace: ingress
INFO:src.tools.cluster_cleanup:Skipping protected namespace: kube-node-lease
INFO:src.tools.cluster_cleanup:Skipping protected namespace: kube-public
INFO:src.tools.cluster_cleanup:Skipping protected namespace: kube-system
INFO:src.tools.cluster_cleanup:No /etc/hosts entries required cleanup.
INFO:src.tools.cluster_cleanup:Running Docker system prune to remove unused resources (preserving base images)...
INFO:src.tools.cluster_cleanup:Docker system prune completed successfully.
INFO:src.evaluator.experiments.runner:Cluster cleanup completed successfully for 'h5'.
INFO:src.evaluator.experiments.runner:Preparing run: repo=poc1-fastapi-security model=openai_gpt5_mini prompt=default repetition=run5
INFO:src.evaluator.core.evaluator:Starting evaluation for https://github.com/run-rasztabiga-me/poc1-fastapi-security.git (ID: a199d469-7500-41da-a67c-abc54281d098)
INFO:src.evaluator.core.integration:Starting real generation for https://github.com/run-rasztabiga-me/poc1-fastapi-security.git
INFO:src.generator.core.generator:Starting configuration generation for repository: https://github.com/run-rasztabiga-me/poc1-fastapi-security.git
INFO:src.generator.core.generator:Run ID: 9379c362-c646-4df8-a1b7-e74532bb52e3, Workspace: tmp/poc1-fastapi-security-9379c362-c646-4df8-a1b7-e74532bb52e3
INFO:src.generator.agents.config_agent:Starting configuration generation for: https://github.com/run-rasztabiga-me/poc1-fastapi-security.git
INFO:src.generator.agents.config_agent:Using prompt version: default
INFO:src.generator.tools.repository_tools:🔧 Tool called: clone_repo(repo_url=https://github.com/run-rasztabiga-me/poc1-fastapi-security.git)
INFO:src.generator.core.workspace:Cloning https://github.com/run-rasztabiga-me/poc1-fastapi-security.git to /Users/rasztabigab/Studia/run/tmp/poc1-fastapi-security-9379c362-c646-4df8-a1b7-e74532bb52e3
INFO:src.generator.tools.repository_tools:🔧 Tool called: prepare_repo_tree()
INFO:src.generator.tools.repository_tools:🔧 Tool called: ls(dir_path=)
INFO:src.generator.tools.repository_tools:🔧 Tool called: ls(dir_path=app)
INFO:src.generator.tools.repository_tools:🔧 Tool called: get_file_content(file_path=app/main.py)
INFO:src.generator.tools.repository_tools:🔧 Tool called: get_file_content(file_path=requirements.txt)
INFO:src.generator.tools.repository_tools:🔧 Tool called: get_file_content(file_path=docs/operations.md)
INFO:src.generator.tools.repository_tools:🧠 Agent reflection (2662 chars)
INFO:src.generator.tools.repository_tools:🔧 Tool called: write_file(file_path=Dockerfile, content_length=474)
INFO:src.generator.tools.repository_tools:🔧 Tool called: write_file(file_path=k8s/deployment.yaml, content_length=977)
INFO:src.generator.tools.repository_tools:🔧 Tool called: write_file(file_path=k8s/service.yaml, content_length=242)
INFO:src.generator.tools.repository_tools:🔧 Tool called: write_file(file_path=k8s/ingress.yaml, content_length=429)
INFO:src.generator.tools.repository_tools:🔧 Tool called: search_files(pattern=@app.get, file_pattern=None, case_sensitive=False)
INFO:src.generator.tools.repository_tools:🔧 Tool called: find_files(pattern=*, max_results=100)
INFO:src.generator.tools.repository_tools:🧠 Agent reflection (682 chars)
INFO:src.evaluator.core.integration:Fetching metrics from LangSmith for run_id: 9379c362-c646-4df8-a1b7-e74532bb52e3
INFO:src.evaluator.metrics.langsmith_collector:Run 9379c362-c646-4df8-a1b7-e74532bb52e3 is still pending, retrying in 5 seconds... (attempt 1/5)
INFO:src.evaluator.metrics.langsmith_collector:Fetched metrics from LangSmith: 15 tool calls, 62709 tokens
INFO:src.evaluator.core.integration:Using structured output from ConfigurationOutput
INFO:src.evaluator.core.integration:Generated 1 Dockerfiles and 3 K8s manifests
INFO:src.evaluator.validators.config_validator:Building Docker image: poc1-fastapi-security from Dockerfile
INFO:src.evaluator.validators.config_validator:Full image name with run-scoped tag: 192.168.1.39:32000/poc1-fastapi-security-poc1-fastapi-security:9379c362-c646-4df8-a1b7-e74532bb52e3
INFO:src.evaluator.validators.config_validator:Building Docker image 192.168.1.39:32000/poc1-fastapi-security-poc1-fastapi-security:9379c362-c646-4df8-a1b7-e74532bb52e3 with buildx
INFO:src.evaluator.validators.config_validator:Build completed successfully for 192.168.1.39:32000/poc1-fastapi-security-poc1-fastapi-security:9379c362-c646-4df8-a1b7-e74532bb52e3
INFO:src.evaluator.validators.config_validator:Successfully pushed image to registry: 192.168.1.39:32000/poc1-fastapi-security-poc1-fastapi-security:9379c362-c646-4df8-a1b7-e74532bb52e3
INFO:src.evaluator.validators.config_validator:Verifying image in registry: 192.168.1.39:32000/poc1-fastapi-security-poc1-fastapi-security:9379c362-c646-4df8-a1b7-e74532bb52e3
INFO:src.evaluator.validators.config_validator:Successfully verified image in registry: 192.168.1.39:32000/poc1-fastapi-security-poc1-fastapi-security:9379c362-c646-4df8-a1b7-e74532bb52e3
INFO:src.evaluator.validators.config_validator:Image metrics: 169.47 MB, 9 layers, built in 29.9s
INFO:src.evaluator.core.evaluator:Evaluation completed for https://github.com/run-rasztabiga-me/poc1-fastapi-security.git
INFO:src.evaluator.reports.reporter:Report saved to evaluation_reports/experiments/h5/20260318_223200/openai_gpt5_mini/default/poc1-fastapi-security/h5__gpt-5-mini__default__poc1-fastapi-security__run5_20260319_001717_a199d469.json
INFO:src.evaluator.experiments.runner:Completed h5 | repo=poc1-fastapi-security model=openai_gpt5_mini prompt=default repetition=run5 -> evaluation_reports/experiments/h5/20260318_223200/openai_gpt5_mini/default/poc1-fastapi-security/h5__gpt-5-mini__default__poc1-fastapi-security__run5_20260319_001717_a199d469.json
INFO:src.evaluator.experiments.runner:Running cleanup after run: experiment=h5 repo=poc1-fastapi-security model=openai_gpt5_mini prompt=default repetition=run5
INFO:src.tools.cluster_cleanup:Skipping protected namespace: container-registry
INFO:src.tools.cluster_cleanup:Skipping protected namespace: default
INFO:src.tools.cluster_cleanup:Skipping protected namespace: ingress
INFO:src.tools.cluster_cleanup:Skipping protected namespace: kube-node-lease
INFO:src.tools.cluster_cleanup:Skipping protected namespace: kube-public
INFO:src.tools.cluster_cleanup:Skipping protected namespace: kube-system
INFO:src.tools.cluster_cleanup:No /etc/hosts entries required cleanup.
INFO:src.tools.cluster_cleanup:Running Docker system prune to remove unused resources (preserving base images)...
INFO:src.tools.cluster_cleanup:Docker system prune completed successfully.
INFO:src.evaluator.experiments.runner:Cluster cleanup completed successfully for 'h5'.
INFO:src.evaluator.experiments.runner:Preparing run: repo=poc1-fastapi-security model=openai_gpt5_mini prompt=default repetition=run6
INFO:src.evaluator.core.evaluator:Starting evaluation for https://github.com/run-rasztabiga-me/poc1-fastapi-security.git (ID: b661b32f-e2aa-4e98-97fa-e91c1c2a5137)
INFO:src.evaluator.core.integration:Starting real generation for https://github.com/run-rasztabiga-me/poc1-fastapi-security.git
INFO:src.generator.core.generator:Starting configuration generation for repository: https://github.com/run-rasztabiga-me/poc1-fastapi-security.git
INFO:src.generator.core.generator:Run ID: 1950358f-4c42-431e-9295-17510e3203b4, Workspace: tmp/poc1-fastapi-security-1950358f-4c42-431e-9295-17510e3203b4
INFO:src.generator.agents.config_agent:Starting configuration generation for: https://github.com/run-rasztabiga-me/poc1-fastapi-security.git
INFO:src.generator.agents.config_agent:Using prompt version: default
INFO:src.generator.tools.repository_tools:🔧 Tool called: clone_repo(repo_url=https://github.com/run-rasztabiga-me/poc1-fastapi-security.git)
INFO:src.generator.core.workspace:Cloning https://github.com/run-rasztabiga-me/poc1-fastapi-security.git to /Users/rasztabigab/Studia/run/tmp/poc1-fastapi-security-1950358f-4c42-431e-9295-17510e3203b4
INFO:src.generator.tools.repository_tools:🔧 Tool called: prepare_repo_tree()
INFO:src.generator.tools.repository_tools:🔧 Tool called: ls(dir_path=)
INFO:src.generator.tools.repository_tools:🔧 Tool called: ls(dir_path=app)
INFO:src.generator.tools.repository_tools:🔧 Tool called: get_file_content(file_path=app/main.py)
INFO:src.generator.tools.repository_tools:🔧 Tool called: get_file_content(file_path=requirements.txt)
INFO:src.generator.tools.repository_tools:🔧 Tool called: get_file_content(file_path=docs/operations.md)
ERROR:src.generator.agents.config_agent:Failed to generate configurations: Error code: 400 - {'error': {'message': 'Invalid prompt: your prompt was flagged as potentially violating our usage policy. Please try again with a different prompt: https://platform.openai.com/docs/guides/reasoning#advice-on-prompting', 'type': 'invalid_request_error', 'param': None, 'code': 'invalid_prompt'}}
Traceback (most recent call last):
  File "/Users/rasztabigab/Studia/run/src/generator/agents/config_agent.py", line 113, in generate_configurations
    result = self.agent.invoke(
        {"messages": [{"role": "user", "content": repo_url}]},
    ...<3 lines>...
        }
    )
  File "/Users/rasztabigab/Studia/run/.venv/lib/python3.13/site-packages/langgraph/pregel/main.py", line 3068, in invoke
    for chunk in self.stream(
                 ~~~~~~~~~~~^
        input,
        ^^^^^^
    ...<10 lines>...
        **kwargs,
        ^^^^^^^^^
    ):
    ^
  File "/Users/rasztabigab/Studia/run/.venv/lib/python3.13/site-packages/langgraph/pregel/main.py", line 2643, in stream
    for _ in runner.tick(
             ~~~~~~~~~~~^
        [t for t in loop.tasks.values() if not t.writes],
        ^^^^^^^^^^^^^^^^^^^^^^^^^^^^^^^^^^^^^^^^^^^^^^^^^
    ...<2 lines>...
        schedule_task=loop.accept_push,
        ^^^^^^^^^^^^^^^^^^^^^^^^^^^^^^^
    ):
    ^
  File "/Users/rasztabigab/Studia/run/.venv/lib/python3.13/site-packages/langgraph/pregel/_runner.py", line 167, in tick
    run_with_retry(
    ~~~~~~~~~~~~~~^
        t,
        ^^
    ...<10 lines>...
        },
        ^^
    )
    ^
  File "/Users/rasztabigab/Studia/run/.venv/lib/python3.13/site-packages/langgraph/pregel/_retry.py", line 42, in run_with_retry
    return task.proc.invoke(task.input, config)
           ~~~~~~~~~~~~~~~~^^^^^^^^^^^^^^^^^^^^
  File "/Users/rasztabigab/Studia/run/.venv/lib/python3.13/site-packages/langgraph/_internal/_runnable.py", line 656, in invoke
    input = context.run(step.invoke, input, config, **kwargs)
  File "/Users/rasztabigab/Studia/run/.venv/lib/python3.13/site-packages/langgraph/_internal/_runnable.py", line 400, in invoke
    ret = self.func(*args, **kwargs)
  File "/Users/rasztabigab/Studia/run/.venv/lib/python3.13/site-packages/langchain/agents/factory.py", line 1129, in model_node
    response = _execute_model_sync(request)
  File "/Users/rasztabigab/Studia/run/.venv/lib/python3.13/site-packages/langchain/agents/factory.py", line 1102, in _execute_model_sync
    output = model_.invoke(messages)
  File "/Users/rasztabigab/Studia/run/.venv/lib/python3.13/site-packages/langchain_core/runnables/base.py", line 5548, in invoke
    return self.bound.invoke(
           ~~~~~~~~~~~~~~~~~^
        input,
        ^^^^^^
        self._merge_configs(config),
        ^^^^^^^^^^^^^^^^^^^^^^^^^^^^
        **{**self.kwargs, **kwargs},
        ^^^^^^^^^^^^^^^^^^^^^^^^^^^^
    )
    ^
  File "/Users/rasztabigab/Studia/run/.venv/lib/python3.13/site-packages/langchain_core/language_models/chat_models.py", line 398, in invoke
    self.generate_prompt(
    ~~~~~~~~~~~~~~~~~~~~^
        [self._convert_input(input)],
        ^^^^^^^^^^^^^^^^^^^^^^^^^^^^^
    ...<6 lines>...
        **kwargs,
        ^^^^^^^^^
    ).generations[0][0],
    ^
  File "/Users/rasztabigab/Studia/run/.venv/lib/python3.13/site-packages/langchain_core/language_models/chat_models.py", line 1117, in generate_prompt
    return self.generate(prompt_messages, stop=stop, callbacks=callbacks, **kwargs)
           ~~~~~~~~~~~~~^^^^^^^^^^^^^^^^^^^^^^^^^^^^^^^^^^^^^^^^^^^^^^^^^^^^^^^^^^^
  File "/Users/rasztabigab/Studia/run/.venv/lib/python3.13/site-packages/langchain_core/language_models/chat_models.py", line 927, in generate
    self._generate_with_cache(
    ~~~~~~~~~~~~~~~~~~~~~~~~~^
        m,
        ^^
    ...<2 lines>...
        **kwargs,
        ^^^^^^^^^
    )
    ^
  File "/Users/rasztabigab/Studia/run/.venv/lib/python3.13/site-packages/langchain_core/language_models/chat_models.py", line 1221, in _generate_with_cache
    result = self._generate(
        messages, stop=stop, run_manager=run_manager, **kwargs
    )
  File "/Users/rasztabigab/Studia/run/.venv/lib/python3.13/site-packages/langchain_openai/chat_models/base.py", line 1356, in _generate
    raise e
  File "/Users/rasztabigab/Studia/run/.venv/lib/python3.13/site-packages/langchain_openai/chat_models/base.py", line 1330, in _generate
    _handle_openai_bad_request(e)
    ~~~~~~~~~~~~~~~~~~~~~~~~~~^^^
  File "/Users/rasztabigab/Studia/run/.venv/lib/python3.13/site-packages/langchain_openai/chat_models/base.py", line 1324, in _generate
    self.root_client.chat.completions.with_raw_response.parse(
    ~~~~~~~~~~~~~~~~~~~~~~~~~~~~~~~~~~~~~~~~~~~~~~~~~~~~~~~~~^
        **payload
        ^^^^^^^^^
    )
    ^
  File "/Users/rasztabigab/Studia/run/.venv/lib/python3.13/site-packages/openai/_legacy_response.py", line 364, in wrapped
    return cast(LegacyAPIResponse[R], func(*args, **kwargs))
                                      ~~~~^^^^^^^^^^^^^^^^^
  File "/Users/rasztabigab/Studia/run/.venv/lib/python3.13/site-packages/openai/resources/chat/completions/completions.py", line 184, in parse
    return self._post(
           ~~~~~~~~~~^
        "/chat/completions",
        ^^^^^^^^^^^^^^^^^^^^
    ...<50 lines>...
        stream=False,
        ^^^^^^^^^^^^^
    )
    ^
  File "/Users/rasztabigab/Studia/run/.venv/lib/python3.13/site-packages/openai/_base_client.py", line 1259, in post
    return cast(ResponseT, self.request(cast_to, opts, stream=stream, stream_cls=stream_cls))
                           ~~~~~~~~~~~~^^^^^^^^^^^^^^^^^^^^^^^^^^^^^^^^^^^^^^^^^^^^^^^^^^^^^
  File "/Users/rasztabigab/Studia/run/.venv/lib/python3.13/site-packages/openai/_base_client.py", line 1047, in request
    raise self._make_status_error_from_response(err.response) from None
openai.BadRequestError: Error code: 400 - {'error': {'message': 'Invalid prompt: your prompt was flagged as potentially violating our usage policy. Please try again with a different prompt: https://platform.openai.com/docs/guides/reasoning#advice-on-prompting', 'type': 'invalid_request_error', 'param': None, 'code': 'invalid_prompt'}}
During task with name 'model' and id 'f752e206-7e04-f035-f64a-52948d596e41'
INFO:src.evaluator.reports.reporter:Report saved to evaluation_reports/experiments/h5/20260318_223200/openai_gpt5_mini/default/poc1-fastapi-security/h5__gpt-5-mini__default__poc1-fastapi-security__run6_20260319_001742_b661b32f.json
INFO:src.evaluator.experiments.runner:Completed h5 | repo=poc1-fastapi-security model=openai_gpt5_mini prompt=default repetition=run6 -> evaluation_reports/experiments/h5/20260318_223200/openai_gpt5_mini/default/poc1-fastapi-security/h5__gpt-5-mini__default__poc1-fastapi-security__run6_20260319_001742_b661b32f.json
INFO:src.evaluator.experiments.runner:Running cleanup after run: experiment=h5 repo=poc1-fastapi-security model=openai_gpt5_mini prompt=default repetition=run6
INFO:src.tools.cluster_cleanup:Skipping protected namespace: container-registry
INFO:src.tools.cluster_cleanup:Skipping protected namespace: default
INFO:src.tools.cluster_cleanup:Skipping protected namespace: ingress
INFO:src.tools.cluster_cleanup:Skipping protected namespace: kube-node-lease
INFO:src.tools.cluster_cleanup:Skipping protected namespace: kube-public
INFO:src.tools.cluster_cleanup:Skipping protected namespace: kube-system
INFO:src.tools.cluster_cleanup:No /etc/hosts entries required cleanup.
INFO:src.tools.cluster_cleanup:Running Docker system prune to remove unused resources (preserving base images)...
INFO:src.tools.cluster_cleanup:Docker system prune completed successfully.
INFO:src.evaluator.experiments.runner:Cluster cleanup completed successfully for 'h5'.
INFO:src.evaluator.experiments.runner:Preparing run: repo=poc1-fastapi-security model=openai_gpt5_mini prompt=default repetition=run7
INFO:src.evaluator.core.evaluator:Starting evaluation for https://github.com/run-rasztabiga-me/poc1-fastapi-security.git (ID: 88bbc643-dc6b-4901-bb01-3a2610638c4e)
INFO:src.evaluator.core.integration:Starting real generation for https://github.com/run-rasztabiga-me/poc1-fastapi-security.git
INFO:src.generator.core.generator:Starting configuration generation for repository: https://github.com/run-rasztabiga-me/poc1-fastapi-security.git
INFO:src.generator.core.generator:Run ID: 520b70ad-582a-43d8-8600-b1c4135a8e9a, Workspace: tmp/poc1-fastapi-security-520b70ad-582a-43d8-8600-b1c4135a8e9a
INFO:src.generator.agents.config_agent:Starting configuration generation for: https://github.com/run-rasztabiga-me/poc1-fastapi-security.git
INFO:src.generator.agents.config_agent:Using prompt version: default
INFO:src.generator.tools.repository_tools:🔧 Tool called: clone_repo(repo_url=https://github.com/run-rasztabiga-me/poc1-fastapi-security.git)
INFO:src.generator.core.workspace:Cloning https://github.com/run-rasztabiga-me/poc1-fastapi-security.git to /Users/rasztabigab/Studia/run/tmp/poc1-fastapi-security-520b70ad-582a-43d8-8600-b1c4135a8e9a
INFO:src.generator.tools.repository_tools:🔧 Tool called: prepare_repo_tree()
INFO:src.generator.tools.repository_tools:🔧 Tool called: ls(dir_path=)
INFO:src.generator.tools.repository_tools:🔧 Tool called: ls(dir_path=app)
INFO:src.generator.tools.repository_tools:🔧 Tool called: get_file_content(file_path=app/main.py)
INFO:src.generator.tools.repository_tools:🔧 Tool called: get_file_content(file_path=requirements.txt)
INFO:src.generator.tools.repository_tools:🔧 Tool called: get_file_content(file_path=docs/operations.md)
INFO:src.generator.tools.repository_tools:🔧 Tool called: write_file(file_path=Dockerfile, content_length=357)
INFO:src.generator.tools.repository_tools:🔧 Tool called: write_file(file_path=k8s/deployment.yaml, content_length=979)
INFO:src.generator.tools.repository_tools:🔧 Tool called: write_file(file_path=k8s/service.yaml, content_length=203)
INFO:src.generator.tools.repository_tools:🔧 Tool called: write_file(file_path=k8s/ingress.yaml, content_length=373)
INFO:src.generator.tools.repository_tools:🧠 Agent reflection (1185 chars)
INFO:src.evaluator.core.integration:Fetching metrics from LangSmith for run_id: 520b70ad-582a-43d8-8600-b1c4135a8e9a
INFO:src.evaluator.metrics.langsmith_collector:Run 520b70ad-582a-43d8-8600-b1c4135a8e9a is still pending, retrying in 5 seconds... (attempt 1/5)
INFO:src.evaluator.metrics.langsmith_collector:Fetched metrics from LangSmith: 12 tool calls, 45264 tokens
INFO:src.evaluator.core.integration:Using structured output from ConfigurationOutput
INFO:src.evaluator.core.integration:Generated 1 Dockerfiles and 3 K8s manifests
INFO:src.evaluator.validators.config_validator:Building Docker image: poc1-fastapi-security from Dockerfile
INFO:src.evaluator.validators.config_validator:Full image name with run-scoped tag: 192.168.1.39:32000/poc1-fastapi-security-poc1-fastapi-security:520b70ad-582a-43d8-8600-b1c4135a8e9a
INFO:src.evaluator.validators.config_validator:Building Docker image 192.168.1.39:32000/poc1-fastapi-security-poc1-fastapi-security:520b70ad-582a-43d8-8600-b1c4135a8e9a with buildx
INFO:src.evaluator.validators.config_validator:Build completed successfully for 192.168.1.39:32000/poc1-fastapi-security-poc1-fastapi-security:520b70ad-582a-43d8-8600-b1c4135a8e9a
INFO:src.evaluator.validators.config_validator:Successfully pushed image to registry: 192.168.1.39:32000/poc1-fastapi-security-poc1-fastapi-security:520b70ad-582a-43d8-8600-b1c4135a8e9a
INFO:src.evaluator.validators.config_validator:Verifying image in registry: 192.168.1.39:32000/poc1-fastapi-security-poc1-fastapi-security:520b70ad-582a-43d8-8600-b1c4135a8e9a
INFO:src.evaluator.validators.config_validator:Successfully verified image in registry: 192.168.1.39:32000/poc1-fastapi-security-poc1-fastapi-security:520b70ad-582a-43d8-8600-b1c4135a8e9a
INFO:src.evaluator.validators.config_validator:Image metrics: 63.17 MB, 8 layers, built in 0.7s
INFO:src.evaluator.core.evaluator:Evaluation completed for https://github.com/run-rasztabiga-me/poc1-fastapi-security.git
INFO:src.evaluator.reports.reporter:Report saved to evaluation_reports/experiments/h5/20260318_223200/openai_gpt5_mini/default/poc1-fastapi-security/h5__gpt-5-mini__default__poc1-fastapi-security__run7_20260319_001848_88bbc643.json
INFO:src.evaluator.experiments.runner:Completed h5 | repo=poc1-fastapi-security model=openai_gpt5_mini prompt=default repetition=run7 -> evaluation_reports/experiments/h5/20260318_223200/openai_gpt5_mini/default/poc1-fastapi-security/h5__gpt-5-mini__default__poc1-fastapi-security__run7_20260319_001848_88bbc643.json
INFO:src.evaluator.experiments.runner:Running cleanup after run: experiment=h5 repo=poc1-fastapi-security model=openai_gpt5_mini prompt=default repetition=run7
INFO:src.tools.cluster_cleanup:Skipping protected namespace: container-registry
INFO:src.tools.cluster_cleanup:Skipping protected namespace: default
INFO:src.tools.cluster_cleanup:Skipping protected namespace: ingress
INFO:src.tools.cluster_cleanup:Skipping protected namespace: kube-node-lease
INFO:src.tools.cluster_cleanup:Skipping protected namespace: kube-public
INFO:src.tools.cluster_cleanup:Skipping protected namespace: kube-system
INFO:src.tools.cluster_cleanup:No /etc/hosts entries required cleanup.
INFO:src.tools.cluster_cleanup:Running Docker system prune to remove unused resources (preserving base images)...
INFO:src.tools.cluster_cleanup:Docker system prune completed successfully.
INFO:src.evaluator.experiments.runner:Cluster cleanup completed successfully for 'h5'.
INFO:src.evaluator.experiments.runner:Preparing run: repo=poc1-fastapi-security model=openai_gpt5_mini prompt=default repetition=run8
INFO:src.evaluator.core.evaluator:Starting evaluation for https://github.com/run-rasztabiga-me/poc1-fastapi-security.git (ID: f6a699da-22af-46a7-8423-522d8f937c4c)
INFO:src.evaluator.core.integration:Starting real generation for https://github.com/run-rasztabiga-me/poc1-fastapi-security.git
INFO:src.generator.core.generator:Starting configuration generation for repository: https://github.com/run-rasztabiga-me/poc1-fastapi-security.git
INFO:src.generator.core.generator:Run ID: 94dd0ba7-5193-4862-9232-982711acc7bf, Workspace: tmp/poc1-fastapi-security-94dd0ba7-5193-4862-9232-982711acc7bf
INFO:src.generator.agents.config_agent:Starting configuration generation for: https://github.com/run-rasztabiga-me/poc1-fastapi-security.git
INFO:src.generator.agents.config_agent:Using prompt version: default
INFO:src.generator.tools.repository_tools:🔧 Tool called: clone_repo(repo_url=https://github.com/run-rasztabiga-me/poc1-fastapi-security.git)
INFO:src.generator.core.workspace:Cloning https://github.com/run-rasztabiga-me/poc1-fastapi-security.git to /Users/rasztabigab/Studia/run/tmp/poc1-fastapi-security-94dd0ba7-5193-4862-9232-982711acc7bf
INFO:src.generator.tools.repository_tools:🔧 Tool called: prepare_repo_tree()
INFO:src.generator.tools.repository_tools:🔧 Tool called: ls(dir_path=)
INFO:src.generator.tools.repository_tools:🔧 Tool called: ls(dir_path=app)
INFO:src.generator.tools.repository_tools:🔧 Tool called: get_file_content(file_path=app/main.py)
INFO:src.generator.tools.repository_tools:🔧 Tool called: get_file_content(file_path=requirements.txt)
INFO:src.generator.tools.repository_tools:🔧 Tool called: get_file_content(file_path=docs/operations.md)
INFO:src.generator.tools.repository_tools:🔧 Tool called: write_file(file_path=Dockerfile, content_length=363)
INFO:src.generator.tools.repository_tools:🔧 Tool called: write_file(file_path=k8s/deployment.yaml, content_length=1050)
INFO:src.generator.tools.repository_tools:🔧 Tool called: write_file(file_path=k8s/service.yaml, content_length=197)
INFO:src.generator.tools.repository_tools:🔧 Tool called: write_file(file_path=k8s/ingress.yaml, content_length=393)
INFO:src.generator.tools.repository_tools:🔧 Tool called: write_file(file_path=k8s/namespace.yaml, content_length=71)
INFO:src.generator.tools.repository_tools:🔧 Tool called: find_files(pattern=Dockerfile, max_results=20)
INFO:src.generator.tools.repository_tools:🔧 Tool called: search_files(pattern=health, file_pattern=None, case_sensitive=False)
INFO:src.generator.tools.repository_tools:🔧 Tool called: search_files(pattern=@app.get, file_pattern=*.py, case_sensitive=False)
INFO:src.generator.tools.repository_tools:🧠 Agent reflection (1389 chars)
INFO:src.evaluator.core.integration:Fetching metrics from LangSmith for run_id: 94dd0ba7-5193-4862-9232-982711acc7bf
INFO:src.evaluator.metrics.langsmith_collector:Run 94dd0ba7-5193-4862-9232-982711acc7bf is still pending, retrying in 5 seconds... (attempt 1/5)
INFO:src.evaluator.metrics.langsmith_collector:Fetched metrics from LangSmith: 16 tool calls, 63140 tokens
INFO:src.evaluator.core.integration:Using structured output from ConfigurationOutput
INFO:src.evaluator.core.integration:Generated 1 Dockerfiles and 4 K8s manifests
INFO:src.evaluator.validators.config_validator:Building Docker image: poc1-fastapi-security from Dockerfile
INFO:src.evaluator.validators.config_validator:Full image name with run-scoped tag: 192.168.1.39:32000/poc1-fastapi-security-poc1-fastapi-security:94dd0ba7-5193-4862-9232-982711acc7bf
INFO:src.evaluator.validators.config_validator:Building Docker image 192.168.1.39:32000/poc1-fastapi-security-poc1-fastapi-security:94dd0ba7-5193-4862-9232-982711acc7bf with buildx
INFO:src.evaluator.validators.config_validator:Build completed successfully for 192.168.1.39:32000/poc1-fastapi-security-poc1-fastapi-security:94dd0ba7-5193-4862-9232-982711acc7bf
INFO:src.evaluator.validators.config_validator:Successfully pushed image to registry: 192.168.1.39:32000/poc1-fastapi-security-poc1-fastapi-security:94dd0ba7-5193-4862-9232-982711acc7bf
INFO:src.evaluator.validators.config_validator:Verifying image in registry: 192.168.1.39:32000/poc1-fastapi-security-poc1-fastapi-security:94dd0ba7-5193-4862-9232-982711acc7bf
INFO:src.evaluator.validators.config_validator:Successfully verified image in registry: 192.168.1.39:32000/poc1-fastapi-security-poc1-fastapi-security:94dd0ba7-5193-4862-9232-982711acc7bf
INFO:src.evaluator.validators.config_validator:Image metrics: 59.28 MB, 8 layers, built in 9.9s
INFO:src.evaluator.core.evaluator:Evaluation completed for https://github.com/run-rasztabiga-me/poc1-fastapi-security.git
INFO:src.evaluator.reports.reporter:Report saved to evaluation_reports/experiments/h5/20260318_223200/openai_gpt5_mini/default/poc1-fastapi-security/h5__gpt-5-mini__default__poc1-fastapi-security__run8_20260319_002015_f6a699da.json
INFO:src.evaluator.experiments.runner:Completed h5 | repo=poc1-fastapi-security model=openai_gpt5_mini prompt=default repetition=run8 -> evaluation_reports/experiments/h5/20260318_223200/openai_gpt5_mini/default/poc1-fastapi-security/h5__gpt-5-mini__default__poc1-fastapi-security__run8_20260319_002015_f6a699da.json
INFO:src.evaluator.experiments.runner:Running cleanup after run: experiment=h5 repo=poc1-fastapi-security model=openai_gpt5_mini prompt=default repetition=run8
INFO:src.tools.cluster_cleanup:Skipping protected namespace: container-registry
INFO:src.tools.cluster_cleanup:Skipping protected namespace: default
INFO:src.tools.cluster_cleanup:Skipping protected namespace: ingress
INFO:src.tools.cluster_cleanup:Skipping protected namespace: kube-node-lease
INFO:src.tools.cluster_cleanup:Skipping protected namespace: kube-public
INFO:src.tools.cluster_cleanup:Skipping protected namespace: kube-system
INFO:src.tools.cluster_cleanup:No /etc/hosts entries required cleanup.
INFO:src.tools.cluster_cleanup:Running Docker system prune to remove unused resources (preserving base images)...
INFO:src.tools.cluster_cleanup:Docker system prune completed successfully.
INFO:src.evaluator.experiments.runner:Cluster cleanup completed successfully for 'h5'.
INFO:src.evaluator.experiments.runner:Preparing run: repo=poc1-fastapi-security model=openai_gpt5_mini prompt=default repetition=run9
INFO:src.evaluator.core.evaluator:Starting evaluation for https://github.com/run-rasztabiga-me/poc1-fastapi-security.git (ID: db3b7207-af64-4a67-b3ec-dea26d93fa92)
INFO:src.evaluator.core.integration:Starting real generation for https://github.com/run-rasztabiga-me/poc1-fastapi-security.git
INFO:src.generator.core.generator:Starting configuration generation for repository: https://github.com/run-rasztabiga-me/poc1-fastapi-security.git
INFO:src.generator.core.generator:Run ID: 0c913b55-e725-472c-885c-b480f6fc829b, Workspace: tmp/poc1-fastapi-security-0c913b55-e725-472c-885c-b480f6fc829b
INFO:src.generator.agents.config_agent:Starting configuration generation for: https://github.com/run-rasztabiga-me/poc1-fastapi-security.git
INFO:src.generator.agents.config_agent:Using prompt version: default
INFO:src.generator.tools.repository_tools:🔧 Tool called: clone_repo(repo_url=https://github.com/run-rasztabiga-me/poc1-fastapi-security.git)
INFO:src.generator.core.workspace:Cloning https://github.com/run-rasztabiga-me/poc1-fastapi-security.git to /Users/rasztabigab/Studia/run/tmp/poc1-fastapi-security-0c913b55-e725-472c-885c-b480f6fc829b
INFO:src.generator.tools.repository_tools:🔧 Tool called: prepare_repo_tree()
INFO:src.generator.tools.repository_tools:🔧 Tool called: ls(dir_path=)
INFO:src.generator.tools.repository_tools:🔧 Tool called: ls(dir_path=app)
INFO:src.generator.tools.repository_tools:🔧 Tool called: get_file_content(file_path=app/main.py)
INFO:src.generator.tools.repository_tools:🔧 Tool called: get_file_content(file_path=requirements.txt)
INFO:src.generator.tools.repository_tools:🔧 Tool called: get_file_content(file_path=docs/operations.md)
INFO:src.generator.tools.repository_tools:🔧 Tool called: write_file(file_path=Dockerfile, content_length=318)
INFO:src.generator.tools.repository_tools:🔧 Tool called: write_file(file_path=k8s/deployment.yaml, content_length=1025)
INFO:src.generator.tools.repository_tools:🔧 Tool called: write_file(file_path=k8s/service.yaml, content_length=203)
INFO:src.generator.tools.repository_tools:🔧 Tool called: write_file(file_path=k8s/ingress.yaml, content_length=452)
INFO:src.generator.tools.repository_tools:🧠 Agent reflection (1266 chars)
INFO:src.evaluator.core.integration:Fetching metrics from LangSmith for run_id: 0c913b55-e725-472c-885c-b480f6fc829b
INFO:src.evaluator.metrics.langsmith_collector:Run 0c913b55-e725-472c-885c-b480f6fc829b is still pending, retrying in 5 seconds... (attempt 1/5)
INFO:src.evaluator.metrics.langsmith_collector:Fetched metrics from LangSmith: 12 tool calls, 45649 tokens
INFO:src.evaluator.core.integration:Using structured output from ConfigurationOutput
INFO:src.evaluator.core.integration:Generated 1 Dockerfiles and 3 K8s manifests
INFO:src.evaluator.validators.config_validator:Building Docker image: poc1-fastapi-security from Dockerfile
INFO:src.evaluator.validators.config_validator:Full image name with run-scoped tag: 192.168.1.39:32000/poc1-fastapi-security-poc1-fastapi-security:0c913b55-e725-472c-885c-b480f6fc829b
INFO:src.evaluator.validators.config_validator:Building Docker image 192.168.1.39:32000/poc1-fastapi-security-poc1-fastapi-security:0c913b55-e725-472c-885c-b480f6fc829b with buildx
INFO:src.evaluator.validators.config_validator:Build completed successfully for 192.168.1.39:32000/poc1-fastapi-security-poc1-fastapi-security:0c913b55-e725-472c-885c-b480f6fc829b
INFO:src.evaluator.validators.config_validator:Successfully pushed image to registry: 192.168.1.39:32000/poc1-fastapi-security-poc1-fastapi-security:0c913b55-e725-472c-885c-b480f6fc829b
INFO:src.evaluator.validators.config_validator:Verifying image in registry: 192.168.1.39:32000/poc1-fastapi-security-poc1-fastapi-security:0c913b55-e725-472c-885c-b480f6fc829b
INFO:src.evaluator.validators.config_validator:Successfully verified image in registry: 192.168.1.39:32000/poc1-fastapi-security-poc1-fastapi-security:0c913b55-e725-472c-885c-b480f6fc829b
INFO:src.evaluator.validators.config_validator:Image metrics: 63.17 MB, 8 layers, built in 0.8s
INFO:src.evaluator.core.evaluator:Evaluation completed for https://github.com/run-rasztabiga-me/poc1-fastapi-security.git
INFO:src.evaluator.reports.reporter:Report saved to evaluation_reports/experiments/h5/20260318_223200/openai_gpt5_mini/default/poc1-fastapi-security/h5__gpt-5-mini__default__poc1-fastapi-security__run9_20260319_002127_db3b7207.json
INFO:src.evaluator.experiments.runner:Completed h5 | repo=poc1-fastapi-security model=openai_gpt5_mini prompt=default repetition=run9 -> evaluation_reports/experiments/h5/20260318_223200/openai_gpt5_mini/default/poc1-fastapi-security/h5__gpt-5-mini__default__poc1-fastapi-security__run9_20260319_002127_db3b7207.json
INFO:src.evaluator.experiments.runner:Running cleanup after run: experiment=h5 repo=poc1-fastapi-security model=openai_gpt5_mini prompt=default repetition=run9
INFO:src.tools.cluster_cleanup:Skipping protected namespace: container-registry
INFO:src.tools.cluster_cleanup:Skipping protected namespace: default
INFO:src.tools.cluster_cleanup:Skipping protected namespace: ingress
INFO:src.tools.cluster_cleanup:Skipping protected namespace: kube-node-lease
INFO:src.tools.cluster_cleanup:Skipping protected namespace: kube-public
INFO:src.tools.cluster_cleanup:Skipping protected namespace: kube-system
INFO:src.tools.cluster_cleanup:No /etc/hosts entries required cleanup.
INFO:src.tools.cluster_cleanup:Running Docker system prune to remove unused resources (preserving base images)...
INFO:src.tools.cluster_cleanup:Docker system prune completed successfully.
INFO:src.evaluator.experiments.runner:Cluster cleanup completed successfully for 'h5'.
INFO:src.evaluator.experiments.runner:Preparing run: repo=poc1-fastapi-security model=openai_gpt5_mini prompt=default repetition=run10
INFO:src.evaluator.core.evaluator:Starting evaluation for https://github.com/run-rasztabiga-me/poc1-fastapi-security.git (ID: 0ac4e374-9e96-4b03-8247-520512eef0b7)
INFO:src.evaluator.core.integration:Starting real generation for https://github.com/run-rasztabiga-me/poc1-fastapi-security.git
INFO:src.generator.core.generator:Starting configuration generation for repository: https://github.com/run-rasztabiga-me/poc1-fastapi-security.git
INFO:src.generator.core.generator:Run ID: e61201ef-caa4-4447-929c-b35b2795f3f2, Workspace: tmp/poc1-fastapi-security-e61201ef-caa4-4447-929c-b35b2795f3f2
INFO:src.generator.agents.config_agent:Starting configuration generation for: https://github.com/run-rasztabiga-me/poc1-fastapi-security.git
INFO:src.generator.agents.config_agent:Using prompt version: default
INFO:src.generator.tools.repository_tools:🔧 Tool called: clone_repo(repo_url=https://github.com/run-rasztabiga-me/poc1-fastapi-security.git)
INFO:src.generator.core.workspace:Cloning https://github.com/run-rasztabiga-me/poc1-fastapi-security.git to /Users/rasztabigab/Studia/run/tmp/poc1-fastapi-security-e61201ef-caa4-4447-929c-b35b2795f3f2
INFO:src.generator.tools.repository_tools:🔧 Tool called: prepare_repo_tree()
INFO:src.generator.tools.repository_tools:🔧 Tool called: ls(dir_path=)
INFO:src.generator.tools.repository_tools:🔧 Tool called: ls(dir_path=app)
INFO:src.generator.tools.repository_tools:🔧 Tool called: get_file_content(file_path=app/main.py)
INFO:src.generator.tools.repository_tools:🔧 Tool called: get_file_content(file_path=requirements.txt)
INFO:src.generator.tools.repository_tools:🧠 Agent reflection (1648 chars)
INFO:src.generator.tools.repository_tools:🔧 Tool called: write_file(file_path=Dockerfile, content_length=460)
INFO:src.generator.tools.repository_tools:🔧 Tool called: write_file(file_path=k8s/deployment.yaml, content_length=951)
INFO:src.generator.tools.repository_tools:🔧 Tool called: write_file(file_path=k8s/service.yaml, content_length=203)
INFO:src.generator.tools.repository_tools:🔧 Tool called: write_file(file_path=k8s/ingress.yaml, content_length=438)
INFO:src.generator.tools.repository_tools:🧠 Agent reflection (518 chars)
INFO:src.evaluator.core.integration:Fetching metrics from LangSmith for run_id: e61201ef-caa4-4447-929c-b35b2795f3f2
INFO:src.evaluator.metrics.langsmith_collector:Run e61201ef-caa4-4447-929c-b35b2795f3f2 is still pending, retrying in 5 seconds... (attempt 1/5)
INFO:src.evaluator.metrics.langsmith_collector:Fetched metrics from LangSmith: 12 tool calls, 46560 tokens
INFO:src.evaluator.core.integration:Using structured output from ConfigurationOutput
INFO:src.evaluator.core.integration:Generated 1 Dockerfiles and 3 K8s manifests
INFO:src.evaluator.validators.config_validator:Building Docker image: poc1-fastapi-security from Dockerfile
INFO:src.evaluator.validators.config_validator:Full image name with run-scoped tag: 192.168.1.39:32000/poc1-fastapi-security-poc1-fastapi-security:e61201ef-caa4-4447-929c-b35b2795f3f2
INFO:src.evaluator.validators.config_validator:Building Docker image 192.168.1.39:32000/poc1-fastapi-security-poc1-fastapi-security:e61201ef-caa4-4447-929c-b35b2795f3f2 with buildx
INFO:src.evaluator.validators.config_validator:Build completed successfully for 192.168.1.39:32000/poc1-fastapi-security-poc1-fastapi-security:e61201ef-caa4-4447-929c-b35b2795f3f2
INFO:src.evaluator.validators.config_validator:Successfully pushed image to registry: 192.168.1.39:32000/poc1-fastapi-security-poc1-fastapi-security:e61201ef-caa4-4447-929c-b35b2795f3f2
INFO:src.evaluator.validators.config_validator:Verifying image in registry: 192.168.1.39:32000/poc1-fastapi-security-poc1-fastapi-security:e61201ef-caa4-4447-929c-b35b2795f3f2
INFO:src.evaluator.validators.config_validator:Successfully verified image in registry: 192.168.1.39:32000/poc1-fastapi-security-poc1-fastapi-security:e61201ef-caa4-4447-929c-b35b2795f3f2
INFO:src.evaluator.validators.config_validator:Image metrics: 169.47 MB, 9 layers, built in 30.3s
INFO:src.evaluator.core.evaluator:Evaluation completed for https://github.com/run-rasztabiga-me/poc1-fastapi-security.git
INFO:src.evaluator.reports.reporter:Report saved to evaluation_reports/experiments/h5/20260318_223200/openai_gpt5_mini/default/poc1-fastapi-security/h5__gpt-5-mini__default__poc1-fastapi-security__run10_20260319_002250_0ac4e374.json
INFO:src.evaluator.experiments.runner:Completed h5 | repo=poc1-fastapi-security model=openai_gpt5_mini prompt=default repetition=run10 -> evaluation_reports/experiments/h5/20260318_223200/openai_gpt5_mini/default/poc1-fastapi-security/h5__gpt-5-mini__default__poc1-fastapi-security__run10_20260319_002250_0ac4e374.json
INFO:src.evaluator.experiments.runner:Running cleanup after run: experiment=h5 repo=poc1-fastapi-security model=openai_gpt5_mini prompt=default repetition=run10
INFO:src.tools.cluster_cleanup:Skipping protected namespace: container-registry
INFO:src.tools.cluster_cleanup:Skipping protected namespace: default
INFO:src.tools.cluster_cleanup:Skipping protected namespace: ingress
INFO:src.tools.cluster_cleanup:Skipping protected namespace: kube-node-lease
INFO:src.tools.cluster_cleanup:Skipping protected namespace: kube-public
INFO:src.tools.cluster_cleanup:Skipping protected namespace: kube-system
INFO:src.tools.cluster_cleanup:No /etc/hosts entries required cleanup.
INFO:src.tools.cluster_cleanup:Running Docker system prune to remove unused resources (preserving base images)...
INFO:src.tools.cluster_cleanup:Docker system prune completed successfully.
INFO:src.evaluator.experiments.runner:Cluster cleanup completed successfully for 'h5'.
INFO:src.evaluator.experiments.runner:Preparing run: repo=poc1-fastapi-security model=deepseek_v3_2 prompt=default repetition=run1
INFO:src.evaluator.core.evaluator:Starting evaluation for https://github.com/run-rasztabiga-me/poc1-fastapi-security.git (ID: e54a3843-9170-447d-8134-ace63c4db994)
INFO:src.evaluator.core.integration:Starting real generation for https://github.com/run-rasztabiga-me/poc1-fastapi-security.git
INFO:src.generator.core.generator:Starting configuration generation for repository: https://github.com/run-rasztabiga-me/poc1-fastapi-security.git
INFO:src.generator.core.generator:Run ID: df43efb8-3b38-475c-86a9-db49c7ddff07, Workspace: tmp/poc1-fastapi-security-df43efb8-3b38-475c-86a9-db49c7ddff07
INFO:src.generator.agents.config_agent:Starting configuration generation for: https://github.com/run-rasztabiga-me/poc1-fastapi-security.git
INFO:src.generator.agents.config_agent:Using prompt version: default
INFO:src.generator.tools.repository_tools:🔧 Tool called: clone_repo(repo_url=https://github.com/run-rasztabiga-me/poc1-fastapi-security.git)
INFO:src.generator.core.workspace:Cloning https://github.com/run-rasztabiga-me/poc1-fastapi-security.git to /Users/rasztabigab/Studia/run/tmp/poc1-fastapi-security-df43efb8-3b38-475c-86a9-db49c7ddff07
INFO:src.generator.tools.repository_tools:🔧 Tool called: prepare_repo_tree()
INFO:src.generator.tools.repository_tools:🧠 Agent reflection (143 chars)
INFO:src.generator.tools.repository_tools:🔧 Tool called: ls(dir_path=.)
INFO:src.generator.tools.repository_tools:🔧 Tool called: get_file_content(file_path=requirements.txt)
INFO:src.generator.tools.repository_tools:🔧 Tool called: get_file_content(file_path=app/main.py)
INFO:src.generator.tools.repository_tools:🔧 Tool called: search_files(pattern=database|postgres|mysql|redis|mongodb|sqlite, file_pattern=None, case_sensitive=False)
INFO:src.generator.tools.repository_tools:🔧 Tool called: search_files(pattern=port|PORT|host|HOST|connection|CONNECTION, file_pattern=None, case_sensitive=False)
INFO:src.generator.tools.repository_tools:🔧 Tool called: get_file_content(file_path=SECURITY.md)
INFO:src.generator.tools.repository_tools:🔧 Tool called: get_file_content(file_path=docs/operations.md)
INFO:src.generator.tools.repository_tools:🧠 Agent reflection (1027 chars)
INFO:src.generator.tools.repository_tools:🔧 Tool called: find_files(pattern=*.py, max_results=50)
INFO:src.generator.tools.repository_tools:🔧 Tool called: find_files(pattern=*.yaml|*.yml|*.json|*.toml|*.cfg|*.ini, max_results=50)
INFO:src.generator.tools.repository_tools:🔧 Tool called: ls(dir_path=app)
INFO:src.generator.tools.repository_tools:🧠 Agent reflection (730 chars)
INFO:src.generator.tools.repository_tools:🔧 Tool called: write_file(file_path=Dockerfile, content_length=495)
INFO:src.generator.tools.repository_tools:🧠 Agent reflection (292 chars)
INFO:src.generator.tools.repository_tools:🔧 Tool called: write_file(file_path=k8s/deployment.yaml, content_length=999)
INFO:src.generator.tools.repository_tools:🔧 Tool called: write_file(file_path=k8s/service.yaml, content_length=234)
INFO:src.generator.tools.repository_tools:🔧 Tool called: write_file(file_path=k8s/ingress.yaml, content_length=395)
INFO:src.generator.tools.repository_tools:🧠 Agent reflection (718 chars)
INFO:src.generator.tools.repository_tools:🔧 Tool called: ls(dir_path=k8s)
INFO:src.generator.tools.repository_tools:🧠 Agent reflection (956 chars)
INFO:src.evaluator.core.integration:Fetching metrics from LangSmith for run_id: df43efb8-3b38-475c-86a9-db49c7ddff07
INFO:src.evaluator.metrics.langsmith_collector:Run df43efb8-3b38-475c-86a9-db49c7ddff07 is still pending, retrying in 5 seconds... (attempt 1/5)
INFO:src.evaluator.metrics.langsmith_collector:Fetched metrics from LangSmith: 23 tool calls, 125514 tokens
INFO:src.evaluator.core.integration:Using structured output from ConfigurationOutput
INFO:src.evaluator.core.integration:Generated 1 Dockerfiles and 3 K8s manifests
INFO:src.evaluator.validators.config_validator:Building Docker image: poc1-fastapi-security from Dockerfile
INFO:src.evaluator.validators.config_validator:Full image name with run-scoped tag: 192.168.1.39:32000/poc1-fastapi-security-poc1-fastapi-security:df43efb8-3b38-475c-86a9-db49c7ddff07
INFO:src.evaluator.validators.config_validator:Building Docker image 192.168.1.39:32000/poc1-fastapi-security-poc1-fastapi-security:df43efb8-3b38-475c-86a9-db49c7ddff07 with buildx
INFO:src.evaluator.validators.config_validator:Build completed successfully for 192.168.1.39:32000/poc1-fastapi-security-poc1-fastapi-security:df43efb8-3b38-475c-86a9-db49c7ddff07
INFO:src.evaluator.validators.config_validator:Successfully pushed image to registry: 192.168.1.39:32000/poc1-fastapi-security-poc1-fastapi-security:df43efb8-3b38-475c-86a9-db49c7ddff07
INFO:src.evaluator.validators.config_validator:Verifying image in registry: 192.168.1.39:32000/poc1-fastapi-security-poc1-fastapi-security:df43efb8-3b38-475c-86a9-db49c7ddff07
INFO:src.evaluator.validators.config_validator:Successfully verified image in registry: 192.168.1.39:32000/poc1-fastapi-security-poc1-fastapi-security:df43efb8-3b38-475c-86a9-db49c7ddff07
INFO:src.evaluator.validators.config_validator:Image metrics: 60.97 MB, 9 layers, built in 13.3s
INFO:src.evaluator.core.evaluator:Evaluation completed for https://github.com/run-rasztabiga-me/poc1-fastapi-security.git
INFO:src.evaluator.reports.reporter:Report saved to evaluation_reports/experiments/h5/20260318_223200/deepseek_v3_2/default/poc1-fastapi-security/h5__deepseek-chat__default__poc1-fastapi-security__run1_20260319_002436_e54a3843.json
INFO:src.evaluator.experiments.runner:Completed h5 | repo=poc1-fastapi-security model=deepseek_v3_2 prompt=default repetition=run1 -> evaluation_reports/experiments/h5/20260318_223200/deepseek_v3_2/default/poc1-fastapi-security/h5__deepseek-chat__default__poc1-fastapi-security__run1_20260319_002436_e54a3843.json
INFO:src.evaluator.experiments.runner:Running cleanup after run: experiment=h5 repo=poc1-fastapi-security model=deepseek_v3_2 prompt=default repetition=run1
INFO:src.tools.cluster_cleanup:Skipping protected namespace: container-registry
INFO:src.tools.cluster_cleanup:Skipping protected namespace: default
INFO:src.tools.cluster_cleanup:Skipping protected namespace: ingress
INFO:src.tools.cluster_cleanup:Skipping protected namespace: kube-node-lease
INFO:src.tools.cluster_cleanup:Skipping protected namespace: kube-public
INFO:src.tools.cluster_cleanup:Skipping protected namespace: kube-system
INFO:src.tools.cluster_cleanup:No /etc/hosts entries required cleanup.
INFO:src.tools.cluster_cleanup:Running Docker system prune to remove unused resources (preserving base images)...
INFO:src.tools.cluster_cleanup:Docker system prune completed successfully.
INFO:src.evaluator.experiments.runner:Cluster cleanup completed successfully for 'h5'.
INFO:src.evaluator.experiments.runner:Preparing run: repo=poc1-fastapi-security model=deepseek_v3_2 prompt=default repetition=run2
INFO:src.evaluator.core.evaluator:Starting evaluation for https://github.com/run-rasztabiga-me/poc1-fastapi-security.git (ID: f8fc8f2f-4a93-4c78-90de-793cbd8a3158)
INFO:src.evaluator.core.integration:Starting real generation for https://github.com/run-rasztabiga-me/poc1-fastapi-security.git
INFO:src.generator.core.generator:Starting configuration generation for repository: https://github.com/run-rasztabiga-me/poc1-fastapi-security.git
INFO:src.generator.core.generator:Run ID: 217bb857-54e2-404b-a63e-966d42c60bd0, Workspace: tmp/poc1-fastapi-security-217bb857-54e2-404b-a63e-966d42c60bd0
INFO:src.generator.agents.config_agent:Starting configuration generation for: https://github.com/run-rasztabiga-me/poc1-fastapi-security.git
INFO:src.generator.agents.config_agent:Using prompt version: default
INFO:src.generator.tools.repository_tools:🔧 Tool called: clone_repo(repo_url=https://github.com/run-rasztabiga-me/poc1-fastapi-security.git)
INFO:src.generator.core.workspace:Cloning https://github.com/run-rasztabiga-me/poc1-fastapi-security.git to /Users/rasztabigab/Studia/run/tmp/poc1-fastapi-security-217bb857-54e2-404b-a63e-966d42c60bd0
INFO:src.generator.tools.repository_tools:🔧 Tool called: prepare_repo_tree()
INFO:src.generator.tools.repository_tools:🔧 Tool called: ls(dir_path=.)
INFO:src.generator.tools.repository_tools:🔧 Tool called: ls(dir_path=app)
INFO:src.generator.tools.repository_tools:🔧 Tool called: get_file_content(file_path=requirements.txt)
INFO:src.generator.tools.repository_tools:🔧 Tool called: get_file_content(file_path=app/main.py)
INFO:src.generator.tools.repository_tools:🔧 Tool called: search_files(pattern=database|postgres|mysql|redis|mongodb|sqlite|db, file_pattern=None, case_sensitive=False)
INFO:src.generator.tools.repository_tools:🔧 Tool called: search_files(pattern=port|PORT|host|HOST|env|\.env, file_pattern=None, case_sensitive=False)
INFO:src.generator.tools.repository_tools:🔧 Tool called: get_file_content(file_path=SECURITY.md)
INFO:src.generator.tools.repository_tools:🔧 Tool called: get_file_content(file_path=docs/operations.md)
INFO:src.generator.tools.repository_tools:🧠 Agent reflection (1318 chars)
INFO:src.generator.tools.repository_tools:🔧 Tool called: find_files(pattern=*.env*, max_results=50)
INFO:src.generator.tools.repository_tools:🔧 Tool called: search_files(pattern=8000|port.*8000|PORT.*8000, file_pattern=None, case_sensitive=False)
INFO:src.generator.tools.repository_tools:🧠 Agent reflection (823 chars)
INFO:src.generator.tools.repository_tools:🔧 Tool called: write_file(file_path=Dockerfile, content_length=471)
INFO:src.generator.tools.repository_tools:🔧 Tool called: write_file(file_path=k8s/deployment.yaml, content_length=1151)
INFO:src.generator.tools.repository_tools:🔧 Tool called: write_file(file_path=k8s/service.yaml, content_length=234)
INFO:src.generator.tools.repository_tools:🔧 Tool called: write_file(file_path=k8s/ingress.yaml, content_length=395)
INFO:src.generator.tools.repository_tools:🧠 Agent reflection (626 chars)
INFO:src.generator.tools.repository_tools:🔧 Tool called: search_files(pattern=health|Health|HEALTH, file_pattern=None, case_sensitive=False)
INFO:src.generator.tools.repository_tools:🧠 Agent reflection (879 chars)
INFO:src.generator.tools.repository_tools:🔧 Tool called: ls(dir_path=k8s)
INFO:src.generator.tools.repository_tools:🧠 Agent reflection (681 chars)
INFO:src.evaluator.core.integration:Fetching metrics from LangSmith for run_id: 217bb857-54e2-404b-a63e-966d42c60bd0
INFO:src.evaluator.metrics.langsmith_collector:Run 217bb857-54e2-404b-a63e-966d42c60bd0 is still pending, retrying in 5 seconds... (attempt 1/5)
INFO:src.evaluator.metrics.langsmith_collector:Fetched metrics from LangSmith: 23 tool calls, 129082 tokens
INFO:src.evaluator.core.integration:Using structured output from ConfigurationOutput
INFO:src.evaluator.core.integration:Generated 1 Dockerfiles and 3 K8s manifests
INFO:src.evaluator.validators.config_validator:Building Docker image: poc1-fastapi-security from Dockerfile
INFO:src.evaluator.validators.config_validator:Full image name with run-scoped tag: 192.168.1.39:32000/poc1-fastapi-security-poc1-fastapi-security:217bb857-54e2-404b-a63e-966d42c60bd0
INFO:src.evaluator.validators.config_validator:Building Docker image 192.168.1.39:32000/poc1-fastapi-security-poc1-fastapi-security:217bb857-54e2-404b-a63e-966d42c60bd0 with buildx
INFO:src.evaluator.validators.config_validator:Build completed successfully for 192.168.1.39:32000/poc1-fastapi-security-poc1-fastapi-security:217bb857-54e2-404b-a63e-966d42c60bd0
INFO:src.evaluator.validators.config_validator:Successfully pushed image to registry: 192.168.1.39:32000/poc1-fastapi-security-poc1-fastapi-security:217bb857-54e2-404b-a63e-966d42c60bd0
INFO:src.evaluator.validators.config_validator:Verifying image in registry: 192.168.1.39:32000/poc1-fastapi-security-poc1-fastapi-security:217bb857-54e2-404b-a63e-966d42c60bd0
INFO:src.evaluator.validators.config_validator:Successfully verified image in registry: 192.168.1.39:32000/poc1-fastapi-security-poc1-fastapi-security:217bb857-54e2-404b-a63e-966d42c60bd0
INFO:src.evaluator.validators.config_validator:Image metrics: 133.18 MB, 9 layers, built in 0.8s
INFO:src.evaluator.core.evaluator:Evaluation completed for https://github.com/run-rasztabiga-me/poc1-fastapi-security.git
INFO:src.evaluator.reports.reporter:Report saved to evaluation_reports/experiments/h5/20260318_223200/deepseek_v3_2/default/poc1-fastapi-security/h5__deepseek-chat__default__poc1-fastapi-security__run2_20260319_002618_f8fc8f2f.json
INFO:src.evaluator.experiments.runner:Completed h5 | repo=poc1-fastapi-security model=deepseek_v3_2 prompt=default repetition=run2 -> evaluation_reports/experiments/h5/20260318_223200/deepseek_v3_2/default/poc1-fastapi-security/h5__deepseek-chat__default__poc1-fastapi-security__run2_20260319_002618_f8fc8f2f.json
INFO:src.evaluator.experiments.runner:Running cleanup after run: experiment=h5 repo=poc1-fastapi-security model=deepseek_v3_2 prompt=default repetition=run2
INFO:src.tools.cluster_cleanup:Skipping protected namespace: container-registry
INFO:src.tools.cluster_cleanup:Skipping protected namespace: default
INFO:src.tools.cluster_cleanup:Skipping protected namespace: ingress
INFO:src.tools.cluster_cleanup:Skipping protected namespace: kube-node-lease
INFO:src.tools.cluster_cleanup:Skipping protected namespace: kube-public
INFO:src.tools.cluster_cleanup:Skipping protected namespace: kube-system
INFO:src.tools.cluster_cleanup:No /etc/hosts entries required cleanup.
INFO:src.tools.cluster_cleanup:Running Docker system prune to remove unused resources (preserving base images)...
INFO:src.tools.cluster_cleanup:Docker system prune completed successfully.
INFO:src.evaluator.experiments.runner:Cluster cleanup completed successfully for 'h5'.
INFO:src.evaluator.experiments.runner:Preparing run: repo=poc1-fastapi-security model=deepseek_v3_2 prompt=default repetition=run3
INFO:src.evaluator.core.evaluator:Starting evaluation for https://github.com/run-rasztabiga-me/poc1-fastapi-security.git (ID: b34ecf41-63a8-498f-bd12-5fe8a9a21d83)
INFO:src.evaluator.core.integration:Starting real generation for https://github.com/run-rasztabiga-me/poc1-fastapi-security.git
INFO:src.generator.core.generator:Starting configuration generation for repository: https://github.com/run-rasztabiga-me/poc1-fastapi-security.git
INFO:src.generator.core.generator:Run ID: 8c24b155-e783-4bac-99e9-9079b93d15c7, Workspace: tmp/poc1-fastapi-security-8c24b155-e783-4bac-99e9-9079b93d15c7
INFO:src.generator.agents.config_agent:Starting configuration generation for: https://github.com/run-rasztabiga-me/poc1-fastapi-security.git
INFO:src.generator.agents.config_agent:Using prompt version: default
INFO:src.generator.tools.repository_tools:🔧 Tool called: clone_repo(repo_url=https://github.com/run-rasztabiga-me/poc1-fastapi-security.git)
INFO:src.generator.core.workspace:Cloning https://github.com/run-rasztabiga-me/poc1-fastapi-security.git to /Users/rasztabigab/Studia/run/tmp/poc1-fastapi-security-8c24b155-e783-4bac-99e9-9079b93d15c7
INFO:src.generator.tools.repository_tools:🔧 Tool called: prepare_repo_tree()
INFO:src.generator.tools.repository_tools:🔧 Tool called: ls(dir_path=.)
INFO:src.generator.tools.repository_tools:🔧 Tool called: ls(dir_path=app)
INFO:src.generator.tools.repository_tools:🔧 Tool called: get_file_content(file_path=requirements.txt)
INFO:src.generator.tools.repository_tools:🔧 Tool called: get_file_content(file_path=app/main.py)
INFO:src.generator.tools.repository_tools:🔧 Tool called: search_files(pattern=database|postgres|mysql|redis|mongodb|rabbitmq|kafka, file_pattern=None, case_sensitive=False)
INFO:src.generator.tools.repository_tools:🔧 Tool called: search_files(pattern=env|\.env|environment|config, file_pattern=None, case_sensitive=False)
INFO:src.generator.tools.repository_tools:🔧 Tool called: search_files(pattern=health|status|ready|live, file_pattern=None, case_sensitive=False)
INFO:src.generator.tools.repository_tools:🔧 Tool called: find_files(pattern=*.yml|*.yaml|*.json|Dockerfile*, max_results=50)
INFO:src.generator.tools.repository_tools:🔧 Tool called: get_file_content(file_path=docs/operations.md)
INFO:src.generator.tools.repository_tools:🧠 Agent reflection (1260 chars)
INFO:src.generator.tools.repository_tools:🔧 Tool called: write_file(file_path=Dockerfile, content_length=451)
INFO:src.generator.tools.repository_tools:🔧 Tool called: write_file(file_path=k8s/deployment.yaml, content_length=1044)
INFO:src.generator.tools.repository_tools:🔧 Tool called: write_file(file_path=k8s/service.yaml, content_length=184)
INFO:src.generator.tools.repository_tools:🔧 Tool called: write_file(file_path=k8s/ingress.yaml, content_length=391)
INFO:src.generator.tools.repository_tools:🧠 Agent reflection (1066 chars)
INFO:src.evaluator.core.integration:Fetching metrics from LangSmith for run_id: 8c24b155-e783-4bac-99e9-9079b93d15c7
INFO:src.evaluator.metrics.langsmith_collector:Run 8c24b155-e783-4bac-99e9-9079b93d15c7 is still pending, retrying in 5 seconds... (attempt 1/5)
INFO:src.evaluator.metrics.langsmith_collector:Fetched metrics from LangSmith: 17 tool calls, 82910 tokens
INFO:src.evaluator.core.integration:Using structured output from ConfigurationOutput
INFO:src.evaluator.core.integration:Generated 1 Dockerfiles and 3 K8s manifests
INFO:src.evaluator.validators.config_validator:Building Docker image: fastapi-app from Dockerfile
INFO:src.evaluator.validators.config_validator:Full image name with run-scoped tag: 192.168.1.39:32000/poc1-fastapi-security-fastapi-app:8c24b155-e783-4bac-99e9-9079b93d15c7
INFO:src.evaluator.validators.config_validator:Building Docker image 192.168.1.39:32000/poc1-fastapi-security-fastapi-app:8c24b155-e783-4bac-99e9-9079b93d15c7 with buildx
INFO:src.evaluator.validators.config_validator:Build completed successfully for 192.168.1.39:32000/poc1-fastapi-security-fastapi-app:8c24b155-e783-4bac-99e9-9079b93d15c7
INFO:src.evaluator.validators.config_validator:Successfully pushed image to registry: 192.168.1.39:32000/poc1-fastapi-security-fastapi-app:8c24b155-e783-4bac-99e9-9079b93d15c7
INFO:src.evaluator.validators.config_validator:Verifying image in registry: 192.168.1.39:32000/poc1-fastapi-security-fastapi-app:8c24b155-e783-4bac-99e9-9079b93d15c7
INFO:src.evaluator.validators.config_validator:Successfully verified image in registry: 192.168.1.39:32000/poc1-fastapi-security-fastapi-app:8c24b155-e783-4bac-99e9-9079b93d15c7
INFO:src.evaluator.validators.config_validator:Image metrics: 133.18 MB, 9 layers, built in 0.7s
INFO:src.evaluator.core.evaluator:Evaluation completed for https://github.com/run-rasztabiga-me/poc1-fastapi-security.git
INFO:src.evaluator.reports.reporter:Report saved to evaluation_reports/experiments/h5/20260318_223200/deepseek_v3_2/default/poc1-fastapi-security/h5__deepseek-chat__default__poc1-fastapi-security__run3_20260319_002733_b34ecf41.json
INFO:src.evaluator.experiments.runner:Completed h5 | repo=poc1-fastapi-security model=deepseek_v3_2 prompt=default repetition=run3 -> evaluation_reports/experiments/h5/20260318_223200/deepseek_v3_2/default/poc1-fastapi-security/h5__deepseek-chat__default__poc1-fastapi-security__run3_20260319_002733_b34ecf41.json
INFO:src.evaluator.experiments.runner:Running cleanup after run: experiment=h5 repo=poc1-fastapi-security model=deepseek_v3_2 prompt=default repetition=run3
INFO:src.tools.cluster_cleanup:Skipping protected namespace: container-registry
INFO:src.tools.cluster_cleanup:Skipping protected namespace: default
INFO:src.tools.cluster_cleanup:Skipping protected namespace: ingress
INFO:src.tools.cluster_cleanup:Skipping protected namespace: kube-node-lease
INFO:src.tools.cluster_cleanup:Skipping protected namespace: kube-public
INFO:src.tools.cluster_cleanup:Skipping protected namespace: kube-system
INFO:src.tools.cluster_cleanup:No /etc/hosts entries required cleanup.
INFO:src.tools.cluster_cleanup:Running Docker system prune to remove unused resources (preserving base images)...
INFO:src.tools.cluster_cleanup:Docker system prune completed successfully.
INFO:src.evaluator.experiments.runner:Cluster cleanup completed successfully for 'h5'.
INFO:src.evaluator.experiments.runner:Preparing run: repo=poc1-fastapi-security model=deepseek_v3_2 prompt=default repetition=run4
INFO:src.evaluator.core.evaluator:Starting evaluation for https://github.com/run-rasztabiga-me/poc1-fastapi-security.git (ID: dc4ca556-273c-48ce-84f1-d2307dead870)
INFO:src.evaluator.core.integration:Starting real generation for https://github.com/run-rasztabiga-me/poc1-fastapi-security.git
INFO:src.generator.core.generator:Starting configuration generation for repository: https://github.com/run-rasztabiga-me/poc1-fastapi-security.git
INFO:src.generator.core.generator:Run ID: 53bb05d0-231c-4b58-80f5-df55ff23b1d0, Workspace: tmp/poc1-fastapi-security-53bb05d0-231c-4b58-80f5-df55ff23b1d0
INFO:src.generator.agents.config_agent:Starting configuration generation for: https://github.com/run-rasztabiga-me/poc1-fastapi-security.git
INFO:src.generator.agents.config_agent:Using prompt version: default
INFO:src.generator.tools.repository_tools:🔧 Tool called: clone_repo(repo_url=https://github.com/run-rasztabiga-me/poc1-fastapi-security.git)
INFO:src.generator.core.workspace:Cloning https://github.com/run-rasztabiga-me/poc1-fastapi-security.git to /Users/rasztabigab/Studia/run/tmp/poc1-fastapi-security-53bb05d0-231c-4b58-80f5-df55ff23b1d0
INFO:src.generator.tools.repository_tools:🔧 Tool called: prepare_repo_tree()
INFO:src.generator.tools.repository_tools:🔧 Tool called: ls(dir_path=.)
INFO:src.generator.tools.repository_tools:🔧 Tool called: get_file_content(file_path=requirements.txt)
INFO:src.generator.tools.repository_tools:🔧 Tool called: get_file_content(file_path=app/main.py)
INFO:src.generator.tools.repository_tools:🔧 Tool called: search_files(pattern=database|postgres|mysql|redis|mongodb|sqlite, file_pattern=None, case_sensitive=False)
INFO:src.generator.tools.repository_tools:🔧 Tool called: search_files(pattern=env|\.env|environment|config, file_pattern=None, case_sensitive=False)
INFO:src.generator.tools.repository_tools:🔧 Tool called: find_files(pattern=*.env*, max_results=50)
INFO:src.generator.tools.repository_tools:🔧 Tool called: find_files(pattern=*.json, max_results=50)
INFO:src.generator.tools.repository_tools:🔧 Tool called: find_files(pattern=*.yaml, max_results=50)
INFO:src.generator.tools.repository_tools:🔧 Tool called: find_files(pattern=*.yml, max_results=50)
INFO:src.generator.tools.repository_tools:🔧 Tool called: get_file_content(file_path=docs/operations.md)
INFO:src.generator.tools.repository_tools:🧠 Agent reflection (1309 chars)
INFO:src.generator.tools.repository_tools:🔧 Tool called: ls(dir_path=app)
INFO:src.generator.tools.repository_tools:🧠 Agent reflection (792 chars)
INFO:src.generator.tools.repository_tools:🔧 Tool called: write_file(file_path=Dockerfile, content_length=458)
INFO:src.generator.tools.repository_tools:🔧 Tool called: write_file(file_path=k8s/deployment.yaml, content_length=752)
INFO:src.generator.tools.repository_tools:🔧 Tool called: write_file(file_path=k8s/service.yaml, content_length=237)
INFO:src.generator.tools.repository_tools:🔧 Tool called: write_file(file_path=k8s/ingress.yaml, content_length=395)
INFO:src.generator.tools.repository_tools:🧠 Agent reflection (860 chars)
INFO:src.generator.tools.repository_tools:🔧 Tool called: ls(dir_path=k8s)
INFO:src.generator.tools.repository_tools:🧠 Agent reflection (855 chars)
INFO:src.evaluator.core.integration:Fetching metrics from LangSmith for run_id: 53bb05d0-231c-4b58-80f5-df55ff23b1d0
INFO:src.evaluator.metrics.langsmith_collector:Run 53bb05d0-231c-4b58-80f5-df55ff23b1d0 is still pending, retrying in 5 seconds... (attempt 1/5)
INFO:src.evaluator.metrics.langsmith_collector:Fetched metrics from LangSmith: 22 tool calls, 113511 tokens
INFO:src.evaluator.core.integration:Using structured output from ConfigurationOutput
INFO:src.evaluator.core.integration:Generated 1 Dockerfiles and 3 K8s manifests
INFO:src.evaluator.validators.config_validator:Building Docker image: poc1-fastapi-security from Dockerfile
INFO:src.evaluator.validators.config_validator:Full image name with run-scoped tag: 192.168.1.39:32000/poc1-fastapi-security-poc1-fastapi-security:53bb05d0-231c-4b58-80f5-df55ff23b1d0
INFO:src.evaluator.validators.config_validator:Building Docker image 192.168.1.39:32000/poc1-fastapi-security-poc1-fastapi-security:53bb05d0-231c-4b58-80f5-df55ff23b1d0 with buildx
INFO:src.evaluator.validators.config_validator:Build completed successfully for 192.168.1.39:32000/poc1-fastapi-security-poc1-fastapi-security:53bb05d0-231c-4b58-80f5-df55ff23b1d0
INFO:src.evaluator.validators.config_validator:Successfully pushed image to registry: 192.168.1.39:32000/poc1-fastapi-security-poc1-fastapi-security:53bb05d0-231c-4b58-80f5-df55ff23b1d0
INFO:src.evaluator.validators.config_validator:Verifying image in registry: 192.168.1.39:32000/poc1-fastapi-security-poc1-fastapi-security:53bb05d0-231c-4b58-80f5-df55ff23b1d0
INFO:src.evaluator.validators.config_validator:Successfully verified image in registry: 192.168.1.39:32000/poc1-fastapi-security-poc1-fastapi-security:53bb05d0-231c-4b58-80f5-df55ff23b1d0
INFO:src.evaluator.validators.config_validator:Image metrics: 133.18 MB, 9 layers, built in 0.7s
INFO:src.evaluator.core.evaluator:Evaluation completed for https://github.com/run-rasztabiga-me/poc1-fastapi-security.git
INFO:src.evaluator.reports.reporter:Report saved to evaluation_reports/experiments/h5/20260318_223200/deepseek_v3_2/default/poc1-fastapi-security/h5__deepseek-chat__default__poc1-fastapi-security__run4_20260319_002907_dc4ca556.json
INFO:src.evaluator.experiments.runner:Completed h5 | repo=poc1-fastapi-security model=deepseek_v3_2 prompt=default repetition=run4 -> evaluation_reports/experiments/h5/20260318_223200/deepseek_v3_2/default/poc1-fastapi-security/h5__deepseek-chat__default__poc1-fastapi-security__run4_20260319_002907_dc4ca556.json
INFO:src.evaluator.experiments.runner:Running cleanup after run: experiment=h5 repo=poc1-fastapi-security model=deepseek_v3_2 prompt=default repetition=run4
INFO:src.tools.cluster_cleanup:Skipping protected namespace: container-registry
INFO:src.tools.cluster_cleanup:Skipping protected namespace: default
INFO:src.tools.cluster_cleanup:Skipping protected namespace: ingress
INFO:src.tools.cluster_cleanup:Skipping protected namespace: kube-node-lease
INFO:src.tools.cluster_cleanup:Skipping protected namespace: kube-public
INFO:src.tools.cluster_cleanup:Skipping protected namespace: kube-system
INFO:src.tools.cluster_cleanup:No /etc/hosts entries required cleanup.
INFO:src.tools.cluster_cleanup:Running Docker system prune to remove unused resources (preserving base images)...
INFO:src.tools.cluster_cleanup:Docker system prune completed successfully.
INFO:src.evaluator.experiments.runner:Cluster cleanup completed successfully for 'h5'.
INFO:src.evaluator.experiments.runner:Preparing run: repo=poc1-fastapi-security model=deepseek_v3_2 prompt=default repetition=run5
INFO:src.evaluator.core.evaluator:Starting evaluation for https://github.com/run-rasztabiga-me/poc1-fastapi-security.git (ID: 4b985080-ad5d-4886-8686-b109d29ddfc0)
INFO:src.evaluator.core.integration:Starting real generation for https://github.com/run-rasztabiga-me/poc1-fastapi-security.git
INFO:src.generator.core.generator:Starting configuration generation for repository: https://github.com/run-rasztabiga-me/poc1-fastapi-security.git
INFO:src.generator.core.generator:Run ID: 05b969d1-cac7-4140-a19f-1e1f277663ff, Workspace: tmp/poc1-fastapi-security-05b969d1-cac7-4140-a19f-1e1f277663ff
INFO:src.generator.agents.config_agent:Starting configuration generation for: https://github.com/run-rasztabiga-me/poc1-fastapi-security.git
INFO:src.generator.agents.config_agent:Using prompt version: default
INFO:src.generator.tools.repository_tools:🔧 Tool called: clone_repo(repo_url=https://github.com/run-rasztabiga-me/poc1-fastapi-security.git)
INFO:src.generator.core.workspace:Cloning https://github.com/run-rasztabiga-me/poc1-fastapi-security.git to /Users/rasztabigab/Studia/run/tmp/poc1-fastapi-security-05b969d1-cac7-4140-a19f-1e1f277663ff
INFO:src.generator.tools.repository_tools:🔧 Tool called: prepare_repo_tree()
INFO:src.generator.tools.repository_tools:🔧 Tool called: ls(dir_path=.)
INFO:src.generator.tools.repository_tools:🔧 Tool called: ls(dir_path=app)
INFO:src.generator.tools.repository_tools:🔧 Tool called: get_file_content(file_path=requirements.txt)
INFO:src.generator.tools.repository_tools:🔧 Tool called: get_file_content(file_path=app/main.py)
INFO:src.generator.tools.repository_tools:🔧 Tool called: search_files(pattern=database|postgres|mysql|redis|mongodb|sqlite, file_pattern=None, case_sensitive=False)
INFO:src.generator.tools.repository_tools:🔧 Tool called: search_files(pattern=env|\.env|environment|config, file_pattern=None, case_sensitive=False)
INFO:src.generator.tools.repository_tools:🔧 Tool called: find_files(pattern=.env*, max_results=50)
INFO:src.generator.tools.repository_tools:🔧 Tool called: find_files(pattern=*.yaml|*.yml|*.json, max_results=50)
INFO:src.generator.tools.repository_tools:🔧 Tool called: get_file_content(file_path=docs/operations.md)
INFO:src.generator.tools.repository_tools:🧠 Agent reflection (1508 chars)
INFO:src.generator.tools.repository_tools:🔧 Tool called: write_file(file_path=Dockerfile, content_length=471)
INFO:src.generator.tools.repository_tools:🔧 Tool called: write_file(file_path=k8s/deployment.yaml, content_length=928)
INFO:src.generator.tools.repository_tools:🔧 Tool called: write_file(file_path=k8s/service.yaml, content_length=176)
INFO:src.generator.tools.repository_tools:🔧 Tool called: write_file(file_path=k8s/ingress.yaml, content_length=318)
INFO:src.generator.tools.repository_tools:🧠 Agent reflection (147 chars)
INFO:src.generator.tools.repository_tools:🔧 Tool called: ls(dir_path=k8s)
INFO:src.generator.tools.repository_tools:🧠 Agent reflection (687 chars)
INFO:src.evaluator.core.integration:Fetching metrics from LangSmith for run_id: 05b969d1-cac7-4140-a19f-1e1f277663ff
INFO:src.evaluator.metrics.langsmith_collector:Run 05b969d1-cac7-4140-a19f-1e1f277663ff is still pending, retrying in 5 seconds... (attempt 1/5)
INFO:src.evaluator.metrics.langsmith_collector:Fetched metrics from LangSmith: 19 tool calls, 94772 tokens
INFO:src.evaluator.core.integration:Using structured output from ConfigurationOutput
INFO:src.evaluator.core.integration:Generated 1 Dockerfiles and 3 K8s manifests
INFO:src.evaluator.validators.config_validator:Building Docker image: fastapi-app from Dockerfile
INFO:src.evaluator.validators.config_validator:Full image name with run-scoped tag: 192.168.1.39:32000/poc1-fastapi-security-fastapi-app:05b969d1-cac7-4140-a19f-1e1f277663ff
INFO:src.evaluator.validators.config_validator:Building Docker image 192.168.1.39:32000/poc1-fastapi-security-fastapi-app:05b969d1-cac7-4140-a19f-1e1f277663ff with buildx
INFO:src.evaluator.validators.config_validator:Build completed successfully for 192.168.1.39:32000/poc1-fastapi-security-fastapi-app:05b969d1-cac7-4140-a19f-1e1f277663ff
INFO:src.evaluator.validators.config_validator:Successfully pushed image to registry: 192.168.1.39:32000/poc1-fastapi-security-fastapi-app:05b969d1-cac7-4140-a19f-1e1f277663ff
INFO:src.evaluator.validators.config_validator:Verifying image in registry: 192.168.1.39:32000/poc1-fastapi-security-fastapi-app:05b969d1-cac7-4140-a19f-1e1f277663ff
INFO:src.evaluator.validators.config_validator:Successfully verified image in registry: 192.168.1.39:32000/poc1-fastapi-security-fastapi-app:05b969d1-cac7-4140-a19f-1e1f277663ff
INFO:src.evaluator.validators.config_validator:Image metrics: 130.98 MB, 9 layers, built in 0.7s
INFO:src.evaluator.core.evaluator:Evaluation completed for https://github.com/run-rasztabiga-me/poc1-fastapi-security.git
INFO:src.evaluator.reports.reporter:Report saved to evaluation_reports/experiments/h5/20260318_223200/deepseek_v3_2/default/poc1-fastapi-security/h5__deepseek-chat__default__poc1-fastapi-security__run5_20260319_003030_4b985080.json
INFO:src.evaluator.experiments.runner:Completed h5 | repo=poc1-fastapi-security model=deepseek_v3_2 prompt=default repetition=run5 -> evaluation_reports/experiments/h5/20260318_223200/deepseek_v3_2/default/poc1-fastapi-security/h5__deepseek-chat__default__poc1-fastapi-security__run5_20260319_003030_4b985080.json
INFO:src.evaluator.experiments.runner:Running cleanup after run: experiment=h5 repo=poc1-fastapi-security model=deepseek_v3_2 prompt=default repetition=run5
INFO:src.tools.cluster_cleanup:Skipping protected namespace: container-registry
INFO:src.tools.cluster_cleanup:Skipping protected namespace: default
INFO:src.tools.cluster_cleanup:Skipping protected namespace: ingress
INFO:src.tools.cluster_cleanup:Skipping protected namespace: kube-node-lease
INFO:src.tools.cluster_cleanup:Skipping protected namespace: kube-public
INFO:src.tools.cluster_cleanup:Skipping protected namespace: kube-system
INFO:src.tools.cluster_cleanup:No /etc/hosts entries required cleanup.
INFO:src.tools.cluster_cleanup:Running Docker system prune to remove unused resources (preserving base images)...
INFO:src.tools.cluster_cleanup:Docker system prune completed successfully.
INFO:src.evaluator.experiments.runner:Cluster cleanup completed successfully for 'h5'.
INFO:src.evaluator.experiments.runner:Preparing run: repo=poc1-fastapi-security model=deepseek_v3_2 prompt=default repetition=run6
INFO:src.evaluator.core.evaluator:Starting evaluation for https://github.com/run-rasztabiga-me/poc1-fastapi-security.git (ID: eed30e53-c952-444c-9f12-c94a528c8af5)
INFO:src.evaluator.core.integration:Starting real generation for https://github.com/run-rasztabiga-me/poc1-fastapi-security.git
INFO:src.generator.core.generator:Starting configuration generation for repository: https://github.com/run-rasztabiga-me/poc1-fastapi-security.git
INFO:src.generator.core.generator:Run ID: 5b74f003-4724-4f69-a506-3d0b1ed12d65, Workspace: tmp/poc1-fastapi-security-5b74f003-4724-4f69-a506-3d0b1ed12d65
INFO:src.generator.agents.config_agent:Starting configuration generation for: https://github.com/run-rasztabiga-me/poc1-fastapi-security.git
INFO:src.generator.agents.config_agent:Using prompt version: default
INFO:src.generator.tools.repository_tools:🔧 Tool called: clone_repo(repo_url=https://github.com/run-rasztabiga-me/poc1-fastapi-security.git)
INFO:src.generator.core.workspace:Cloning https://github.com/run-rasztabiga-me/poc1-fastapi-security.git to /Users/rasztabigab/Studia/run/tmp/poc1-fastapi-security-5b74f003-4724-4f69-a506-3d0b1ed12d65
INFO:src.generator.tools.repository_tools:🔧 Tool called: prepare_repo_tree()
INFO:src.generator.tools.repository_tools:🔧 Tool called: ls(dir_path=.)
INFO:src.generator.tools.repository_tools:🔧 Tool called: get_file_content(file_path=requirements.txt)
INFO:src.generator.tools.repository_tools:🔧 Tool called: get_file_content(file_path=app/main.py)
INFO:src.generator.tools.repository_tools:🔧 Tool called: search_files(pattern=database|postgres|mysql|mongodb|redis|rabbitmq|kafka, file_pattern=None, case_sensitive=False)
INFO:src.generator.tools.repository_tools:🔧 Tool called: search_files(pattern=env|\.env|environment|config, file_pattern=None, case_sensitive=False)
INFO:src.generator.tools.repository_tools:🔧 Tool called: find_files(pattern=.env*, max_results=50)
INFO:src.generator.tools.repository_tools:🔧 Tool called: find_files(pattern=*.py, max_results=50)
INFO:src.generator.tools.repository_tools:🔧 Tool called: get_file_content(file_path=docs/operations.md)
INFO:src.generator.tools.repository_tools:🧠 Agent reflection (1499 chars)
INFO:src.generator.tools.repository_tools:🔧 Tool called: search_files(pattern=port|PORT|8000|8080, file_pattern=None, case_sensitive=False)
INFO:src.generator.tools.repository_tools:🧠 Agent reflection (516 chars)
INFO:src.generator.tools.repository_tools:🔧 Tool called: write_file(file_path=Dockerfile, content_length=438)
INFO:src.generator.tools.repository_tools:🔧 Tool called: write_file(file_path=k8s/deployment.yaml, content_length=928)
INFO:src.generator.tools.repository_tools:🔧 Tool called: write_file(file_path=k8s/service.yaml, content_length=176)
INFO:src.generator.tools.repository_tools:🔧 Tool called: write_file(file_path=k8s/ingress.yaml, content_length=383)
INFO:src.generator.tools.repository_tools:🧠 Agent reflection (981 chars)
INFO:src.generator.tools.repository_tools:🔧 Tool called: ls(dir_path=k8s)
INFO:src.generator.tools.repository_tools:🧠 Agent reflection (923 chars)
INFO:src.evaluator.core.integration:Fetching metrics from LangSmith for run_id: 5b74f003-4724-4f69-a506-3d0b1ed12d65
INFO:src.evaluator.metrics.langsmith_collector:Run 5b74f003-4724-4f69-a506-3d0b1ed12d65 is still pending, retrying in 5 seconds... (attempt 1/5)
INFO:src.evaluator.metrics.langsmith_collector:Fetched metrics from LangSmith: 20 tool calls, 103897 tokens
INFO:src.evaluator.core.integration:Using structured output from ConfigurationOutput
INFO:src.evaluator.core.integration:Generated 1 Dockerfiles and 3 K8s manifests
INFO:src.evaluator.validators.config_validator:Building Docker image: fastapi-app from Dockerfile
INFO:src.evaluator.validators.config_validator:Full image name with run-scoped tag: 192.168.1.39:32000/poc1-fastapi-security-fastapi-app:5b74f003-4724-4f69-a506-3d0b1ed12d65
INFO:src.evaluator.validators.config_validator:Building Docker image 192.168.1.39:32000/poc1-fastapi-security-fastapi-app:5b74f003-4724-4f69-a506-3d0b1ed12d65 with buildx
INFO:src.evaluator.validators.config_validator:Build completed successfully for 192.168.1.39:32000/poc1-fastapi-security-fastapi-app:5b74f003-4724-4f69-a506-3d0b1ed12d65
INFO:src.evaluator.validators.config_validator:Successfully pushed image to registry: 192.168.1.39:32000/poc1-fastapi-security-fastapi-app:5b74f003-4724-4f69-a506-3d0b1ed12d65
INFO:src.evaluator.validators.config_validator:Verifying image in registry: 192.168.1.39:32000/poc1-fastapi-security-fastapi-app:5b74f003-4724-4f69-a506-3d0b1ed12d65
INFO:src.evaluator.validators.config_validator:Successfully verified image in registry: 192.168.1.39:32000/poc1-fastapi-security-fastapi-app:5b74f003-4724-4f69-a506-3d0b1ed12d65
INFO:src.evaluator.validators.config_validator:Image metrics: 130.98 MB, 9 layers, built in 0.7s
INFO:src.evaluator.core.evaluator:Evaluation completed for https://github.com/run-rasztabiga-me/poc1-fastapi-security.git
INFO:src.evaluator.reports.reporter:Report saved to evaluation_reports/experiments/h5/20260318_223200/deepseek_v3_2/default/poc1-fastapi-security/h5__deepseek-chat__default__poc1-fastapi-security__run6_20260319_003212_eed30e53.json
INFO:src.evaluator.experiments.runner:Completed h5 | repo=poc1-fastapi-security model=deepseek_v3_2 prompt=default repetition=run6 -> evaluation_reports/experiments/h5/20260318_223200/deepseek_v3_2/default/poc1-fastapi-security/h5__deepseek-chat__default__poc1-fastapi-security__run6_20260319_003212_eed30e53.json
INFO:src.evaluator.experiments.runner:Running cleanup after run: experiment=h5 repo=poc1-fastapi-security model=deepseek_v3_2 prompt=default repetition=run6
INFO:src.tools.cluster_cleanup:Skipping protected namespace: container-registry
INFO:src.tools.cluster_cleanup:Skipping protected namespace: default
INFO:src.tools.cluster_cleanup:Skipping protected namespace: ingress
INFO:src.tools.cluster_cleanup:Skipping protected namespace: kube-node-lease
INFO:src.tools.cluster_cleanup:Skipping protected namespace: kube-public
INFO:src.tools.cluster_cleanup:Skipping protected namespace: kube-system
INFO:src.tools.cluster_cleanup:No /etc/hosts entries required cleanup.
INFO:src.tools.cluster_cleanup:Running Docker system prune to remove unused resources (preserving base images)...
INFO:src.tools.cluster_cleanup:Docker system prune completed successfully.
INFO:src.evaluator.experiments.runner:Cluster cleanup completed successfully for 'h5'.
INFO:src.evaluator.experiments.runner:Preparing run: repo=poc1-fastapi-security model=deepseek_v3_2 prompt=default repetition=run7
INFO:src.evaluator.core.evaluator:Starting evaluation for https://github.com/run-rasztabiga-me/poc1-fastapi-security.git (ID: 2b6d5e71-ba1c-4494-97b5-d7772810e728)
INFO:src.evaluator.core.integration:Starting real generation for https://github.com/run-rasztabiga-me/poc1-fastapi-security.git
INFO:src.generator.core.generator:Starting configuration generation for repository: https://github.com/run-rasztabiga-me/poc1-fastapi-security.git
INFO:src.generator.core.generator:Run ID: 09c92511-6ed5-476b-a39e-9c77ab1e7510, Workspace: tmp/poc1-fastapi-security-09c92511-6ed5-476b-a39e-9c77ab1e7510
INFO:src.generator.agents.config_agent:Starting configuration generation for: https://github.com/run-rasztabiga-me/poc1-fastapi-security.git
INFO:src.generator.agents.config_agent:Using prompt version: default
INFO:src.generator.tools.repository_tools:🔧 Tool called: clone_repo(repo_url=https://github.com/run-rasztabiga-me/poc1-fastapi-security.git)
INFO:src.generator.core.workspace:Cloning https://github.com/run-rasztabiga-me/poc1-fastapi-security.git to /Users/rasztabigab/Studia/run/tmp/poc1-fastapi-security-09c92511-6ed5-476b-a39e-9c77ab1e7510
INFO:src.generator.tools.repository_tools:🔧 Tool called: prepare_repo_tree()
INFO:src.generator.tools.repository_tools:🔧 Tool called: ls(dir_path=.)
INFO:src.generator.tools.repository_tools:🔧 Tool called: get_file_content(file_path=requirements.txt)
INFO:src.generator.tools.repository_tools:🔧 Tool called: get_file_content(file_path=app/main.py)
INFO:src.generator.tools.repository_tools:🔧 Tool called: ls(dir_path=app)
INFO:src.generator.tools.repository_tools:🔧 Tool called: search_files(pattern=database|postgres|mysql|redis|mongodb|sqlite, file_pattern=None, case_sensitive=False)
INFO:src.generator.tools.repository_tools:🔧 Tool called: search_files(pattern=port|PORT|host|HOST, file_pattern=None, case_sensitive=False)
INFO:src.generator.tools.repository_tools:🔧 Tool called: get_file_content(file_path=SECURITY.md)
INFO:src.generator.tools.repository_tools:🔧 Tool called: get_file_content(file_path=docs/operations.md)
INFO:src.generator.tools.repository_tools:🧠 Agent reflection (1100 chars)
INFO:src.generator.tools.repository_tools:🔧 Tool called: find_files(pattern=*.py, max_results=50)
INFO:src.generator.tools.repository_tools:🔧 Tool called: find_files(pattern=*.yaml|*.yml|*.json|*.env|Dockerfile*, max_results=50)
INFO:src.generator.tools.repository_tools:🔧 Tool called: search_files(pattern=health|Health|HEALTH, file_pattern=None, case_sensitive=False)
INFO:src.generator.tools.repository_tools:🧠 Agent reflection (796 chars)
INFO:src.generator.tools.repository_tools:🔧 Tool called: write_file(file_path=Dockerfile, content_length=481)
INFO:src.generator.tools.repository_tools:🔧 Tool called: write_file(file_path=k8s/deployment.yaml, content_length=1247)
INFO:src.generator.tools.repository_tools:🔧 Tool called: write_file(file_path=k8s/service.yaml, content_length=252)
INFO:src.generator.tools.repository_tools:🔧 Tool called: write_file(file_path=k8s/ingress.yaml, content_length=395)
INFO:src.generator.tools.repository_tools:🧠 Agent reflection (1609 chars)
INFO:src.evaluator.core.integration:Fetching metrics from LangSmith for run_id: 09c92511-6ed5-476b-a39e-9c77ab1e7510
INFO:src.evaluator.metrics.langsmith_collector:Run 09c92511-6ed5-476b-a39e-9c77ab1e7510 is still pending, retrying in 5 seconds... (attempt 1/5)
INFO:src.evaluator.metrics.langsmith_collector:Fetched metrics from LangSmith: 20 tool calls, 105205 tokens
INFO:src.evaluator.core.integration:Using structured output from ConfigurationOutput
INFO:src.evaluator.core.integration:Generated 1 Dockerfiles and 3 K8s manifests
INFO:src.evaluator.validators.config_validator:Building Docker image: poc1-fastapi-security from Dockerfile
INFO:src.evaluator.validators.config_validator:Full image name with run-scoped tag: 192.168.1.39:32000/poc1-fastapi-security-poc1-fastapi-security:09c92511-6ed5-476b-a39e-9c77ab1e7510
INFO:src.evaluator.validators.config_validator:Building Docker image 192.168.1.39:32000/poc1-fastapi-security-poc1-fastapi-security:09c92511-6ed5-476b-a39e-9c77ab1e7510 with buildx
INFO:src.evaluator.validators.config_validator:Build completed successfully for 192.168.1.39:32000/poc1-fastapi-security-poc1-fastapi-security:09c92511-6ed5-476b-a39e-9c77ab1e7510
INFO:src.evaluator.validators.config_validator:Successfully pushed image to registry: 192.168.1.39:32000/poc1-fastapi-security-poc1-fastapi-security:09c92511-6ed5-476b-a39e-9c77ab1e7510
INFO:src.evaluator.validators.config_validator:Verifying image in registry: 192.168.1.39:32000/poc1-fastapi-security-poc1-fastapi-security:09c92511-6ed5-476b-a39e-9c77ab1e7510
INFO:src.evaluator.validators.config_validator:Successfully verified image in registry: 192.168.1.39:32000/poc1-fastapi-security-poc1-fastapi-security:09c92511-6ed5-476b-a39e-9c77ab1e7510
INFO:src.evaluator.validators.config_validator:Image metrics: 133.18 MB, 9 layers, built in 0.7s
INFO:src.evaluator.core.evaluator:Evaluation completed for https://github.com/run-rasztabiga-me/poc1-fastapi-security.git
INFO:src.evaluator.reports.reporter:Report saved to evaluation_reports/experiments/h5/20260318_223200/deepseek_v3_2/default/poc1-fastapi-security/h5__deepseek-chat__default__poc1-fastapi-security__run7_20260319_003346_2b6d5e71.json
INFO:src.evaluator.experiments.runner:Completed h5 | repo=poc1-fastapi-security model=deepseek_v3_2 prompt=default repetition=run7 -> evaluation_reports/experiments/h5/20260318_223200/deepseek_v3_2/default/poc1-fastapi-security/h5__deepseek-chat__default__poc1-fastapi-security__run7_20260319_003346_2b6d5e71.json
INFO:src.evaluator.experiments.runner:Running cleanup after run: experiment=h5 repo=poc1-fastapi-security model=deepseek_v3_2 prompt=default repetition=run7
INFO:src.tools.cluster_cleanup:Skipping protected namespace: container-registry
INFO:src.tools.cluster_cleanup:Skipping protected namespace: default
INFO:src.tools.cluster_cleanup:Skipping protected namespace: ingress
INFO:src.tools.cluster_cleanup:Skipping protected namespace: kube-node-lease
INFO:src.tools.cluster_cleanup:Skipping protected namespace: kube-public
INFO:src.tools.cluster_cleanup:Skipping protected namespace: kube-system
INFO:src.tools.cluster_cleanup:No /etc/hosts entries required cleanup.
INFO:src.tools.cluster_cleanup:Running Docker system prune to remove unused resources (preserving base images)...
INFO:src.tools.cluster_cleanup:Docker system prune completed successfully.
INFO:src.evaluator.experiments.runner:Cluster cleanup completed successfully for 'h5'.
INFO:src.evaluator.experiments.runner:Preparing run: repo=poc1-fastapi-security model=deepseek_v3_2 prompt=default repetition=run8
INFO:src.evaluator.core.evaluator:Starting evaluation for https://github.com/run-rasztabiga-me/poc1-fastapi-security.git (ID: f4fae7e2-ced4-444c-bc0b-e80f6cf353d0)
INFO:src.evaluator.core.integration:Starting real generation for https://github.com/run-rasztabiga-me/poc1-fastapi-security.git
INFO:src.generator.core.generator:Starting configuration generation for repository: https://github.com/run-rasztabiga-me/poc1-fastapi-security.git
INFO:src.generator.core.generator:Run ID: 148fac1d-dc4c-4797-ae6a-6e9363a8f5bb, Workspace: tmp/poc1-fastapi-security-148fac1d-dc4c-4797-ae6a-6e9363a8f5bb
INFO:src.generator.agents.config_agent:Starting configuration generation for: https://github.com/run-rasztabiga-me/poc1-fastapi-security.git
INFO:src.generator.agents.config_agent:Using prompt version: default
INFO:src.generator.tools.repository_tools:🔧 Tool called: clone_repo(repo_url=https://github.com/run-rasztabiga-me/poc1-fastapi-security.git)
INFO:src.generator.core.workspace:Cloning https://github.com/run-rasztabiga-me/poc1-fastapi-security.git to /Users/rasztabigab/Studia/run/tmp/poc1-fastapi-security-148fac1d-dc4c-4797-ae6a-6e9363a8f5bb
INFO:src.generator.tools.repository_tools:🔧 Tool called: prepare_repo_tree()
INFO:src.generator.tools.repository_tools:🔧 Tool called: ls(dir_path=.)
INFO:src.generator.tools.repository_tools:🔧 Tool called: ls(dir_path=app)
INFO:src.generator.tools.repository_tools:🔧 Tool called: get_file_content(file_path=requirements.txt)
INFO:src.generator.tools.repository_tools:🔧 Tool called: get_file_content(file_path=app/main.py)
INFO:src.generator.tools.repository_tools:🔧 Tool called: search_files(pattern=database|postgres|mysql|redis|mongodb|sqlite, file_pattern=None, case_sensitive=False)
INFO:src.generator.tools.repository_tools:🔧 Tool called: search_files(pattern=env|\.env|environment|config, file_pattern=None, case_sensitive=False)
INFO:src.generator.tools.repository_tools:🔧 Tool called: find_files(pattern=*.env*, max_results=50)
INFO:src.generator.tools.repository_tools:🔧 Tool called: find_files(pattern=*.yaml|*.yml|*.json, max_results=50)
INFO:src.generator.tools.repository_tools:🧠 Agent reflection (1343 chars)
INFO:src.generator.tools.repository_tools:🔧 Tool called: search_files(pattern=port|PORT|8000|8080, file_pattern=None, case_sensitive=False)
INFO:src.generator.tools.repository_tools:🔧 Tool called: get_file_content(file_path=docs/operations.md)
INFO:src.generator.tools.repository_tools:🧠 Agent reflection (897 chars)
INFO:src.generator.tools.repository_tools:🔧 Tool called: write_file(file_path=Dockerfile, content_length=458)
INFO:src.generator.tools.repository_tools:🔧 Tool called: write_file(file_path=k8s/deployment.yaml, content_length=978)
INFO:src.generator.tools.repository_tools:🔧 Tool called: write_file(file_path=k8s/service.yaml, content_length=237)
INFO:src.generator.tools.repository_tools:🔧 Tool called: write_file(file_path=k8s/ingress.yaml, content_length=395)
INFO:src.generator.tools.repository_tools:🧠 Agent reflection (689 chars)
INFO:src.generator.tools.repository_tools:🔧 Tool called: ls(dir_path=k8s)
INFO:src.generator.tools.repository_tools:🔧 Tool called: search_files(pattern=health|Health|HEALTH, file_pattern=None, case_sensitive=False)
INFO:src.generator.tools.repository_tools:🧠 Agent reflection (1030 chars)
INFO:src.evaluator.core.integration:Fetching metrics from LangSmith for run_id: 148fac1d-dc4c-4797-ae6a-6e9363a8f5bb
INFO:src.evaluator.metrics.langsmith_collector:Run 148fac1d-dc4c-4797-ae6a-6e9363a8f5bb is still pending, retrying in 5 seconds... (attempt 1/5)
INFO:src.evaluator.metrics.langsmith_collector:Fetched metrics from LangSmith: 22 tool calls, 116463 tokens
INFO:src.evaluator.core.integration:Using structured output from ConfigurationOutput
INFO:src.evaluator.core.integration:Generated 1 Dockerfiles and 3 K8s manifests
INFO:src.evaluator.validators.config_validator:Building Docker image: poc1-fastapi-security from Dockerfile
INFO:src.evaluator.validators.config_validator:Full image name with run-scoped tag: 192.168.1.39:32000/poc1-fastapi-security-poc1-fastapi-security:148fac1d-dc4c-4797-ae6a-6e9363a8f5bb
INFO:src.evaluator.validators.config_validator:Building Docker image 192.168.1.39:32000/poc1-fastapi-security-poc1-fastapi-security:148fac1d-dc4c-4797-ae6a-6e9363a8f5bb with buildx
INFO:src.evaluator.validators.config_validator:Build completed successfully for 192.168.1.39:32000/poc1-fastapi-security-poc1-fastapi-security:148fac1d-dc4c-4797-ae6a-6e9363a8f5bb
INFO:src.evaluator.validators.config_validator:Successfully pushed image to registry: 192.168.1.39:32000/poc1-fastapi-security-poc1-fastapi-security:148fac1d-dc4c-4797-ae6a-6e9363a8f5bb
INFO:src.evaluator.validators.config_validator:Verifying image in registry: 192.168.1.39:32000/poc1-fastapi-security-poc1-fastapi-security:148fac1d-dc4c-4797-ae6a-6e9363a8f5bb
INFO:src.evaluator.validators.config_validator:Successfully verified image in registry: 192.168.1.39:32000/poc1-fastapi-security-poc1-fastapi-security:148fac1d-dc4c-4797-ae6a-6e9363a8f5bb
INFO:src.evaluator.validators.config_validator:Image metrics: 63.17 MB, 9 layers, built in 13.2s
INFO:src.evaluator.core.evaluator:Evaluation completed for https://github.com/run-rasztabiga-me/poc1-fastapi-security.git
INFO:src.evaluator.reports.reporter:Report saved to evaluation_reports/experiments/h5/20260318_223200/deepseek_v3_2/default/poc1-fastapi-security/h5__deepseek-chat__default__poc1-fastapi-security__run8_20260319_003535_f4fae7e2.json
INFO:src.evaluator.experiments.runner:Completed h5 | repo=poc1-fastapi-security model=deepseek_v3_2 prompt=default repetition=run8 -> evaluation_reports/experiments/h5/20260318_223200/deepseek_v3_2/default/poc1-fastapi-security/h5__deepseek-chat__default__poc1-fastapi-security__run8_20260319_003535_f4fae7e2.json
INFO:src.evaluator.experiments.runner:Running cleanup after run: experiment=h5 repo=poc1-fastapi-security model=deepseek_v3_2 prompt=default repetition=run8
INFO:src.tools.cluster_cleanup:Skipping protected namespace: container-registry
INFO:src.tools.cluster_cleanup:Skipping protected namespace: default
INFO:src.tools.cluster_cleanup:Skipping protected namespace: ingress
INFO:src.tools.cluster_cleanup:Skipping protected namespace: kube-node-lease
INFO:src.tools.cluster_cleanup:Skipping protected namespace: kube-public
INFO:src.tools.cluster_cleanup:Skipping protected namespace: kube-system
INFO:src.tools.cluster_cleanup:No /etc/hosts entries required cleanup.
INFO:src.tools.cluster_cleanup:Running Docker system prune to remove unused resources (preserving base images)...
INFO:src.tools.cluster_cleanup:Docker system prune completed successfully.
INFO:src.evaluator.experiments.runner:Cluster cleanup completed successfully for 'h5'.
INFO:src.evaluator.experiments.runner:Preparing run: repo=poc1-fastapi-security model=deepseek_v3_2 prompt=default repetition=run9
INFO:src.evaluator.core.evaluator:Starting evaluation for https://github.com/run-rasztabiga-me/poc1-fastapi-security.git (ID: 7acd6f53-55b3-4b66-af60-e6097f569ab7)
INFO:src.evaluator.core.integration:Starting real generation for https://github.com/run-rasztabiga-me/poc1-fastapi-security.git
INFO:src.generator.core.generator:Starting configuration generation for repository: https://github.com/run-rasztabiga-me/poc1-fastapi-security.git
INFO:src.generator.core.generator:Run ID: fb4f0bd5-d98a-4799-85f0-52eaec18414d, Workspace: tmp/poc1-fastapi-security-fb4f0bd5-d98a-4799-85f0-52eaec18414d
INFO:src.generator.agents.config_agent:Starting configuration generation for: https://github.com/run-rasztabiga-me/poc1-fastapi-security.git
INFO:src.generator.agents.config_agent:Using prompt version: default
INFO:src.generator.tools.repository_tools:🔧 Tool called: clone_repo(repo_url=https://github.com/run-rasztabiga-me/poc1-fastapi-security.git)
INFO:src.generator.core.workspace:Cloning https://github.com/run-rasztabiga-me/poc1-fastapi-security.git to /Users/rasztabigab/Studia/run/tmp/poc1-fastapi-security-fb4f0bd5-d98a-4799-85f0-52eaec18414d
INFO:src.generator.tools.repository_tools:🔧 Tool called: prepare_repo_tree()
INFO:src.generator.tools.repository_tools:🔧 Tool called: ls(dir_path=.)
INFO:src.generator.tools.repository_tools:🔧 Tool called: get_file_content(file_path=requirements.txt)
INFO:src.generator.tools.repository_tools:🔧 Tool called: get_file_content(file_path=app/main.py)
INFO:src.generator.tools.repository_tools:🔧 Tool called: search_files(pattern=database|postgres|mysql|redis|mongodb|sqlite, file_pattern=None, case_sensitive=False)
INFO:src.generator.tools.repository_tools:🔧 Tool called: search_files(pattern=port|PORT|host|HOST|connection|CONNECTION, file_pattern=None, case_sensitive=False)
INFO:src.generator.tools.repository_tools:🔧 Tool called: get_file_content(file_path=SECURITY.md)
INFO:src.generator.tools.repository_tools:🔧 Tool called: get_file_content(file_path=docs/operations.md)
INFO:src.generator.tools.repository_tools:🧠 Agent reflection (1257 chars)
INFO:src.generator.tools.repository_tools:🔧 Tool called: find_files(pattern=*.py, max_results=50)
INFO:src.generator.tools.repository_tools:🔧 Tool called: ls(dir_path=app)
INFO:src.generator.tools.repository_tools:🔧 Tool called: search_files(pattern=health|Health|HEALTH, file_pattern=None, case_sensitive=False)
INFO:src.generator.tools.repository_tools:🧠 Agent reflection (1078 chars)
INFO:src.generator.tools.repository_tools:🔧 Tool called: write_file(file_path=Dockerfile, content_length=495)
INFO:src.generator.tools.repository_tools:🔧 Tool called: write_file(file_path=k8s/deployment.yaml, content_length=1007)
INFO:src.generator.tools.repository_tools:🔧 Tool called: write_file(file_path=k8s/service.yaml, content_length=234)
INFO:src.generator.tools.repository_tools:🔧 Tool called: write_file(file_path=k8s/ingress.yaml, content_length=371)
INFO:src.generator.tools.repository_tools:🧠 Agent reflection (837 chars)
INFO:src.generator.tools.repository_tools:🔧 Tool called: find_files(pattern=.env*, max_results=50)
INFO:src.generator.tools.repository_tools:🔧 Tool called: search_files(pattern=environment|ENVIRONMENT|env|ENV, file_pattern=None, case_sensitive=False)
INFO:src.generator.tools.repository_tools:🔧 Tool called: ls(dir_path=k8s)
INFO:src.generator.tools.repository_tools:🧠 Agent reflection (1828 chars)
INFO:src.evaluator.core.integration:Fetching metrics from LangSmith for run_id: fb4f0bd5-d98a-4799-85f0-52eaec18414d
INFO:src.evaluator.metrics.langsmith_collector:Fetched metrics from LangSmith: 24 tool calls, 137256 tokens
INFO:src.evaluator.core.integration:Using structured output from ConfigurationOutput
INFO:src.evaluator.core.integration:Generated 1 Dockerfiles and 3 K8s manifests
INFO:src.evaluator.validators.config_validator:Building Docker image: poc1-fastapi-security from Dockerfile
INFO:src.evaluator.validators.config_validator:Full image name with run-scoped tag: 192.168.1.39:32000/poc1-fastapi-security-poc1-fastapi-security:fb4f0bd5-d98a-4799-85f0-52eaec18414d
INFO:src.evaluator.validators.config_validator:Building Docker image 192.168.1.39:32000/poc1-fastapi-security-poc1-fastapi-security:fb4f0bd5-d98a-4799-85f0-52eaec18414d with buildx
INFO:src.evaluator.validators.config_validator:Build completed successfully for 192.168.1.39:32000/poc1-fastapi-security-poc1-fastapi-security:fb4f0bd5-d98a-4799-85f0-52eaec18414d
INFO:src.evaluator.validators.config_validator:Successfully pushed image to registry: 192.168.1.39:32000/poc1-fastapi-security-poc1-fastapi-security:fb4f0bd5-d98a-4799-85f0-52eaec18414d
INFO:src.evaluator.validators.config_validator:Verifying image in registry: 192.168.1.39:32000/poc1-fastapi-security-poc1-fastapi-security:fb4f0bd5-d98a-4799-85f0-52eaec18414d
INFO:src.evaluator.validators.config_validator:Successfully verified image in registry: 192.168.1.39:32000/poc1-fastapi-security-poc1-fastapi-security:fb4f0bd5-d98a-4799-85f0-52eaec18414d
INFO:src.evaluator.validators.config_validator:Image metrics: 63.17 MB, 9 layers, built in 13.1s
INFO:src.evaluator.core.evaluator:Evaluation completed for https://github.com/run-rasztabiga-me/poc1-fastapi-security.git
INFO:src.evaluator.reports.reporter:Report saved to evaluation_reports/experiments/h5/20260318_223200/deepseek_v3_2/default/poc1-fastapi-security/h5__deepseek-chat__default__poc1-fastapi-security__run9_20260319_003739_7acd6f53.json
INFO:src.evaluator.experiments.runner:Completed h5 | repo=poc1-fastapi-security model=deepseek_v3_2 prompt=default repetition=run9 -> evaluation_reports/experiments/h5/20260318_223200/deepseek_v3_2/default/poc1-fastapi-security/h5__deepseek-chat__default__poc1-fastapi-security__run9_20260319_003739_7acd6f53.json
INFO:src.evaluator.experiments.runner:Running cleanup after run: experiment=h5 repo=poc1-fastapi-security model=deepseek_v3_2 prompt=default repetition=run9
INFO:src.tools.cluster_cleanup:Skipping protected namespace: container-registry
INFO:src.tools.cluster_cleanup:Skipping protected namespace: default
INFO:src.tools.cluster_cleanup:Skipping protected namespace: ingress
INFO:src.tools.cluster_cleanup:Skipping protected namespace: kube-node-lease
INFO:src.tools.cluster_cleanup:Skipping protected namespace: kube-public
INFO:src.tools.cluster_cleanup:Skipping protected namespace: kube-system
INFO:src.tools.cluster_cleanup:No /etc/hosts entries required cleanup.
INFO:src.tools.cluster_cleanup:Running Docker system prune to remove unused resources (preserving base images)...
INFO:src.tools.cluster_cleanup:Docker system prune completed successfully.
INFO:src.evaluator.experiments.runner:Cluster cleanup completed successfully for 'h5'.
INFO:src.evaluator.experiments.runner:Preparing run: repo=poc1-fastapi-security model=deepseek_v3_2 prompt=default repetition=run10
INFO:src.evaluator.core.evaluator:Starting evaluation for https://github.com/run-rasztabiga-me/poc1-fastapi-security.git (ID: d47004f1-04b7-4af3-b4d1-48a6cca2c9f2)
INFO:src.evaluator.core.integration:Starting real generation for https://github.com/run-rasztabiga-me/poc1-fastapi-security.git
INFO:src.generator.core.generator:Starting configuration generation for repository: https://github.com/run-rasztabiga-me/poc1-fastapi-security.git
INFO:src.generator.core.generator:Run ID: bb4da5c6-9bc8-4913-b5d2-5262db0b5660, Workspace: tmp/poc1-fastapi-security-bb4da5c6-9bc8-4913-b5d2-5262db0b5660
INFO:src.generator.agents.config_agent:Starting configuration generation for: https://github.com/run-rasztabiga-me/poc1-fastapi-security.git
INFO:src.generator.agents.config_agent:Using prompt version: default
INFO:src.generator.tools.repository_tools:🔧 Tool called: clone_repo(repo_url=https://github.com/run-rasztabiga-me/poc1-fastapi-security.git)
INFO:src.generator.core.workspace:Cloning https://github.com/run-rasztabiga-me/poc1-fastapi-security.git to /Users/rasztabigab/Studia/run/tmp/poc1-fastapi-security-bb4da5c6-9bc8-4913-b5d2-5262db0b5660
INFO:src.generator.tools.repository_tools:🔧 Tool called: prepare_repo_tree()
INFO:src.generator.tools.repository_tools:🔧 Tool called: ls(dir_path=.)
INFO:src.generator.tools.repository_tools:🔧 Tool called: get_file_content(file_path=requirements.txt)
INFO:src.generator.tools.repository_tools:🔧 Tool called: get_file_content(file_path=app/main.py)
INFO:src.generator.tools.repository_tools:🔧 Tool called: get_file_content(file_path=SECURITY.md)
INFO:src.generator.tools.repository_tools:🔧 Tool called: search_files(pattern=database|postgres|mysql|redis|mongodb|sqlite, file_pattern=None, case_sensitive=False)
INFO:src.generator.tools.repository_tools:🔧 Tool called: search_files(pattern=port|PORT|host|HOST, file_pattern=None, case_sensitive=False)
INFO:src.generator.tools.repository_tools:🔧 Tool called: get_file_content(file_path=docs/operations.md)
INFO:src.generator.tools.repository_tools:🧠 Agent reflection (1703 chars)
INFO:src.generator.tools.repository_tools:🔧 Tool called: find_files(pattern=*.py, max_results=50)
INFO:src.generator.tools.repository_tools:🔧 Tool called: ls(dir_path=app)
INFO:src.generator.tools.repository_tools:🔧 Tool called: search_files(pattern=health|Health|HEALTH, file_pattern=None, case_sensitive=False)
INFO:src.generator.tools.repository_tools:🧠 Agent reflection (108 chars)
INFO:src.generator.tools.repository_tools:🔧 Tool called: write_file(file_path=Dockerfile, content_length=438)
INFO:src.generator.tools.repository_tools:🔧 Tool called: write_file(file_path=k8s/deployment.yaml, content_length=1045)
INFO:src.generator.tools.repository_tools:🔧 Tool called: write_file(file_path=k8s/service.yaml, content_length=237)
INFO:src.generator.tools.repository_tools:🔧 Tool called: write_file(file_path=k8s/ingress.yaml, content_length=395)
INFO:src.generator.tools.repository_tools:🧠 Agent reflection (166 chars)
INFO:src.generator.tools.repository_tools:🔧 Tool called: ls(dir_path=k8s)
INFO:src.generator.tools.repository_tools:🧠 Agent reflection (869 chars)
INFO:src.generator.tools.repository_tools:🔧 Tool called: get_file_content(file_path=app/__init__.py)
INFO:src.generator.tools.repository_tools:🧠 Agent reflection (1593 chars)
INFO:src.evaluator.core.integration:Fetching metrics from LangSmith for run_id: bb4da5c6-9bc8-4913-b5d2-5262db0b5660
INFO:src.evaluator.metrics.langsmith_collector:Run bb4da5c6-9bc8-4913-b5d2-5262db0b5660 is still pending, retrying in 5 seconds... (attempt 1/5)
INFO:src.evaluator.metrics.langsmith_collector:Fetched metrics from LangSmith: 23 tool calls, 128269 tokens
INFO:src.evaluator.core.integration:Using structured output from ConfigurationOutput
INFO:src.evaluator.core.integration:Generated 1 Dockerfiles and 3 K8s manifests
INFO:src.evaluator.validators.config_validator:Building Docker image: poc1-fastapi-security from Dockerfile
INFO:src.evaluator.validators.config_validator:Full image name with run-scoped tag: 192.168.1.39:32000/poc1-fastapi-security-poc1-fastapi-security:bb4da5c6-9bc8-4913-b5d2-5262db0b5660
INFO:src.evaluator.validators.config_validator:Building Docker image 192.168.1.39:32000/poc1-fastapi-security-poc1-fastapi-security:bb4da5c6-9bc8-4913-b5d2-5262db0b5660 with buildx
INFO:src.evaluator.validators.config_validator:Build completed successfully for 192.168.1.39:32000/poc1-fastapi-security-poc1-fastapi-security:bb4da5c6-9bc8-4913-b5d2-5262db0b5660
INFO:src.evaluator.validators.config_validator:Successfully pushed image to registry: 192.168.1.39:32000/poc1-fastapi-security-poc1-fastapi-security:bb4da5c6-9bc8-4913-b5d2-5262db0b5660
INFO:src.evaluator.validators.config_validator:Verifying image in registry: 192.168.1.39:32000/poc1-fastapi-security-poc1-fastapi-security:bb4da5c6-9bc8-4913-b5d2-5262db0b5660
INFO:src.evaluator.validators.config_validator:Successfully verified image in registry: 192.168.1.39:32000/poc1-fastapi-security-poc1-fastapi-security:bb4da5c6-9bc8-4913-b5d2-5262db0b5660
INFO:src.evaluator.validators.config_validator:Image metrics: 133.18 MB, 9 layers, built in 0.9s
INFO:src.evaluator.core.evaluator:Evaluation completed for https://github.com/run-rasztabiga-me/poc1-fastapi-security.git
INFO:src.evaluator.reports.reporter:Report saved to evaluation_reports/experiments/h5/20260318_223200/deepseek_v3_2/default/poc1-fastapi-security/h5__deepseek-chat__default__poc1-fastapi-security__run10_20260319_003922_d47004f1.json
INFO:src.evaluator.experiments.runner:Completed h5 | repo=poc1-fastapi-security model=deepseek_v3_2 prompt=default repetition=run10 -> evaluation_reports/experiments/h5/20260318_223200/deepseek_v3_2/default/poc1-fastapi-security/h5__deepseek-chat__default__poc1-fastapi-security__run10_20260319_003922_d47004f1.json
INFO:src.evaluator.experiments.runner:Running cleanup after run: experiment=h5 repo=poc1-fastapi-security model=deepseek_v3_2 prompt=default repetition=run10
INFO:src.tools.cluster_cleanup:Skipping protected namespace: container-registry
INFO:src.tools.cluster_cleanup:Skipping protected namespace: default
INFO:src.tools.cluster_cleanup:Skipping protected namespace: ingress
INFO:src.tools.cluster_cleanup:Skipping protected namespace: kube-node-lease
INFO:src.tools.cluster_cleanup:Skipping protected namespace: kube-public
INFO:src.tools.cluster_cleanup:Skipping protected namespace: kube-system
INFO:src.tools.cluster_cleanup:No /etc/hosts entries required cleanup.
INFO:src.tools.cluster_cleanup:Running Docker system prune to remove unused resources (preserving base images)...
INFO:src.tools.cluster_cleanup:Docker system prune completed successfully.
INFO:src.evaluator.experiments.runner:Cluster cleanup completed successfully for 'h5'.
INFO:src.evaluator.experiments.runner:Preparing run: repo=poc1-fastapi-legacy model=google_gemini_2-5_flash prompt=default repetition=run1
INFO:src.evaluator.core.evaluator:Starting evaluation for https://github.com/run-rasztabiga-me/poc1-fastapi-legacy.git (ID: 39d2f9e5-e270-4b33-9189-482f01fc1654)
INFO:src.evaluator.core.integration:Starting real generation for https://github.com/run-rasztabiga-me/poc1-fastapi-legacy.git
INFO:src.generator.core.generator:Starting configuration generation for repository: https://github.com/run-rasztabiga-me/poc1-fastapi-legacy.git
INFO:src.generator.core.generator:Run ID: 0c3dfaa8-0128-43f2-a959-4f0fa5f8abb9, Workspace: tmp/poc1-fastapi-legacy-0c3dfaa8-0128-43f2-a959-4f0fa5f8abb9
INFO:src.generator.agents.config_agent:Starting configuration generation for: https://github.com/run-rasztabiga-me/poc1-fastapi-legacy.git
INFO:src.generator.agents.config_agent:Using prompt version: default
INFO:src.generator.tools.repository_tools:🔧 Tool called: clone_repo(repo_url=https://github.com/run-rasztabiga-me/poc1-fastapi-legacy.git)
INFO:src.generator.core.workspace:Cloning https://github.com/run-rasztabiga-me/poc1-fastapi-legacy.git to /Users/rasztabigab/Studia/run/tmp/poc1-fastapi-legacy-0c3dfaa8-0128-43f2-a959-4f0fa5f8abb9
INFO:src.generator.tools.repository_tools:🔧 Tool called: prepare_repo_tree()
INFO:src.generator.tools.repository_tools:🔧 Tool called: get_file_content(file_path=app/main.py)
INFO:src.generator.tools.repository_tools:🔧 Tool called: get_file_content(file_path=requirements.txt)
INFO:src.generator.tools.repository_tools:🔧 Tool called: get_file_content(file_path=.env.example)
INFO:src.generator.tools.repository_tools:🔧 Tool called: write_file(file_path=Dockerfile, content_length=211)
INFO:src.generator.tools.repository_tools:🔧 Tool called: write_file(file_path=k8s/deployment.yaml, content_length=904)
INFO:src.generator.tools.repository_tools:🔧 Tool called: write_file(file_path=k8s/ingress.yaml, content_length=406)
INFO:src.generator.tools.repository_tools:🔧 Tool called: write_file(file_path=k8s/service.yaml, content_length=240)
INFO:src.evaluator.core.integration:Fetching metrics from LangSmith for run_id: 0c3dfaa8-0128-43f2-a959-4f0fa5f8abb9
INFO:src.evaluator.metrics.langsmith_collector:Run 0c3dfaa8-0128-43f2-a959-4f0fa5f8abb9 is still pending, retrying in 5 seconds... (attempt 1/5)
INFO:src.evaluator.metrics.langsmith_collector:Fetched metrics from LangSmith: 9 tool calls, 22909 tokens
INFO:src.evaluator.core.integration:Using structured output from ConfigurationOutput
INFO:src.evaluator.core.integration:Generated 1 Dockerfiles and 3 K8s manifests
INFO:src.evaluator.validators.config_validator:Building Docker image: poc1-fastapi-legacy from Dockerfile
INFO:src.evaluator.validators.config_validator:Full image name with run-scoped tag: 192.168.1.39:32000/poc1-fastapi-legacy-poc1-fastapi-legacy:0c3dfaa8-0128-43f2-a959-4f0fa5f8abb9
INFO:src.evaluator.validators.config_validator:Building Docker image 192.168.1.39:32000/poc1-fastapi-legacy-poc1-fastapi-legacy:0c3dfaa8-0128-43f2-a959-4f0fa5f8abb9 with buildx
INFO:src.evaluator.validators.config_validator:Build completed successfully for 192.168.1.39:32000/poc1-fastapi-legacy-poc1-fastapi-legacy:0c3dfaa8-0128-43f2-a959-4f0fa5f8abb9
INFO:src.evaluator.validators.config_validator:Successfully pushed image to registry: 192.168.1.39:32000/poc1-fastapi-legacy-poc1-fastapi-legacy:0c3dfaa8-0128-43f2-a959-4f0fa5f8abb9
INFO:src.evaluator.validators.config_validator:Verifying image in registry: 192.168.1.39:32000/poc1-fastapi-legacy-poc1-fastapi-legacy:0c3dfaa8-0128-43f2-a959-4f0fa5f8abb9
INFO:src.evaluator.validators.config_validator:Successfully verified image in registry: 192.168.1.39:32000/poc1-fastapi-legacy-poc1-fastapi-legacy:0c3dfaa8-0128-43f2-a959-4f0fa5f8abb9
INFO:src.evaluator.validators.config_validator:Image metrics: 58.45 MB, 9 layers, built in 0.7s
INFO:src.evaluator.core.evaluator:Evaluation completed for https://github.com/run-rasztabiga-me/poc1-fastapi-legacy.git
INFO:src.evaluator.reports.reporter:Report saved to evaluation_reports/experiments/h5/20260318_223200/google_gemini_2-5_flash/default/poc1-fastapi-legacy/h5__gemini-2-5-flash__default__poc1-fastapi-legacy__run1_20260319_003945_39d2f9e5.json
INFO:src.evaluator.experiments.runner:Completed h5 | repo=poc1-fastapi-legacy model=google_gemini_2-5_flash prompt=default repetition=run1 -> evaluation_reports/experiments/h5/20260318_223200/google_gemini_2-5_flash/default/poc1-fastapi-legacy/h5__gemini-2-5-flash__default__poc1-fastapi-legacy__run1_20260319_003945_39d2f9e5.json
INFO:src.evaluator.experiments.runner:Running cleanup after run: experiment=h5 repo=poc1-fastapi-legacy model=google_gemini_2-5_flash prompt=default repetition=run1
INFO:src.tools.cluster_cleanup:Skipping protected namespace: container-registry
INFO:src.tools.cluster_cleanup:Skipping protected namespace: default
INFO:src.tools.cluster_cleanup:Skipping protected namespace: ingress
INFO:src.tools.cluster_cleanup:Skipping protected namespace: kube-node-lease
INFO:src.tools.cluster_cleanup:Skipping protected namespace: kube-public
INFO:src.tools.cluster_cleanup:Skipping protected namespace: kube-system
INFO:src.tools.cluster_cleanup:No /etc/hosts entries required cleanup.
INFO:src.tools.cluster_cleanup:Running Docker system prune to remove unused resources (preserving base images)...
INFO:src.tools.cluster_cleanup:Docker system prune completed successfully.
INFO:src.evaluator.experiments.runner:Cluster cleanup completed successfully for 'h5'.
INFO:src.evaluator.experiments.runner:Preparing run: repo=poc1-fastapi-legacy model=google_gemini_2-5_flash prompt=default repetition=run2
INFO:src.evaluator.core.evaluator:Starting evaluation for https://github.com/run-rasztabiga-me/poc1-fastapi-legacy.git (ID: c5d53e6e-4228-488a-8c70-1177fb9c2e7b)
INFO:src.evaluator.core.integration:Starting real generation for https://github.com/run-rasztabiga-me/poc1-fastapi-legacy.git
INFO:src.generator.core.generator:Starting configuration generation for repository: https://github.com/run-rasztabiga-me/poc1-fastapi-legacy.git
INFO:src.generator.core.generator:Run ID: d173aa86-82d3-4d44-bb55-17994fcb61ec, Workspace: tmp/poc1-fastapi-legacy-d173aa86-82d3-4d44-bb55-17994fcb61ec
INFO:src.generator.agents.config_agent:Starting configuration generation for: https://github.com/run-rasztabiga-me/poc1-fastapi-legacy.git
INFO:src.generator.agents.config_agent:Using prompt version: default
INFO:src.generator.tools.repository_tools:🔧 Tool called: clone_repo(repo_url=https://github.com/run-rasztabiga-me/poc1-fastapi-legacy.git)
INFO:src.generator.core.workspace:Cloning https://github.com/run-rasztabiga-me/poc1-fastapi-legacy.git to /Users/rasztabigab/Studia/run/tmp/poc1-fastapi-legacy-d173aa86-82d3-4d44-bb55-17994fcb61ec
INFO:src.generator.tools.repository_tools:🔧 Tool called: prepare_repo_tree()
INFO:src.generator.tools.repository_tools:🔧 Tool called: get_file_content(file_path=requirements.txt)
INFO:src.generator.tools.repository_tools:🔧 Tool called: get_file_content(file_path=.env.example)
INFO:src.generator.tools.repository_tools:🔧 Tool called: get_file_content(file_path=app/main.py)
INFO:src.generator.tools.repository_tools:🔧 Tool called: write_file(file_path=Dockerfile, content_length=488)
INFO:src.generator.tools.repository_tools:🔧 Tool called: write_file(file_path=k8s/fastapi-deployment.yaml, content_length=977)
INFO:src.generator.tools.repository_tools:🔧 Tool called: write_file(file_path=k8s/fastapi-service.yaml, content_length=215)
INFO:src.generator.tools.repository_tools:🔧 Tool called: write_file(file_path=k8s/fastapi-ingress.yaml, content_length=409)
INFO:src.generator.tools.repository_tools:🔧 Tool called: write_file(file_path=k8s/redis-statefulset.yaml, content_length=939)
INFO:src.generator.tools.repository_tools:🔧 Tool called: write_file(file_path=k8s/redis-service.yaml, content_length=226)
INFO:src.evaluator.core.integration:Fetching metrics from LangSmith for run_id: d173aa86-82d3-4d44-bb55-17994fcb61ec
INFO:src.evaluator.metrics.langsmith_collector:Run d173aa86-82d3-4d44-bb55-17994fcb61ec is still pending, retrying in 5 seconds... (attempt 1/5)
INFO:src.evaluator.metrics.langsmith_collector:Fetched metrics from LangSmith: 11 tool calls, 42365 tokens
INFO:src.evaluator.core.integration:Using structured output from ConfigurationOutput
INFO:src.evaluator.core.integration:Generated 1 Dockerfiles and 5 K8s manifests
INFO:src.evaluator.validators.config_validator:Building Docker image: fastapi-app from Dockerfile
INFO:src.evaluator.validators.config_validator:Full image name with run-scoped tag: 192.168.1.39:32000/poc1-fastapi-legacy-fastapi-app:d173aa86-82d3-4d44-bb55-17994fcb61ec
INFO:src.evaluator.validators.config_validator:Building Docker image 192.168.1.39:32000/poc1-fastapi-legacy-fastapi-app:d173aa86-82d3-4d44-bb55-17994fcb61ec with buildx
INFO:src.evaluator.validators.config_validator:Build completed successfully for 192.168.1.39:32000/poc1-fastapi-legacy-fastapi-app:d173aa86-82d3-4d44-bb55-17994fcb61ec
INFO:src.evaluator.validators.config_validator:Successfully pushed image to registry: 192.168.1.39:32000/poc1-fastapi-legacy-fastapi-app:d173aa86-82d3-4d44-bb55-17994fcb61ec
INFO:src.evaluator.validators.config_validator:Verifying image in registry: 192.168.1.39:32000/poc1-fastapi-legacy-fastapi-app:d173aa86-82d3-4d44-bb55-17994fcb61ec
INFO:src.evaluator.validators.config_validator:Successfully verified image in registry: 192.168.1.39:32000/poc1-fastapi-legacy-fastapi-app:d173aa86-82d3-4d44-bb55-17994fcb61ec
INFO:src.evaluator.validators.config_validator:Image metrics: 59.40 MB, 9 layers, built in 0.8s
INFO:src.evaluator.core.evaluator:Evaluation completed for https://github.com/run-rasztabiga-me/poc1-fastapi-legacy.git
INFO:src.evaluator.reports.reporter:Report saved to evaluation_reports/experiments/h5/20260318_223200/google_gemini_2-5_flash/default/poc1-fastapi-legacy/h5__gemini-2-5-flash__default__poc1-fastapi-legacy__run2_20260319_004015_c5d53e6e.json
INFO:src.evaluator.experiments.runner:Completed h5 | repo=poc1-fastapi-legacy model=google_gemini_2-5_flash prompt=default repetition=run2 -> evaluation_reports/experiments/h5/20260318_223200/google_gemini_2-5_flash/default/poc1-fastapi-legacy/h5__gemini-2-5-flash__default__poc1-fastapi-legacy__run2_20260319_004015_c5d53e6e.json
INFO:src.evaluator.experiments.runner:Running cleanup after run: experiment=h5 repo=poc1-fastapi-legacy model=google_gemini_2-5_flash prompt=default repetition=run2
INFO:src.tools.cluster_cleanup:Skipping protected namespace: container-registry
INFO:src.tools.cluster_cleanup:Skipping protected namespace: default
INFO:src.tools.cluster_cleanup:Skipping protected namespace: ingress
INFO:src.tools.cluster_cleanup:Skipping protected namespace: kube-node-lease
INFO:src.tools.cluster_cleanup:Skipping protected namespace: kube-public
INFO:src.tools.cluster_cleanup:Skipping protected namespace: kube-system
INFO:src.tools.cluster_cleanup:No /etc/hosts entries required cleanup.
INFO:src.tools.cluster_cleanup:Running Docker system prune to remove unused resources (preserving base images)...
INFO:src.tools.cluster_cleanup:Docker system prune completed successfully.
INFO:src.evaluator.experiments.runner:Cluster cleanup completed successfully for 'h5'.
INFO:src.evaluator.experiments.runner:Preparing run: repo=poc1-fastapi-legacy model=google_gemini_2-5_flash prompt=default repetition=run3
INFO:src.evaluator.core.evaluator:Starting evaluation for https://github.com/run-rasztabiga-me/poc1-fastapi-legacy.git (ID: 591608a9-6676-401c-9baa-6e989aa06264)
INFO:src.evaluator.core.integration:Starting real generation for https://github.com/run-rasztabiga-me/poc1-fastapi-legacy.git
INFO:src.generator.core.generator:Starting configuration generation for repository: https://github.com/run-rasztabiga-me/poc1-fastapi-legacy.git
INFO:src.generator.core.generator:Run ID: 6f9d4520-67c2-40c8-acf7-efbb73cd1472, Workspace: tmp/poc1-fastapi-legacy-6f9d4520-67c2-40c8-acf7-efbb73cd1472
INFO:src.generator.agents.config_agent:Starting configuration generation for: https://github.com/run-rasztabiga-me/poc1-fastapi-legacy.git
INFO:src.generator.agents.config_agent:Using prompt version: default
INFO:src.generator.tools.repository_tools:🔧 Tool called: clone_repo(repo_url=https://github.com/run-rasztabiga-me/poc1-fastapi-legacy.git)
INFO:src.generator.core.workspace:Cloning https://github.com/run-rasztabiga-me/poc1-fastapi-legacy.git to /Users/rasztabigab/Studia/run/tmp/poc1-fastapi-legacy-6f9d4520-67c2-40c8-acf7-efbb73cd1472
INFO:src.generator.tools.repository_tools:🔧 Tool called: prepare_repo_tree()
INFO:src.generator.tools.repository_tools:🔧 Tool called: get_file_content(file_path=app/main.py)
INFO:src.generator.tools.repository_tools:🔧 Tool called: get_file_content(file_path=requirements.txt)
INFO:src.generator.tools.repository_tools:🔧 Tool called: get_file_content(file_path=.env.example)
INFO:src.generator.tools.repository_tools:🔧 Tool called: write_file(file_path=Dockerfile, content_length=219)
INFO:src.generator.tools.repository_tools:🔧 Tool called: write_file(file_path=k8s/poc1-fastapi-legacy-deployment.yaml, content_length=1124)
INFO:src.generator.tools.repository_tools:🔧 Tool called: write_file(file_path=k8s/poc1-fastapi-legacy-service.yaml, content_length=220)
INFO:src.generator.tools.repository_tools:🔧 Tool called: write_file(file_path=k8s/poc1-fastapi-legacy-ingress.yaml, content_length=458)
INFO:src.generator.tools.repository_tools:🔧 Tool called: base64_encode(content_length=18)
INFO:src.generator.tools.repository_tools:🔧 Tool called: write_file(file_path=k8s/redis-secret.yaml, content_length=134)
INFO:src.generator.tools.repository_tools:🔧 Tool called: base64_encode(content_length=40)
INFO:src.generator.tools.repository_tools:🔧 Tool called: write_file(file_path=k8s/redis-secret.yaml, content_length=190)
INFO:src.generator.tools.repository_tools:🔧 Tool called: write_file(file_path=k8s/redis-deployment.yaml, content_length=813)
INFO:src.generator.tools.repository_tools:🔧 Tool called: write_file(file_path=k8s/redis-service.yaml, content_length=179)
INFO:src.evaluator.core.integration:Fetching metrics from LangSmith for run_id: 6f9d4520-67c2-40c8-acf7-efbb73cd1472
INFO:src.evaluator.metrics.langsmith_collector:Run 6f9d4520-67c2-40c8-acf7-efbb73cd1472 is still pending, retrying in 5 seconds... (attempt 1/5)
INFO:src.evaluator.metrics.langsmith_collector:Fetched metrics from LangSmith: 15 tool calls, 62479 tokens
INFO:src.evaluator.core.integration:Using structured output from ConfigurationOutput
INFO:src.evaluator.core.integration:Generated 1 Dockerfiles and 6 K8s manifests
INFO:src.evaluator.validators.config_validator:Building Docker image: poc1-fastapi-legacy from Dockerfile
INFO:src.evaluator.validators.config_validator:Full image name with run-scoped tag: 192.168.1.39:32000/poc1-fastapi-legacy-poc1-fastapi-legacy:6f9d4520-67c2-40c8-acf7-efbb73cd1472
INFO:src.evaluator.validators.config_validator:Building Docker image 192.168.1.39:32000/poc1-fastapi-legacy-poc1-fastapi-legacy:6f9d4520-67c2-40c8-acf7-efbb73cd1472 with buildx
INFO:src.evaluator.validators.config_validator:Build completed successfully for 192.168.1.39:32000/poc1-fastapi-legacy-poc1-fastapi-legacy:6f9d4520-67c2-40c8-acf7-efbb73cd1472
INFO:src.evaluator.validators.config_validator:Successfully pushed image to registry: 192.168.1.39:32000/poc1-fastapi-legacy-poc1-fastapi-legacy:6f9d4520-67c2-40c8-acf7-efbb73cd1472
INFO:src.evaluator.validators.config_validator:Verifying image in registry: 192.168.1.39:32000/poc1-fastapi-legacy-poc1-fastapi-legacy:6f9d4520-67c2-40c8-acf7-efbb73cd1472
INFO:src.evaluator.validators.config_validator:Successfully verified image in registry: 192.168.1.39:32000/poc1-fastapi-legacy-poc1-fastapi-legacy:6f9d4520-67c2-40c8-acf7-efbb73cd1472
INFO:src.evaluator.validators.config_validator:Image metrics: 58.45 MB, 9 layers, built in 0.8s
INFO:src.evaluator.core.evaluator:Evaluation completed for https://github.com/run-rasztabiga-me/poc1-fastapi-legacy.git
INFO:src.evaluator.reports.reporter:Report saved to evaluation_reports/experiments/h5/20260318_223200/google_gemini_2-5_flash/default/poc1-fastapi-legacy/h5__gemini-2-5-flash__default__poc1-fastapi-legacy__run3_20260319_004052_591608a9.json
INFO:src.evaluator.experiments.runner:Completed h5 | repo=poc1-fastapi-legacy model=google_gemini_2-5_flash prompt=default repetition=run3 -> evaluation_reports/experiments/h5/20260318_223200/google_gemini_2-5_flash/default/poc1-fastapi-legacy/h5__gemini-2-5-flash__default__poc1-fastapi-legacy__run3_20260319_004052_591608a9.json
INFO:src.evaluator.experiments.runner:Running cleanup after run: experiment=h5 repo=poc1-fastapi-legacy model=google_gemini_2-5_flash prompt=default repetition=run3
INFO:src.tools.cluster_cleanup:Skipping protected namespace: container-registry
INFO:src.tools.cluster_cleanup:Skipping protected namespace: default
INFO:src.tools.cluster_cleanup:Skipping protected namespace: ingress
INFO:src.tools.cluster_cleanup:Skipping protected namespace: kube-node-lease
INFO:src.tools.cluster_cleanup:Skipping protected namespace: kube-public
INFO:src.tools.cluster_cleanup:Skipping protected namespace: kube-system
INFO:src.tools.cluster_cleanup:No /etc/hosts entries required cleanup.
INFO:src.tools.cluster_cleanup:Running Docker system prune to remove unused resources (preserving base images)...
INFO:src.tools.cluster_cleanup:Docker system prune completed successfully.
INFO:src.evaluator.experiments.runner:Cluster cleanup completed successfully for 'h5'.
INFO:src.evaluator.experiments.runner:Preparing run: repo=poc1-fastapi-legacy model=google_gemini_2-5_flash prompt=default repetition=run4
INFO:src.evaluator.core.evaluator:Starting evaluation for https://github.com/run-rasztabiga-me/poc1-fastapi-legacy.git (ID: edeffb61-3bf9-4568-a0d5-3ae7fdb690f0)
INFO:src.evaluator.core.integration:Starting real generation for https://github.com/run-rasztabiga-me/poc1-fastapi-legacy.git
INFO:src.generator.core.generator:Starting configuration generation for repository: https://github.com/run-rasztabiga-me/poc1-fastapi-legacy.git
INFO:src.generator.core.generator:Run ID: cf4595ba-4abf-450e-97e9-7de55cc71f43, Workspace: tmp/poc1-fastapi-legacy-cf4595ba-4abf-450e-97e9-7de55cc71f43
INFO:src.generator.agents.config_agent:Starting configuration generation for: https://github.com/run-rasztabiga-me/poc1-fastapi-legacy.git
INFO:src.generator.agents.config_agent:Using prompt version: default
INFO:src.generator.tools.repository_tools:🔧 Tool called: clone_repo(repo_url=https://github.com/run-rasztabiga-me/poc1-fastapi-legacy.git)
INFO:src.generator.core.workspace:Cloning https://github.com/run-rasztabiga-me/poc1-fastapi-legacy.git to /Users/rasztabigab/Studia/run/tmp/poc1-fastapi-legacy-cf4595ba-4abf-450e-97e9-7de55cc71f43
INFO:src.generator.tools.repository_tools:🔧 Tool called: ls(dir_path=.)
INFO:src.generator.tools.repository_tools:🔧 Tool called: get_file_content(file_path=requirements.txt)
INFO:src.generator.tools.repository_tools:🔧 Tool called: ls(dir_path=app/)
INFO:src.generator.tools.repository_tools:🔧 Tool called: get_file_content(file_path=app/main.py)
INFO:src.generator.tools.repository_tools:🔧 Tool called: write_file(file_path=Dockerfile, content_length=219)
INFO:src.generator.tools.repository_tools:🔧 Tool called: write_file(file_path=k8s/deployment.yaml, content_length=918)
INFO:src.generator.tools.repository_tools:🔧 Tool called: write_file(file_path=k8s/service.yaml, content_length=222)
INFO:src.generator.tools.repository_tools:🔧 Tool called: write_file(file_path=k8s/ingress.yaml, content_length=406)
INFO:src.evaluator.core.integration:Fetching metrics from LangSmith for run_id: cf4595ba-4abf-450e-97e9-7de55cc71f43
INFO:src.evaluator.metrics.langsmith_collector:Run cf4595ba-4abf-450e-97e9-7de55cc71f43 is still pending, retrying in 5 seconds... (attempt 1/5)
INFO:src.evaluator.metrics.langsmith_collector:Fetched metrics from LangSmith: 9 tool calls, 37955 tokens
INFO:src.evaluator.core.integration:Using structured output from ConfigurationOutput
INFO:src.evaluator.core.integration:Generated 1 Dockerfiles and 3 K8s manifests
INFO:src.evaluator.validators.config_validator:Building Docker image: poc1-fastapi-legacy from Dockerfile
INFO:src.evaluator.validators.config_validator:Full image name with run-scoped tag: 192.168.1.39:32000/poc1-fastapi-legacy-poc1-fastapi-legacy:cf4595ba-4abf-450e-97e9-7de55cc71f43
INFO:src.evaluator.validators.config_validator:Building Docker image 192.168.1.39:32000/poc1-fastapi-legacy-poc1-fastapi-legacy:cf4595ba-4abf-450e-97e9-7de55cc71f43 with buildx
INFO:src.evaluator.validators.config_validator:Build completed successfully for 192.168.1.39:32000/poc1-fastapi-legacy-poc1-fastapi-legacy:cf4595ba-4abf-450e-97e9-7de55cc71f43
WARNING:src.evaluator.validators.config_validator:Docker push failed with retryable error on attempt 1/3: failed to copy: failed to do request: Put "https://192.168.1.39:32000/v2/poc1-fastapi-legacy-poc1-fastapi-legacy/manifests/sha256:99ef50c80519abeffbfde4a2682b0e9284f4d378a0df1f086e3ffba9f6c67de2": pro
INFO:src.evaluator.validators.config_validator:Retrying docker push (attempt 2/3)...
INFO:src.evaluator.validators.config_validator:Successfully pushed image to registry: 192.168.1.39:32000/poc1-fastapi-legacy-poc1-fastapi-legacy:cf4595ba-4abf-450e-97e9-7de55cc71f43
INFO:src.evaluator.validators.config_validator:Verifying image in registry: 192.168.1.39:32000/poc1-fastapi-legacy-poc1-fastapi-legacy:cf4595ba-4abf-450e-97e9-7de55cc71f43
INFO:src.evaluator.validators.config_validator:Successfully verified image in registry: 192.168.1.39:32000/poc1-fastapi-legacy-poc1-fastapi-legacy:cf4595ba-4abf-450e-97e9-7de55cc71f43
INFO:src.evaluator.validators.config_validator:Image metrics: 58.45 MB, 9 layers, built in 0.9s
INFO:src.evaluator.core.evaluator:Evaluation completed for https://github.com/run-rasztabiga-me/poc1-fastapi-legacy.git
INFO:src.evaluator.reports.reporter:Report saved to evaluation_reports/experiments/h5/20260318_223200/google_gemini_2-5_flash/default/poc1-fastapi-legacy/h5__gemini-2-5-flash__default__poc1-fastapi-legacy__run4_20260319_004153_edeffb61.json
INFO:src.evaluator.experiments.runner:Completed h5 | repo=poc1-fastapi-legacy model=google_gemini_2-5_flash prompt=default repetition=run4 -> evaluation_reports/experiments/h5/20260318_223200/google_gemini_2-5_flash/default/poc1-fastapi-legacy/h5__gemini-2-5-flash__default__poc1-fastapi-legacy__run4_20260319_004153_edeffb61.json
INFO:src.evaluator.experiments.runner:Running cleanup after run: experiment=h5 repo=poc1-fastapi-legacy model=google_gemini_2-5_flash prompt=default repetition=run4
INFO:src.tools.cluster_cleanup:Skipping protected namespace: container-registry
INFO:src.tools.cluster_cleanup:Skipping protected namespace: default
INFO:src.tools.cluster_cleanup:Skipping protected namespace: ingress
INFO:src.tools.cluster_cleanup:Skipping protected namespace: kube-node-lease
INFO:src.tools.cluster_cleanup:Skipping protected namespace: kube-public
INFO:src.tools.cluster_cleanup:Skipping protected namespace: kube-system
INFO:src.tools.cluster_cleanup:No /etc/hosts entries required cleanup.
INFO:src.tools.cluster_cleanup:Running Docker system prune to remove unused resources (preserving base images)...
INFO:src.tools.cluster_cleanup:Docker system prune completed successfully.
INFO:src.evaluator.experiments.runner:Cluster cleanup completed successfully for 'h5'.
INFO:src.evaluator.experiments.runner:Preparing run: repo=poc1-fastapi-legacy model=google_gemini_2-5_flash prompt=default repetition=run5
INFO:src.evaluator.core.evaluator:Starting evaluation for https://github.com/run-rasztabiga-me/poc1-fastapi-legacy.git (ID: e917a4a3-de10-4ff6-bb88-3d189a9411f0)
INFO:src.evaluator.core.integration:Starting real generation for https://github.com/run-rasztabiga-me/poc1-fastapi-legacy.git
INFO:src.generator.core.generator:Starting configuration generation for repository: https://github.com/run-rasztabiga-me/poc1-fastapi-legacy.git
INFO:src.generator.core.generator:Run ID: c1b6142e-d0ad-46d6-bf2f-722b274ebfcf, Workspace: tmp/poc1-fastapi-legacy-c1b6142e-d0ad-46d6-bf2f-722b274ebfcf
INFO:src.generator.agents.config_agent:Starting configuration generation for: https://github.com/run-rasztabiga-me/poc1-fastapi-legacy.git
INFO:src.generator.agents.config_agent:Using prompt version: default
INFO:src.generator.tools.repository_tools:🔧 Tool called: clone_repo(repo_url=https://github.com/run-rasztabiga-me/poc1-fastapi-legacy.git)
INFO:src.generator.core.workspace:Cloning https://github.com/run-rasztabiga-me/poc1-fastapi-legacy.git to /Users/rasztabigab/Studia/run/tmp/poc1-fastapi-legacy-c1b6142e-d0ad-46d6-bf2f-722b274ebfcf
INFO:src.generator.tools.repository_tools:🔧 Tool called: prepare_repo_tree()
INFO:src.generator.tools.repository_tools:🔧 Tool called: get_file_content(file_path=app/main.py)
INFO:src.generator.tools.repository_tools:🔧 Tool called: get_file_content(file_path=requirements.txt)
INFO:src.generator.tools.repository_tools:🔧 Tool called: write_file(file_path=Dockerfile, content_length=214)
INFO:src.generator.tools.repository_tools:🔧 Tool called: write_file(file_path=k8s/poc1-fastapi-legacy-deployment.yaml, content_length=618)
INFO:src.generator.tools.repository_tools:🔧 Tool called: write_file(file_path=k8s/poc1-fastapi-legacy-service.yaml, content_length=248)
INFO:src.generator.tools.repository_tools:🔧 Tool called: write_file(file_path=k8s/poc1-fastapi-legacy-ingress.yaml, content_length=408)
INFO:src.evaluator.core.integration:Fetching metrics from LangSmith for run_id: c1b6142e-d0ad-46d6-bf2f-722b274ebfcf
INFO:src.evaluator.metrics.langsmith_collector:Run c1b6142e-d0ad-46d6-bf2f-722b274ebfcf is still pending, retrying in 5 seconds... (attempt 1/5)
INFO:src.evaluator.metrics.langsmith_collector:Fetched metrics from LangSmith: 8 tool calls, 30074 tokens
INFO:src.evaluator.core.integration:Using structured output from ConfigurationOutput
INFO:src.evaluator.core.integration:Generated 1 Dockerfiles and 3 K8s manifests
INFO:src.evaluator.validators.config_validator:Building Docker image: poc1-fastapi-legacy from Dockerfile
INFO:src.evaluator.validators.config_validator:Full image name with run-scoped tag: 192.168.1.39:32000/poc1-fastapi-legacy-poc1-fastapi-legacy:c1b6142e-d0ad-46d6-bf2f-722b274ebfcf
INFO:src.evaluator.validators.config_validator:Building Docker image 192.168.1.39:32000/poc1-fastapi-legacy-poc1-fastapi-legacy:c1b6142e-d0ad-46d6-bf2f-722b274ebfcf with buildx
INFO:src.evaluator.validators.config_validator:Build completed successfully for 192.168.1.39:32000/poc1-fastapi-legacy-poc1-fastapi-legacy:c1b6142e-d0ad-46d6-bf2f-722b274ebfcf
INFO:src.evaluator.validators.config_validator:Successfully pushed image to registry: 192.168.1.39:32000/poc1-fastapi-legacy-poc1-fastapi-legacy:c1b6142e-d0ad-46d6-bf2f-722b274ebfcf
INFO:src.evaluator.validators.config_validator:Verifying image in registry: 192.168.1.39:32000/poc1-fastapi-legacy-poc1-fastapi-legacy:c1b6142e-d0ad-46d6-bf2f-722b274ebfcf
INFO:src.evaluator.validators.config_validator:Successfully verified image in registry: 192.168.1.39:32000/poc1-fastapi-legacy-poc1-fastapi-legacy:c1b6142e-d0ad-46d6-bf2f-722b274ebfcf
INFO:src.evaluator.validators.config_validator:Image metrics: 58.45 MB, 9 layers, built in 0.7s
INFO:src.evaluator.core.evaluator:Evaluation completed for https://github.com/run-rasztabiga-me/poc1-fastapi-legacy.git
INFO:src.evaluator.reports.reporter:Report saved to evaluation_reports/experiments/h5/20260318_223200/google_gemini_2-5_flash/default/poc1-fastapi-legacy/h5__gemini-2-5-flash__default__poc1-fastapi-legacy__run5_20260319_004217_e917a4a3.json
INFO:src.evaluator.experiments.runner:Completed h5 | repo=poc1-fastapi-legacy model=google_gemini_2-5_flash prompt=default repetition=run5 -> evaluation_reports/experiments/h5/20260318_223200/google_gemini_2-5_flash/default/poc1-fastapi-legacy/h5__gemini-2-5-flash__default__poc1-fastapi-legacy__run5_20260319_004217_e917a4a3.json
INFO:src.evaluator.experiments.runner:Running cleanup after run: experiment=h5 repo=poc1-fastapi-legacy model=google_gemini_2-5_flash prompt=default repetition=run5
INFO:src.tools.cluster_cleanup:Skipping protected namespace: container-registry
INFO:src.tools.cluster_cleanup:Skipping protected namespace: default
INFO:src.tools.cluster_cleanup:Skipping protected namespace: ingress
INFO:src.tools.cluster_cleanup:Skipping protected namespace: kube-node-lease
INFO:src.tools.cluster_cleanup:Skipping protected namespace: kube-public
INFO:src.tools.cluster_cleanup:Skipping protected namespace: kube-system
INFO:src.tools.cluster_cleanup:No /etc/hosts entries required cleanup.
INFO:src.tools.cluster_cleanup:Running Docker system prune to remove unused resources (preserving base images)...
INFO:src.tools.cluster_cleanup:Docker system prune completed successfully.
INFO:src.evaluator.experiments.runner:Cluster cleanup completed successfully for 'h5'.
INFO:src.evaluator.experiments.runner:Preparing run: repo=poc1-fastapi-legacy model=google_gemini_2-5_flash prompt=default repetition=run6
INFO:src.evaluator.core.evaluator:Starting evaluation for https://github.com/run-rasztabiga-me/poc1-fastapi-legacy.git (ID: 784a1217-d6f7-4680-be0b-5b5db139c05e)
INFO:src.evaluator.core.integration:Starting real generation for https://github.com/run-rasztabiga-me/poc1-fastapi-legacy.git
INFO:src.generator.core.generator:Starting configuration generation for repository: https://github.com/run-rasztabiga-me/poc1-fastapi-legacy.git
INFO:src.generator.core.generator:Run ID: bf1ed3fe-63d6-4f2a-84c2-0ce20b649564, Workspace: tmp/poc1-fastapi-legacy-bf1ed3fe-63d6-4f2a-84c2-0ce20b649564
INFO:src.generator.agents.config_agent:Starting configuration generation for: https://github.com/run-rasztabiga-me/poc1-fastapi-legacy.git
INFO:src.generator.agents.config_agent:Using prompt version: default
INFO:src.generator.tools.repository_tools:🔧 Tool called: clone_repo(repo_url=https://github.com/run-rasztabiga-me/poc1-fastapi-legacy.git)
INFO:src.generator.core.workspace:Cloning https://github.com/run-rasztabiga-me/poc1-fastapi-legacy.git to /Users/rasztabigab/Studia/run/tmp/poc1-fastapi-legacy-bf1ed3fe-63d6-4f2a-84c2-0ce20b649564
INFO:src.generator.tools.repository_tools:🔧 Tool called: prepare_repo_tree()
INFO:src.generator.tools.repository_tools:🔧 Tool called: write_file(file_path=Dockerfile, content_length=212)
INFO:src.generator.tools.repository_tools:🔧 Tool called: get_file_content(file_path=app/main.py)
INFO:src.generator.tools.repository_tools:🔧 Tool called: write_file(file_path=k8s/deployment.yaml, content_length=910)
INFO:src.generator.tools.repository_tools:🔧 Tool called: write_file(file_path=k8s/service.yaml, content_length=223)
INFO:src.generator.tools.repository_tools:🔧 Tool called: write_file(file_path=k8s/ingress.yaml, content_length=433)
INFO:src.evaluator.core.integration:Fetching metrics from LangSmith for run_id: bf1ed3fe-63d6-4f2a-84c2-0ce20b649564
INFO:src.evaluator.metrics.langsmith_collector:Run bf1ed3fe-63d6-4f2a-84c2-0ce20b649564 is still pending, retrying in 5 seconds... (attempt 1/5)
INFO:src.evaluator.metrics.langsmith_collector:Fetched metrics from LangSmith: 7 tool calls, 24535 tokens
INFO:src.evaluator.core.integration:Using structured output from ConfigurationOutput
INFO:src.evaluator.core.integration:Generated 1 Dockerfiles and 3 K8s manifests
INFO:src.evaluator.validators.config_validator:Building Docker image: poc1-fastapi-legacy from Dockerfile
INFO:src.evaluator.validators.config_validator:Full image name with run-scoped tag: 192.168.1.39:32000/poc1-fastapi-legacy-poc1-fastapi-legacy:bf1ed3fe-63d6-4f2a-84c2-0ce20b649564
INFO:src.evaluator.validators.config_validator:Building Docker image 192.168.1.39:32000/poc1-fastapi-legacy-poc1-fastapi-legacy:bf1ed3fe-63d6-4f2a-84c2-0ce20b649564 with buildx
INFO:src.evaluator.validators.config_validator:Build completed successfully for 192.168.1.39:32000/poc1-fastapi-legacy-poc1-fastapi-legacy:bf1ed3fe-63d6-4f2a-84c2-0ce20b649564
INFO:src.evaluator.validators.config_validator:Successfully pushed image to registry: 192.168.1.39:32000/poc1-fastapi-legacy-poc1-fastapi-legacy:bf1ed3fe-63d6-4f2a-84c2-0ce20b649564
INFO:src.evaluator.validators.config_validator:Verifying image in registry: 192.168.1.39:32000/poc1-fastapi-legacy-poc1-fastapi-legacy:bf1ed3fe-63d6-4f2a-84c2-0ce20b649564
INFO:src.evaluator.validators.config_validator:Successfully verified image in registry: 192.168.1.39:32000/poc1-fastapi-legacy-poc1-fastapi-legacy:bf1ed3fe-63d6-4f2a-84c2-0ce20b649564
INFO:src.evaluator.validators.config_validator:Image metrics: 58.45 MB, 9 layers, built in 0.7s
INFO:src.evaluator.core.evaluator:Evaluation completed for https://github.com/run-rasztabiga-me/poc1-fastapi-legacy.git
INFO:src.evaluator.reports.reporter:Report saved to evaluation_reports/experiments/h5/20260318_223200/google_gemini_2-5_flash/default/poc1-fastapi-legacy/h5__gemini-2-5-flash__default__poc1-fastapi-legacy__run6_20260319_004245_784a1217.json
INFO:src.evaluator.experiments.runner:Completed h5 | repo=poc1-fastapi-legacy model=google_gemini_2-5_flash prompt=default repetition=run6 -> evaluation_reports/experiments/h5/20260318_223200/google_gemini_2-5_flash/default/poc1-fastapi-legacy/h5__gemini-2-5-flash__default__poc1-fastapi-legacy__run6_20260319_004245_784a1217.json
INFO:src.evaluator.experiments.runner:Running cleanup after run: experiment=h5 repo=poc1-fastapi-legacy model=google_gemini_2-5_flash prompt=default repetition=run6
INFO:src.tools.cluster_cleanup:Skipping protected namespace: container-registry
INFO:src.tools.cluster_cleanup:Skipping protected namespace: default
INFO:src.tools.cluster_cleanup:Skipping protected namespace: ingress
INFO:src.tools.cluster_cleanup:Skipping protected namespace: kube-node-lease
INFO:src.tools.cluster_cleanup:Skipping protected namespace: kube-public
INFO:src.tools.cluster_cleanup:Skipping protected namespace: kube-system
INFO:src.tools.cluster_cleanup:No /etc/hosts entries required cleanup.
INFO:src.tools.cluster_cleanup:Running Docker system prune to remove unused resources (preserving base images)...
INFO:src.tools.cluster_cleanup:Docker system prune completed successfully.
INFO:src.evaluator.experiments.runner:Cluster cleanup completed successfully for 'h5'.
INFO:src.evaluator.experiments.runner:Preparing run: repo=poc1-fastapi-legacy model=google_gemini_2-5_flash prompt=default repetition=run7
INFO:src.evaluator.core.evaluator:Starting evaluation for https://github.com/run-rasztabiga-me/poc1-fastapi-legacy.git (ID: 335fab9e-e7a6-4f0e-be71-9ff7f4592ebf)
INFO:src.evaluator.core.integration:Starting real generation for https://github.com/run-rasztabiga-me/poc1-fastapi-legacy.git
INFO:src.generator.core.generator:Starting configuration generation for repository: https://github.com/run-rasztabiga-me/poc1-fastapi-legacy.git
INFO:src.generator.core.generator:Run ID: c16ab715-ab32-4335-acf9-e4a828348bbd, Workspace: tmp/poc1-fastapi-legacy-c16ab715-ab32-4335-acf9-e4a828348bbd
INFO:src.generator.agents.config_agent:Starting configuration generation for: https://github.com/run-rasztabiga-me/poc1-fastapi-legacy.git
INFO:src.generator.agents.config_agent:Using prompt version: default
INFO:src.generator.tools.repository_tools:🔧 Tool called: clone_repo(repo_url=https://github.com/run-rasztabiga-me/poc1-fastapi-legacy.git)
INFO:src.generator.core.workspace:Cloning https://github.com/run-rasztabiga-me/poc1-fastapi-legacy.git to /Users/rasztabigab/Studia/run/tmp/poc1-fastapi-legacy-c16ab715-ab32-4335-acf9-e4a828348bbd
INFO:src.generator.tools.repository_tools:🔧 Tool called: ls(dir_path=.)
INFO:src.generator.tools.repository_tools:🔧 Tool called: get_file_content(file_path=requirements.txt)
INFO:src.generator.tools.repository_tools:🔧 Tool called: ls(dir_path=app/)
INFO:src.generator.tools.repository_tools:🔧 Tool called: get_file_content(file_path=app/main.py)
INFO:src.generator.tools.repository_tools:🔧 Tool called: write_file(file_path=Dockerfile, content_length=215)
INFO:src.generator.tools.repository_tools:🔧 Tool called: write_file(file_path=k8s/deployment.yaml, content_length=960)
INFO:src.generator.tools.repository_tools:🔧 Tool called: write_file(file_path=k8s/service.yaml, content_length=247)
INFO:src.generator.tools.repository_tools:🔧 Tool called: write_file(file_path=k8s/ingress.yaml, content_length=470)
INFO:src.evaluator.core.integration:Fetching metrics from LangSmith for run_id: c16ab715-ab32-4335-acf9-e4a828348bbd
INFO:src.evaluator.metrics.langsmith_collector:Run c16ab715-ab32-4335-acf9-e4a828348bbd is still pending, retrying in 5 seconds... (attempt 1/5)
INFO:src.evaluator.metrics.langsmith_collector:Fetched metrics from LangSmith: 9 tool calls, 37259 tokens
INFO:src.evaluator.core.integration:Using structured output from ConfigurationOutput
INFO:src.evaluator.core.integration:Generated 1 Dockerfiles and 3 K8s manifests
INFO:src.evaluator.validators.config_validator:Building Docker image: poc1-fastapi-legacy from Dockerfile
INFO:src.evaluator.validators.config_validator:Full image name with run-scoped tag: 192.168.1.39:32000/poc1-fastapi-legacy-poc1-fastapi-legacy:c16ab715-ab32-4335-acf9-e4a828348bbd
INFO:src.evaluator.validators.config_validator:Building Docker image 192.168.1.39:32000/poc1-fastapi-legacy-poc1-fastapi-legacy:c16ab715-ab32-4335-acf9-e4a828348bbd with buildx
INFO:src.evaluator.validators.config_validator:Build completed successfully for 192.168.1.39:32000/poc1-fastapi-legacy-poc1-fastapi-legacy:c16ab715-ab32-4335-acf9-e4a828348bbd
INFO:src.evaluator.validators.config_validator:Successfully pushed image to registry: 192.168.1.39:32000/poc1-fastapi-legacy-poc1-fastapi-legacy:c16ab715-ab32-4335-acf9-e4a828348bbd
INFO:src.evaluator.validators.config_validator:Verifying image in registry: 192.168.1.39:32000/poc1-fastapi-legacy-poc1-fastapi-legacy:c16ab715-ab32-4335-acf9-e4a828348bbd
INFO:src.evaluator.validators.config_validator:Successfully verified image in registry: 192.168.1.39:32000/poc1-fastapi-legacy-poc1-fastapi-legacy:c16ab715-ab32-4335-acf9-e4a828348bbd
INFO:src.evaluator.validators.config_validator:Image metrics: 59.50 MB, 8 layers, built in 12.4s
INFO:src.evaluator.core.evaluator:Evaluation completed for https://github.com/run-rasztabiga-me/poc1-fastapi-legacy.git
INFO:src.evaluator.reports.reporter:Report saved to evaluation_reports/experiments/h5/20260318_223200/google_gemini_2-5_flash/default/poc1-fastapi-legacy/h5__gemini-2-5-flash__default__poc1-fastapi-legacy__run7_20260319_004323_335fab9e.json
INFO:src.evaluator.experiments.runner:Completed h5 | repo=poc1-fastapi-legacy model=google_gemini_2-5_flash prompt=default repetition=run7 -> evaluation_reports/experiments/h5/20260318_223200/google_gemini_2-5_flash/default/poc1-fastapi-legacy/h5__gemini-2-5-flash__default__poc1-fastapi-legacy__run7_20260319_004323_335fab9e.json
INFO:src.evaluator.experiments.runner:Running cleanup after run: experiment=h5 repo=poc1-fastapi-legacy model=google_gemini_2-5_flash prompt=default repetition=run7
INFO:src.tools.cluster_cleanup:Skipping protected namespace: container-registry
INFO:src.tools.cluster_cleanup:Skipping protected namespace: default
INFO:src.tools.cluster_cleanup:Skipping protected namespace: ingress
INFO:src.tools.cluster_cleanup:Skipping protected namespace: kube-node-lease
INFO:src.tools.cluster_cleanup:Skipping protected namespace: kube-public
INFO:src.tools.cluster_cleanup:Skipping protected namespace: kube-system
INFO:src.tools.cluster_cleanup:No /etc/hosts entries required cleanup.
INFO:src.tools.cluster_cleanup:Running Docker system prune to remove unused resources (preserving base images)...
INFO:src.tools.cluster_cleanup:Docker system prune completed successfully.
INFO:src.evaluator.experiments.runner:Cluster cleanup completed successfully for 'h5'.
INFO:src.evaluator.experiments.runner:Preparing run: repo=poc1-fastapi-legacy model=google_gemini_2-5_flash prompt=default repetition=run8
INFO:src.evaluator.core.evaluator:Starting evaluation for https://github.com/run-rasztabiga-me/poc1-fastapi-legacy.git (ID: 3638124f-a3c5-41b5-bfc1-8c7740c37ee8)
INFO:src.evaluator.core.integration:Starting real generation for https://github.com/run-rasztabiga-me/poc1-fastapi-legacy.git
INFO:src.generator.core.generator:Starting configuration generation for repository: https://github.com/run-rasztabiga-me/poc1-fastapi-legacy.git
INFO:src.generator.core.generator:Run ID: eb7eb0ae-0f7a-496b-88a3-39bd143ba9c2, Workspace: tmp/poc1-fastapi-legacy-eb7eb0ae-0f7a-496b-88a3-39bd143ba9c2
INFO:src.generator.agents.config_agent:Starting configuration generation for: https://github.com/run-rasztabiga-me/poc1-fastapi-legacy.git
INFO:src.generator.agents.config_agent:Using prompt version: default
INFO:src.generator.tools.repository_tools:🔧 Tool called: clone_repo(repo_url=https://github.com/run-rasztabiga-me/poc1-fastapi-legacy.git)
INFO:src.generator.core.workspace:Cloning https://github.com/run-rasztabiga-me/poc1-fastapi-legacy.git to /Users/rasztabigab/Studia/run/tmp/poc1-fastapi-legacy-eb7eb0ae-0f7a-496b-88a3-39bd143ba9c2
INFO:src.generator.tools.repository_tools:🔧 Tool called: prepare_repo_tree()
INFO:src.generator.tools.repository_tools:🔧 Tool called: get_file_content(file_path=requirements.txt)
INFO:src.generator.tools.repository_tools:🔧 Tool called: get_file_content(file_path=app/main.py)
INFO:src.generator.tools.repository_tools:🔧 Tool called: write_file(file_path=Dockerfile, content_length=221)
INFO:src.generator.tools.repository_tools:🔧 Tool called: write_file(file_path=k8s/poc1-fastapi-legacy-deployment.yaml, content_length=912)
INFO:src.generator.tools.repository_tools:🔧 Tool called: write_file(file_path=k8s/poc1-fastapi-legacy-service.yaml, content_length=247)
INFO:src.generator.tools.repository_tools:🔧 Tool called: write_file(file_path=k8s/poc1-fastapi-legacy-ingress.yaml, content_length=517)
INFO:src.evaluator.core.integration:Fetching metrics from LangSmith for run_id: eb7eb0ae-0f7a-496b-88a3-39bd143ba9c2
INFO:src.evaluator.metrics.langsmith_collector:Run eb7eb0ae-0f7a-496b-88a3-39bd143ba9c2 is still pending, retrying in 5 seconds... (attempt 1/5)
INFO:src.evaluator.metrics.langsmith_collector:Fetched metrics from LangSmith: 8 tool calls, 34264 tokens
INFO:src.evaluator.core.integration:Using structured output from ConfigurationOutput
INFO:src.evaluator.core.integration:Generated 1 Dockerfiles and 3 K8s manifests
INFO:src.evaluator.validators.config_validator:Building Docker image: poc1-fastapi-legacy from Dockerfile
INFO:src.evaluator.validators.config_validator:Full image name with run-scoped tag: 192.168.1.39:32000/poc1-fastapi-legacy-poc1-fastapi-legacy:eb7eb0ae-0f7a-496b-88a3-39bd143ba9c2
INFO:src.evaluator.validators.config_validator:Building Docker image 192.168.1.39:32000/poc1-fastapi-legacy-poc1-fastapi-legacy:eb7eb0ae-0f7a-496b-88a3-39bd143ba9c2 with buildx
INFO:src.evaluator.validators.config_validator:Build completed successfully for 192.168.1.39:32000/poc1-fastapi-legacy-poc1-fastapi-legacy:eb7eb0ae-0f7a-496b-88a3-39bd143ba9c2
INFO:src.evaluator.validators.config_validator:Successfully pushed image to registry: 192.168.1.39:32000/poc1-fastapi-legacy-poc1-fastapi-legacy:eb7eb0ae-0f7a-496b-88a3-39bd143ba9c2
INFO:src.evaluator.validators.config_validator:Verifying image in registry: 192.168.1.39:32000/poc1-fastapi-legacy-poc1-fastapi-legacy:eb7eb0ae-0f7a-496b-88a3-39bd143ba9c2
INFO:src.evaluator.validators.config_validator:Successfully verified image in registry: 192.168.1.39:32000/poc1-fastapi-legacy-poc1-fastapi-legacy:eb7eb0ae-0f7a-496b-88a3-39bd143ba9c2
INFO:src.evaluator.validators.config_validator:Image metrics: 59.40 MB, 9 layers, built in 0.8s
INFO:src.evaluator.core.evaluator:Evaluation completed for https://github.com/run-rasztabiga-me/poc1-fastapi-legacy.git
INFO:src.evaluator.reports.reporter:Report saved to evaluation_reports/experiments/h5/20260318_223200/google_gemini_2-5_flash/default/poc1-fastapi-legacy/h5__gemini-2-5-flash__default__poc1-fastapi-legacy__run8_20260319_004348_3638124f.json
INFO:src.evaluator.experiments.runner:Completed h5 | repo=poc1-fastapi-legacy model=google_gemini_2-5_flash prompt=default repetition=run8 -> evaluation_reports/experiments/h5/20260318_223200/google_gemini_2-5_flash/default/poc1-fastapi-legacy/h5__gemini-2-5-flash__default__poc1-fastapi-legacy__run8_20260319_004348_3638124f.json
INFO:src.evaluator.experiments.runner:Running cleanup after run: experiment=h5 repo=poc1-fastapi-legacy model=google_gemini_2-5_flash prompt=default repetition=run8
INFO:src.tools.cluster_cleanup:Skipping protected namespace: container-registry
INFO:src.tools.cluster_cleanup:Skipping protected namespace: default
INFO:src.tools.cluster_cleanup:Skipping protected namespace: ingress
INFO:src.tools.cluster_cleanup:Skipping protected namespace: kube-node-lease
INFO:src.tools.cluster_cleanup:Skipping protected namespace: kube-public
INFO:src.tools.cluster_cleanup:Skipping protected namespace: kube-system
INFO:src.tools.cluster_cleanup:No /etc/hosts entries required cleanup.
INFO:src.tools.cluster_cleanup:Running Docker system prune to remove unused resources (preserving base images)...
INFO:src.tools.cluster_cleanup:Docker system prune completed successfully.
INFO:src.evaluator.experiments.runner:Cluster cleanup completed successfully for 'h5'.
INFO:src.evaluator.experiments.runner:Preparing run: repo=poc1-fastapi-legacy model=google_gemini_2-5_flash prompt=default repetition=run9
INFO:src.evaluator.core.evaluator:Starting evaluation for https://github.com/run-rasztabiga-me/poc1-fastapi-legacy.git (ID: cf5e99b7-1841-450c-aad5-253d062ff20d)
INFO:src.evaluator.core.integration:Starting real generation for https://github.com/run-rasztabiga-me/poc1-fastapi-legacy.git
INFO:src.generator.core.generator:Starting configuration generation for repository: https://github.com/run-rasztabiga-me/poc1-fastapi-legacy.git
INFO:src.generator.core.generator:Run ID: e73e64a5-2923-4c45-a5dc-52c6f4756063, Workspace: tmp/poc1-fastapi-legacy-e73e64a5-2923-4c45-a5dc-52c6f4756063
INFO:src.generator.agents.config_agent:Starting configuration generation for: https://github.com/run-rasztabiga-me/poc1-fastapi-legacy.git
INFO:src.generator.agents.config_agent:Using prompt version: default
INFO:src.generator.tools.repository_tools:🔧 Tool called: clone_repo(repo_url=https://github.com/run-rasztabiga-me/poc1-fastapi-legacy.git)
INFO:src.generator.core.workspace:Cloning https://github.com/run-rasztabiga-me/poc1-fastapi-legacy.git to /Users/rasztabigab/Studia/run/tmp/poc1-fastapi-legacy-e73e64a5-2923-4c45-a5dc-52c6f4756063
INFO:src.generator.tools.repository_tools:🔧 Tool called: prepare_repo_tree()
INFO:src.generator.tools.repository_tools:🔧 Tool called: get_file_content(file_path=requirements.txt)
INFO:src.generator.tools.repository_tools:🔧 Tool called: get_file_content(file_path=app/main.py)
INFO:src.generator.tools.repository_tools:🔧 Tool called: write_file(file_path=Dockerfile, content_length=205)
INFO:src.generator.tools.repository_tools:🔧 Tool called: write_file(file_path=k8s/poc1-fastapi-legacy-deployment.yaml, content_length=619)
INFO:src.generator.tools.repository_tools:🔧 Tool called: write_file(file_path=k8s/poc1-fastapi-legacy-service.yaml, content_length=246)
INFO:src.generator.tools.repository_tools:🔧 Tool called: write_file(file_path=k8s/poc1-fastapi-legacy-ingress.yaml, content_length=433)
INFO:src.evaluator.core.integration:Fetching metrics from LangSmith for run_id: e73e64a5-2923-4c45-a5dc-52c6f4756063
INFO:src.evaluator.metrics.langsmith_collector:Run e73e64a5-2923-4c45-a5dc-52c6f4756063 is still pending, retrying in 5 seconds... (attempt 1/5)
INFO:src.evaluator.metrics.langsmith_collector:Fetched metrics from LangSmith: 8 tool calls, 30518 tokens
INFO:src.evaluator.core.integration:Using structured output from ConfigurationOutput
INFO:src.evaluator.core.integration:Generated 1 Dockerfiles and 3 K8s manifests
INFO:src.evaluator.validators.config_validator:Building Docker image: poc1-fastapi-legacy from Dockerfile
INFO:src.evaluator.validators.config_validator:Full image name with run-scoped tag: 192.168.1.39:32000/poc1-fastapi-legacy-poc1-fastapi-legacy:e73e64a5-2923-4c45-a5dc-52c6f4756063
INFO:src.evaluator.validators.config_validator:Building Docker image 192.168.1.39:32000/poc1-fastapi-legacy-poc1-fastapi-legacy:e73e64a5-2923-4c45-a5dc-52c6f4756063 with buildx
INFO:src.evaluator.validators.config_validator:Build completed successfully for 192.168.1.39:32000/poc1-fastapi-legacy-poc1-fastapi-legacy:e73e64a5-2923-4c45-a5dc-52c6f4756063
INFO:src.evaluator.validators.config_validator:Successfully pushed image to registry: 192.168.1.39:32000/poc1-fastapi-legacy-poc1-fastapi-legacy:e73e64a5-2923-4c45-a5dc-52c6f4756063
INFO:src.evaluator.validators.config_validator:Verifying image in registry: 192.168.1.39:32000/poc1-fastapi-legacy-poc1-fastapi-legacy:e73e64a5-2923-4c45-a5dc-52c6f4756063
INFO:src.evaluator.validators.config_validator:Successfully verified image in registry: 192.168.1.39:32000/poc1-fastapi-legacy-poc1-fastapi-legacy:e73e64a5-2923-4c45-a5dc-52c6f4756063
INFO:src.evaluator.validators.config_validator:Image metrics: 58.45 MB, 9 layers, built in 0.7s
INFO:src.evaluator.core.evaluator:Evaluation completed for https://github.com/run-rasztabiga-me/poc1-fastapi-legacy.git
INFO:src.evaluator.reports.reporter:Report saved to evaluation_reports/experiments/h5/20260318_223200/google_gemini_2-5_flash/default/poc1-fastapi-legacy/h5__gemini-2-5-flash__default__poc1-fastapi-legacy__run9_20260319_004416_cf5e99b7.json
INFO:src.evaluator.experiments.runner:Completed h5 | repo=poc1-fastapi-legacy model=google_gemini_2-5_flash prompt=default repetition=run9 -> evaluation_reports/experiments/h5/20260318_223200/google_gemini_2-5_flash/default/poc1-fastapi-legacy/h5__gemini-2-5-flash__default__poc1-fastapi-legacy__run9_20260319_004416_cf5e99b7.json
INFO:src.evaluator.experiments.runner:Running cleanup after run: experiment=h5 repo=poc1-fastapi-legacy model=google_gemini_2-5_flash prompt=default repetition=run9
INFO:src.tools.cluster_cleanup:Skipping protected namespace: container-registry
INFO:src.tools.cluster_cleanup:Skipping protected namespace: default
INFO:src.tools.cluster_cleanup:Skipping protected namespace: ingress
INFO:src.tools.cluster_cleanup:Skipping protected namespace: kube-node-lease
INFO:src.tools.cluster_cleanup:Skipping protected namespace: kube-public
INFO:src.tools.cluster_cleanup:Skipping protected namespace: kube-system
INFO:src.tools.cluster_cleanup:No /etc/hosts entries required cleanup.
INFO:src.tools.cluster_cleanup:Running Docker system prune to remove unused resources (preserving base images)...
INFO:src.tools.cluster_cleanup:Docker system prune completed successfully.
INFO:src.evaluator.experiments.runner:Cluster cleanup completed successfully for 'h5'.
INFO:src.evaluator.experiments.runner:Preparing run: repo=poc1-fastapi-legacy model=google_gemini_2-5_flash prompt=default repetition=run10
INFO:src.evaluator.core.evaluator:Starting evaluation for https://github.com/run-rasztabiga-me/poc1-fastapi-legacy.git (ID: e7498e41-da83-4320-8d39-1f35ac11ac56)
INFO:src.evaluator.core.integration:Starting real generation for https://github.com/run-rasztabiga-me/poc1-fastapi-legacy.git
INFO:src.generator.core.generator:Starting configuration generation for repository: https://github.com/run-rasztabiga-me/poc1-fastapi-legacy.git
INFO:src.generator.core.generator:Run ID: 314580da-e790-427f-8c8d-78f1aad9bfb3, Workspace: tmp/poc1-fastapi-legacy-314580da-e790-427f-8c8d-78f1aad9bfb3
INFO:src.generator.agents.config_agent:Starting configuration generation for: https://github.com/run-rasztabiga-me/poc1-fastapi-legacy.git
INFO:src.generator.agents.config_agent:Using prompt version: default
INFO:src.generator.tools.repository_tools:🔧 Tool called: clone_repo(repo_url=https://github.com/run-rasztabiga-me/poc1-fastapi-legacy.git)
INFO:src.generator.core.workspace:Cloning https://github.com/run-rasztabiga-me/poc1-fastapi-legacy.git to /Users/rasztabigab/Studia/run/tmp/poc1-fastapi-legacy-314580da-e790-427f-8c8d-78f1aad9bfb3
INFO:src.generator.tools.repository_tools:🔧 Tool called: ls(dir_path=.)
INFO:src.generator.tools.repository_tools:🔧 Tool called: get_file_content(file_path=requirements.txt)
INFO:src.generator.tools.repository_tools:🔧 Tool called: ls(dir_path=app/)
INFO:src.generator.tools.repository_tools:🔧 Tool called: get_file_content(file_path=app/main.py)
INFO:src.generator.tools.repository_tools:🔧 Tool called: write_file(file_path=Dockerfile, content_length=219)
INFO:src.generator.tools.repository_tools:🔧 Tool called: write_file(file_path=k8s/fastapi-deployment.yaml, content_length=852)
INFO:src.generator.tools.repository_tools:🔧 Tool called: write_file(file_path=k8s/fastapi-service.yaml, content_length=192)
INFO:src.generator.tools.repository_tools:🔧 Tool called: write_file(file_path=k8s/fastapi-ingress.yaml, content_length=382)
INFO:src.evaluator.core.integration:Fetching metrics from LangSmith for run_id: 314580da-e790-427f-8c8d-78f1aad9bfb3
INFO:src.evaluator.metrics.langsmith_collector:Run 314580da-e790-427f-8c8d-78f1aad9bfb3 is still pending, retrying in 5 seconds... (attempt 1/5)
INFO:src.evaluator.metrics.langsmith_collector:Fetched metrics from LangSmith: 9 tool calls, 37185 tokens
INFO:src.evaluator.core.integration:Using structured output from ConfigurationOutput
INFO:src.evaluator.core.integration:Generated 1 Dockerfiles and 3 K8s manifests
INFO:src.evaluator.validators.config_validator:Building Docker image: poc1-fastapi-legacy from Dockerfile
INFO:src.evaluator.validators.config_validator:Full image name with run-scoped tag: 192.168.1.39:32000/poc1-fastapi-legacy-poc1-fastapi-legacy:314580da-e790-427f-8c8d-78f1aad9bfb3
INFO:src.evaluator.validators.config_validator:Building Docker image 192.168.1.39:32000/poc1-fastapi-legacy-poc1-fastapi-legacy:314580da-e790-427f-8c8d-78f1aad9bfb3 with buildx
INFO:src.evaluator.validators.config_validator:Build completed successfully for 192.168.1.39:32000/poc1-fastapi-legacy-poc1-fastapi-legacy:314580da-e790-427f-8c8d-78f1aad9bfb3
INFO:src.evaluator.validators.config_validator:Successfully pushed image to registry: 192.168.1.39:32000/poc1-fastapi-legacy-poc1-fastapi-legacy:314580da-e790-427f-8c8d-78f1aad9bfb3
INFO:src.evaluator.validators.config_validator:Verifying image in registry: 192.168.1.39:32000/poc1-fastapi-legacy-poc1-fastapi-legacy:314580da-e790-427f-8c8d-78f1aad9bfb3
INFO:src.evaluator.validators.config_validator:Successfully verified image in registry: 192.168.1.39:32000/poc1-fastapi-legacy-poc1-fastapi-legacy:314580da-e790-427f-8c8d-78f1aad9bfb3
INFO:src.evaluator.validators.config_validator:Image metrics: 58.45 MB, 9 layers, built in 0.7s
INFO:src.evaluator.core.evaluator:Evaluation completed for https://github.com/run-rasztabiga-me/poc1-fastapi-legacy.git
INFO:src.evaluator.reports.reporter:Report saved to evaluation_reports/experiments/h5/20260318_223200/google_gemini_2-5_flash/default/poc1-fastapi-legacy/h5__gemini-2-5-flash__default__poc1-fastapi-legacy__run10_20260319_004441_e7498e41.json
INFO:src.evaluator.experiments.runner:Completed h5 | repo=poc1-fastapi-legacy model=google_gemini_2-5_flash prompt=default repetition=run10 -> evaluation_reports/experiments/h5/20260318_223200/google_gemini_2-5_flash/default/poc1-fastapi-legacy/h5__gemini-2-5-flash__default__poc1-fastapi-legacy__run10_20260319_004441_e7498e41.json
INFO:src.evaluator.experiments.runner:Running cleanup after run: experiment=h5 repo=poc1-fastapi-legacy model=google_gemini_2-5_flash prompt=default repetition=run10
INFO:src.tools.cluster_cleanup:Skipping protected namespace: container-registry
INFO:src.tools.cluster_cleanup:Skipping protected namespace: default
INFO:src.tools.cluster_cleanup:Skipping protected namespace: ingress
INFO:src.tools.cluster_cleanup:Skipping protected namespace: kube-node-lease
INFO:src.tools.cluster_cleanup:Skipping protected namespace: kube-public
INFO:src.tools.cluster_cleanup:Skipping protected namespace: kube-system
INFO:src.tools.cluster_cleanup:No /etc/hosts entries required cleanup.
INFO:src.tools.cluster_cleanup:Running Docker system prune to remove unused resources (preserving base images)...
INFO:src.tools.cluster_cleanup:Docker system prune completed successfully.
INFO:src.evaluator.experiments.runner:Cluster cleanup completed successfully for 'h5'.
INFO:src.evaluator.experiments.runner:Preparing run: repo=poc1-fastapi-legacy model=openai_gpt5_mini prompt=default repetition=run1
INFO:src.evaluator.core.evaluator:Starting evaluation for https://github.com/run-rasztabiga-me/poc1-fastapi-legacy.git (ID: 355fc81b-9e77-422b-81be-664d3fc28a78)
INFO:src.evaluator.core.integration:Starting real generation for https://github.com/run-rasztabiga-me/poc1-fastapi-legacy.git
INFO:src.generator.core.generator:Starting configuration generation for repository: https://github.com/run-rasztabiga-me/poc1-fastapi-legacy.git
INFO:src.generator.core.generator:Run ID: 1746d53b-63f3-4bfb-bddb-aa36ef4b6a87, Workspace: tmp/poc1-fastapi-legacy-1746d53b-63f3-4bfb-bddb-aa36ef4b6a87
INFO:src.generator.agents.config_agent:Starting configuration generation for: https://github.com/run-rasztabiga-me/poc1-fastapi-legacy.git
INFO:src.generator.agents.config_agent:Using prompt version: default
INFO:src.generator.tools.repository_tools:🔧 Tool called: clone_repo(repo_url=https://github.com/run-rasztabiga-me/poc1-fastapi-legacy.git)
INFO:src.generator.core.workspace:Cloning https://github.com/run-rasztabiga-me/poc1-fastapi-legacy.git to /Users/rasztabigab/Studia/run/tmp/poc1-fastapi-legacy-1746d53b-63f3-4bfb-bddb-aa36ef4b6a87
INFO:src.generator.tools.repository_tools:🔧 Tool called: prepare_repo_tree()
INFO:src.generator.tools.repository_tools:🔧 Tool called: ls(dir_path=.)
INFO:src.generator.tools.repository_tools:🔧 Tool called: ls(dir_path=app)
INFO:src.generator.tools.repository_tools:🔧 Tool called: get_file_content(file_path=app/main.py)
INFO:src.generator.tools.repository_tools:🔧 Tool called: get_file_content(file_path=requirements.txt)
INFO:src.generator.tools.repository_tools:🔧 Tool called: get_file_content(file_path=.env.example)
INFO:src.generator.tools.repository_tools:🧠 Agent reflection (1960 chars)
INFO:src.generator.tools.repository_tools:🔧 Tool called: write_file(file_path=Dockerfile, content_length=674)
INFO:src.generator.tools.repository_tools:🔧 Tool called: write_file(file_path=k8s/backend-deployment.yaml, content_length=1063)
INFO:src.generator.tools.repository_tools:🔧 Tool called: write_file(file_path=k8s/backend-service.yaml, content_length=199)
INFO:src.generator.tools.repository_tools:🔧 Tool called: write_file(file_path=k8s/ingress.yaml, content_length=438)
INFO:src.generator.tools.repository_tools:🔧 Tool called: write_file(file_path=k8s/configmap.yaml, content_length=121)
INFO:src.generator.tools.repository_tools:🔧 Tool called: find_files(pattern=*, max_results=100)
INFO:src.generator.tools.repository_tools:🔧 Tool called: search_files(pattern=REDIS, file_pattern=None, case_sensitive=False)
INFO:src.generator.tools.repository_tools:🔧 Tool called: write_file(file_path=k8s/backend-deployment.yaml, content_length=1137)
INFO:src.generator.tools.repository_tools:🔧 Tool called: write_file(file_path=k8s/redis-statefulset.yaml, content_length=814)
INFO:src.generator.tools.repository_tools:🔧 Tool called: write_file(file_path=k8s/redis-service.yaml, content_length=153)
INFO:src.generator.tools.repository_tools:🔧 Tool called: write_file(file_path=k8s/redis-secret.yaml, content_length=159)
INFO:src.generator.tools.repository_tools:🔧 Tool called: write_file(file_path=k8s/README.txt, content_length=232)
INFO:src.generator.tools.repository_tools:🔧 Tool called: find_files(pattern=k8s/*, max_results=100)
INFO:src.generator.tools.repository_tools:🔧 Tool called: ls(dir_path=k8s)
INFO:src.generator.tools.repository_tools:🧠 Agent reflection (1249 chars)
INFO:src.evaluator.core.integration:Fetching metrics from LangSmith for run_id: 1746d53b-63f3-4bfb-bddb-aa36ef4b6a87
INFO:src.evaluator.metrics.langsmith_collector:Run 1746d53b-63f3-4bfb-bddb-aa36ef4b6a87 is still pending, retrying in 5 seconds... (attempt 1/5)
INFO:src.evaluator.metrics.langsmith_collector:Fetched metrics from LangSmith: 23 tool calls, 114253 tokens
INFO:src.evaluator.core.integration:Using structured output from ConfigurationOutput
INFO:src.evaluator.core.integration:Generated 1 Dockerfiles and 7 K8s manifests
INFO:src.evaluator.validators.config_validator:Building Docker image: backend from Dockerfile
INFO:src.evaluator.validators.config_validator:Full image name with run-scoped tag: 192.168.1.39:32000/poc1-fastapi-legacy-backend:1746d53b-63f3-4bfb-bddb-aa36ef4b6a87
INFO:src.evaluator.validators.config_validator:Building Docker image 192.168.1.39:32000/poc1-fastapi-legacy-backend:1746d53b-63f3-4bfb-bddb-aa36ef4b6a87 with buildx
INFO:src.evaluator.validators.config_validator:Build completed successfully for 192.168.1.39:32000/poc1-fastapi-legacy-backend:1746d53b-63f3-4bfb-bddb-aa36ef4b6a87
INFO:src.evaluator.validators.config_validator:Successfully pushed image to registry: 192.168.1.39:32000/poc1-fastapi-legacy-backend:1746d53b-63f3-4bfb-bddb-aa36ef4b6a87
INFO:src.evaluator.validators.config_validator:Verifying image in registry: 192.168.1.39:32000/poc1-fastapi-legacy-backend:1746d53b-63f3-4bfb-bddb-aa36ef4b6a87
INFO:src.evaluator.validators.config_validator:Successfully verified image in registry: 192.168.1.39:32000/poc1-fastapi-legacy-backend:1746d53b-63f3-4bfb-bddb-aa36ef4b6a87
INFO:src.evaluator.validators.config_validator:Image metrics: 70.09 MB, 9 layers, built in 27.9s
INFO:src.evaluator.core.evaluator:Evaluation completed for https://github.com/run-rasztabiga-me/poc1-fastapi-legacy.git
INFO:src.evaluator.reports.reporter:Report saved to evaluation_reports/experiments/h5/20260318_223200/openai_gpt5_mini/default/poc1-fastapi-legacy/h5__gpt-5-mini__default__poc1-fastapi-legacy__run1_20260319_004657_355fc81b.json
INFO:src.evaluator.experiments.runner:Completed h5 | repo=poc1-fastapi-legacy model=openai_gpt5_mini prompt=default repetition=run1 -> evaluation_reports/experiments/h5/20260318_223200/openai_gpt5_mini/default/poc1-fastapi-legacy/h5__gpt-5-mini__default__poc1-fastapi-legacy__run1_20260319_004657_355fc81b.json
INFO:src.evaluator.experiments.runner:Running cleanup after run: experiment=h5 repo=poc1-fastapi-legacy model=openai_gpt5_mini prompt=default repetition=run1
INFO:src.tools.cluster_cleanup:Skipping protected namespace: container-registry
INFO:src.tools.cluster_cleanup:Skipping protected namespace: default
INFO:src.tools.cluster_cleanup:Skipping protected namespace: ingress
INFO:src.tools.cluster_cleanup:Skipping protected namespace: kube-node-lease
INFO:src.tools.cluster_cleanup:Skipping protected namespace: kube-public
INFO:src.tools.cluster_cleanup:Skipping protected namespace: kube-system
INFO:src.tools.cluster_cleanup:No /etc/hosts entries required cleanup.
INFO:src.tools.cluster_cleanup:Running Docker system prune to remove unused resources (preserving base images)...
INFO:src.tools.cluster_cleanup:Docker system prune completed successfully.
INFO:src.evaluator.experiments.runner:Cluster cleanup completed successfully for 'h5'.
INFO:src.evaluator.experiments.runner:Preparing run: repo=poc1-fastapi-legacy model=openai_gpt5_mini prompt=default repetition=run2
INFO:src.evaluator.core.evaluator:Starting evaluation for https://github.com/run-rasztabiga-me/poc1-fastapi-legacy.git (ID: 3dca6f1e-3b3b-41f2-b510-3e7651b8538a)
INFO:src.evaluator.core.integration:Starting real generation for https://github.com/run-rasztabiga-me/poc1-fastapi-legacy.git
INFO:src.generator.core.generator:Starting configuration generation for repository: https://github.com/run-rasztabiga-me/poc1-fastapi-legacy.git
INFO:src.generator.core.generator:Run ID: e53d4b95-b92a-4616-a63c-5598d118eccc, Workspace: tmp/poc1-fastapi-legacy-e53d4b95-b92a-4616-a63c-5598d118eccc
INFO:src.generator.agents.config_agent:Starting configuration generation for: https://github.com/run-rasztabiga-me/poc1-fastapi-legacy.git
INFO:src.generator.agents.config_agent:Using prompt version: default
INFO:src.generator.tools.repository_tools:🔧 Tool called: clone_repo(repo_url=https://github.com/run-rasztabiga-me/poc1-fastapi-legacy.git)
INFO:src.generator.core.workspace:Cloning https://github.com/run-rasztabiga-me/poc1-fastapi-legacy.git to /Users/rasztabigab/Studia/run/tmp/poc1-fastapi-legacy-e53d4b95-b92a-4616-a63c-5598d118eccc
INFO:src.generator.tools.repository_tools:🔧 Tool called: prepare_repo_tree()
INFO:src.generator.tools.repository_tools:🔧 Tool called: ls(dir_path=)
INFO:src.generator.tools.repository_tools:🔧 Tool called: ls(dir_path=app)
INFO:src.generator.tools.repository_tools:🔧 Tool called: get_file_content(file_path=app/main.py)
INFO:src.generator.tools.repository_tools:🔧 Tool called: get_file_content(file_path=requirements.txt)
INFO:src.generator.tools.repository_tools:🔧 Tool called: get_file_content(file_path=.env.example)
INFO:src.generator.tools.repository_tools:🧠 Agent reflection (1696 chars)
INFO:src.generator.tools.repository_tools:🔧 Tool called: write_file(file_path=Dockerfile, content_length=573)
INFO:src.generator.tools.repository_tools:🔧 Tool called: write_file(file_path=k8s/deployment.yaml, content_length=1073)
INFO:src.generator.tools.repository_tools:🔧 Tool called: write_file(file_path=k8s/service.yaml, content_length=255)
INFO:src.generator.tools.repository_tools:🔧 Tool called: write_file(file_path=k8s/ingress.yaml, content_length=432)
INFO:src.generator.tools.repository_tools:🔧 Tool called: write_file(file_path=k8s/namespace.yaml, content_length=69)
INFO:src.generator.tools.repository_tools:🔧 Tool called: search_files(pattern=redis, file_pattern=None, case_sensitive=False)
INFO:src.generator.tools.repository_tools:🔧 Tool called: get_file_content(file_path=docs/legacy_migration.md)
INFO:src.generator.tools.repository_tools:🔧 Tool called: patch_file(file_path=k8s/deployment.yaml, patch_length=820)
INFO:src.generator.tools.repository_tools:🔧 Tool called: get_file_content(file_path=k8s/deployment.yaml)
INFO:src.generator.tools.repository_tools:🔧 Tool called: write_file(file_path=k8s/redis-statefulset.yaml, content_length=872)
INFO:src.generator.tools.repository_tools:🔧 Tool called: write_file(file_path=k8s/redis-service.yaml, content_length=231)
INFO:src.generator.tools.repository_tools:🔧 Tool called: base64_encode(content_length=25)
INFO:src.generator.tools.repository_tools:🔧 Tool called: write_file(file_path=k8s/configmap.yaml, content_length=108)
INFO:src.generator.tools.repository_tools:🔧 Tool called: write_file(file_path=k8s/redis-secret.yaml, content_length=212)
INFO:src.generator.tools.repository_tools:🔧 Tool called: patch_file(file_path=k8s/deployment.yaml, patch_length=830)
INFO:src.generator.tools.repository_tools:🔧 Tool called: write_file(file_path=k8s/deployment.yaml, content_length=1430)
INFO:src.generator.tools.repository_tools:🔧 Tool called: find_files(pattern=Dockerfile, max_results=20)
INFO:src.generator.tools.repository_tools:🔧 Tool called: search_files(pattern=app.main, file_pattern=None, case_sensitive=False)
INFO:src.generator.tools.repository_tools:🔧 Tool called: search_files(pattern=/hello, file_pattern=None, case_sensitive=False)
INFO:src.generator.tools.repository_tools:🔧 Tool called: write_file(file_path=k8s/README.txt, content_length=386)
INFO:src.generator.tools.repository_tools:🔧 Tool called: ls(dir_path=k8s)
INFO:src.generator.tools.repository_tools:🧠 Agent reflection (691 chars)
INFO:src.evaluator.core.integration:Fetching metrics from LangSmith for run_id: e53d4b95-b92a-4616-a63c-5598d118eccc
INFO:src.evaluator.metrics.langsmith_collector:Run e53d4b95-b92a-4616-a63c-5598d118eccc is still pending, retrying in 5 seconds... (attempt 1/5)
INFO:src.evaluator.metrics.langsmith_collector:Fetched metrics from LangSmith: 30 tool calls, 168126 tokens
INFO:src.evaluator.core.integration:Using structured output from ConfigurationOutput
INFO:src.evaluator.core.integration:Generated 1 Dockerfiles and 9 K8s manifests
INFO:src.evaluator.validators.config_validator:Building Docker image: poc1-fastapi-legacy from Dockerfile
INFO:src.evaluator.validators.config_validator:Full image name with run-scoped tag: 192.168.1.39:32000/poc1-fastapi-legacy-poc1-fastapi-legacy:e53d4b95-b92a-4616-a63c-5598d118eccc
INFO:src.evaluator.validators.config_validator:Building Docker image 192.168.1.39:32000/poc1-fastapi-legacy-poc1-fastapi-legacy:e53d4b95-b92a-4616-a63c-5598d118eccc with buildx
INFO:src.evaluator.validators.config_validator:Build completed successfully for 192.168.1.39:32000/poc1-fastapi-legacy-poc1-fastapi-legacy:e53d4b95-b92a-4616-a63c-5598d118eccc
INFO:src.evaluator.validators.config_validator:Successfully pushed image to registry: 192.168.1.39:32000/poc1-fastapi-legacy-poc1-fastapi-legacy:e53d4b95-b92a-4616-a63c-5598d118eccc
INFO:src.evaluator.validators.config_validator:Verifying image in registry: 192.168.1.39:32000/poc1-fastapi-legacy-poc1-fastapi-legacy:e53d4b95-b92a-4616-a63c-5598d118eccc
INFO:src.evaluator.validators.config_validator:Successfully verified image in registry: 192.168.1.39:32000/poc1-fastapi-legacy-poc1-fastapi-legacy:e53d4b95-b92a-4616-a63c-5598d118eccc
INFO:src.evaluator.validators.config_validator:Image metrics: 164.29 MB, 9 layers, built in 0.8s
INFO:src.evaluator.core.evaluator:Evaluation completed for https://github.com/run-rasztabiga-me/poc1-fastapi-legacy.git
INFO:src.evaluator.reports.reporter:Report saved to evaluation_reports/experiments/h5/20260318_223200/openai_gpt5_mini/default/poc1-fastapi-legacy/h5__gpt-5-mini__default__poc1-fastapi-legacy__run2_20260319_004910_3dca6f1e.json
INFO:src.evaluator.experiments.runner:Completed h5 | repo=poc1-fastapi-legacy model=openai_gpt5_mini prompt=default repetition=run2 -> evaluation_reports/experiments/h5/20260318_223200/openai_gpt5_mini/default/poc1-fastapi-legacy/h5__gpt-5-mini__default__poc1-fastapi-legacy__run2_20260319_004910_3dca6f1e.json
INFO:src.evaluator.experiments.runner:Running cleanup after run: experiment=h5 repo=poc1-fastapi-legacy model=openai_gpt5_mini prompt=default repetition=run2
INFO:src.tools.cluster_cleanup:Skipping protected namespace: container-registry
INFO:src.tools.cluster_cleanup:Skipping protected namespace: default
INFO:src.tools.cluster_cleanup:Skipping protected namespace: ingress
INFO:src.tools.cluster_cleanup:Skipping protected namespace: kube-node-lease
INFO:src.tools.cluster_cleanup:Skipping protected namespace: kube-public
INFO:src.tools.cluster_cleanup:Skipping protected namespace: kube-system
INFO:src.tools.cluster_cleanup:No /etc/hosts entries required cleanup.
INFO:src.tools.cluster_cleanup:Running Docker system prune to remove unused resources (preserving base images)...
INFO:src.tools.cluster_cleanup:Docker system prune completed successfully.
INFO:src.evaluator.experiments.runner:Cluster cleanup completed successfully for 'h5'.
INFO:src.evaluator.experiments.runner:Preparing run: repo=poc1-fastapi-legacy model=openai_gpt5_mini prompt=default repetition=run3
INFO:src.evaluator.core.evaluator:Starting evaluation for https://github.com/run-rasztabiga-me/poc1-fastapi-legacy.git (ID: 3bd6ed47-f67d-40aa-9194-2b88d75b289b)
INFO:src.evaluator.core.integration:Starting real generation for https://github.com/run-rasztabiga-me/poc1-fastapi-legacy.git
INFO:src.generator.core.generator:Starting configuration generation for repository: https://github.com/run-rasztabiga-me/poc1-fastapi-legacy.git
INFO:src.generator.core.generator:Run ID: d9618dcb-6365-46ab-91f6-6611045026ed, Workspace: tmp/poc1-fastapi-legacy-d9618dcb-6365-46ab-91f6-6611045026ed
INFO:src.generator.agents.config_agent:Starting configuration generation for: https://github.com/run-rasztabiga-me/poc1-fastapi-legacy.git
INFO:src.generator.agents.config_agent:Using prompt version: default
INFO:src.generator.tools.repository_tools:🔧 Tool called: clone_repo(repo_url=https://github.com/run-rasztabiga-me/poc1-fastapi-legacy.git)
INFO:src.generator.core.workspace:Cloning https://github.com/run-rasztabiga-me/poc1-fastapi-legacy.git to /Users/rasztabigab/Studia/run/tmp/poc1-fastapi-legacy-d9618dcb-6365-46ab-91f6-6611045026ed
INFO:src.generator.tools.repository_tools:🔧 Tool called: prepare_repo_tree()
INFO:src.generator.tools.repository_tools:🔧 Tool called: ls(dir_path=)
INFO:src.generator.tools.repository_tools:🔧 Tool called: ls(dir_path=app)
INFO:src.generator.tools.repository_tools:🔧 Tool called: get_file_content(file_path=app/main.py)
INFO:src.generator.tools.repository_tools:🔧 Tool called: get_file_content(file_path=requirements.txt)
INFO:src.generator.tools.repository_tools:🔧 Tool called: get_file_content(file_path=.env.example)
INFO:src.generator.tools.repository_tools:🧠 Agent reflection (1932 chars)
INFO:src.generator.tools.repository_tools:🔧 Tool called: write_file(file_path=Dockerfile, content_length=560)
INFO:src.generator.tools.repository_tools:🔧 Tool called: write_file(file_path=k8s/deployment.yaml, content_length=913)
INFO:src.generator.tools.repository_tools:🔧 Tool called: write_file(file_path=k8s/service.yaml, content_length=207)
INFO:src.generator.tools.repository_tools:🔧 Tool called: write_file(file_path=k8s/ingress.yaml, content_length=431)
INFO:src.generator.tools.repository_tools:🔧 Tool called: find_files(pattern=Dockerfile, max_results=20)
INFO:src.generator.tools.repository_tools:🔧 Tool called: search_files(pattern=REDIS, file_pattern=None, case_sensitive=False)
INFO:src.generator.tools.repository_tools:🔧 Tool called: get_file_content(file_path=docs/legacy_migration.md)
INFO:src.generator.tools.repository_tools:🔧 Tool called: patch_file(file_path=Dockerfile, patch_length=569)
INFO:src.generator.tools.repository_tools:🔧 Tool called: get_file_content(file_path=Dockerfile)
INFO:src.generator.tools.repository_tools:🧠 Agent reflection (518 chars)
INFO:src.generator.tools.repository_tools:🔧 Tool called: write_file(file_path=Dockerfile, content_length=1354)
INFO:src.generator.tools.repository_tools:🔧 Tool called: write_file(file_path=k8s/redis-deployment.yaml, content_length=812)
INFO:src.generator.tools.repository_tools:🔧 Tool called: write_file(file_path=k8s/redis-service.yaml, content_length=153)
INFO:src.generator.tools.repository_tools:🔧 Tool called: write_file(file_path=k8s/redis-secret.yaml, content_length=175)
INFO:src.generator.tools.repository_tools:🔧 Tool called: write_file(file_path=k8s/deployment-env-config.yaml, content_length=230)
INFO:src.generator.tools.repository_tools:🔧 Tool called: patch_file(file_path=k8s/deployment.yaml, patch_length=615)
INFO:src.generator.tools.repository_tools:🔧 Tool called: get_file_content(file_path=k8s/deployment.yaml)
INFO:src.generator.tools.repository_tools:🔧 Tool called: write_file(file_path=k8s/deployment.yaml, content_length=1185)
INFO:src.generator.tools.repository_tools:🔧 Tool called: find_files(pattern=k8s/*.yaml, max_results=50)
INFO:src.generator.tools.repository_tools:🔧 Tool called: ls(dir_path=k8s)
INFO:src.generator.tools.repository_tools:🔧 Tool called: find_files(pattern=*.yaml, max_results=100)
INFO:src.generator.tools.repository_tools:🧠 Agent reflection (867 chars)
INFO:src.evaluator.core.integration:Fetching metrics from LangSmith for run_id: d9618dcb-6365-46ab-91f6-6611045026ed
INFO:src.evaluator.metrics.langsmith_collector:Run d9618dcb-6365-46ab-91f6-6611045026ed is still pending, retrying in 5 seconds... (attempt 1/5)
INFO:src.evaluator.metrics.langsmith_collector:Fetched metrics from LangSmith: 30 tool calls, 170173 tokens
INFO:src.evaluator.core.integration:Using structured output from ConfigurationOutput
INFO:src.evaluator.core.integration:Generated 1 Dockerfiles and 7 K8s manifests
INFO:src.evaluator.validators.config_validator:Building Docker image: poc1-fastapi-legacy from Dockerfile
INFO:src.evaluator.validators.config_validator:Full image name with run-scoped tag: 192.168.1.39:32000/poc1-fastapi-legacy-poc1-fastapi-legacy:d9618dcb-6365-46ab-91f6-6611045026ed
INFO:src.evaluator.validators.config_validator:Building Docker image 192.168.1.39:32000/poc1-fastapi-legacy-poc1-fastapi-legacy:d9618dcb-6365-46ab-91f6-6611045026ed with buildx
INFO:src.evaluator.validators.config_validator:Build completed successfully for 192.168.1.39:32000/poc1-fastapi-legacy-poc1-fastapi-legacy:d9618dcb-6365-46ab-91f6-6611045026ed
INFO:src.evaluator.validators.config_validator:Successfully pushed image to registry: 192.168.1.39:32000/poc1-fastapi-legacy-poc1-fastapi-legacy:d9618dcb-6365-46ab-91f6-6611045026ed
INFO:src.evaluator.validators.config_validator:Verifying image in registry: 192.168.1.39:32000/poc1-fastapi-legacy-poc1-fastapi-legacy:d9618dcb-6365-46ab-91f6-6611045026ed
INFO:src.evaluator.validators.config_validator:Successfully verified image in registry: 192.168.1.39:32000/poc1-fastapi-legacy-poc1-fastapi-legacy:d9618dcb-6365-46ab-91f6-6611045026ed
INFO:src.evaluator.validators.config_validator:Image metrics: 164.29 MB, 10 layers, built in 27.5s
INFO:src.evaluator.core.evaluator:Evaluation completed for https://github.com/run-rasztabiga-me/poc1-fastapi-legacy.git
INFO:src.evaluator.reports.reporter:Report saved to evaluation_reports/experiments/h5/20260318_223200/openai_gpt5_mini/default/poc1-fastapi-legacy/h5__gpt-5-mini__default__poc1-fastapi-legacy__run3_20260319_005156_3bd6ed47.json
INFO:src.evaluator.experiments.runner:Completed h5 | repo=poc1-fastapi-legacy model=openai_gpt5_mini prompt=default repetition=run3 -> evaluation_reports/experiments/h5/20260318_223200/openai_gpt5_mini/default/poc1-fastapi-legacy/h5__gpt-5-mini__default__poc1-fastapi-legacy__run3_20260319_005156_3bd6ed47.json
INFO:src.evaluator.experiments.runner:Running cleanup after run: experiment=h5 repo=poc1-fastapi-legacy model=openai_gpt5_mini prompt=default repetition=run3
INFO:src.tools.cluster_cleanup:Skipping protected namespace: container-registry
INFO:src.tools.cluster_cleanup:Skipping protected namespace: default
INFO:src.tools.cluster_cleanup:Skipping protected namespace: ingress
INFO:src.tools.cluster_cleanup:Skipping protected namespace: kube-node-lease
INFO:src.tools.cluster_cleanup:Skipping protected namespace: kube-public
INFO:src.tools.cluster_cleanup:Skipping protected namespace: kube-system
INFO:src.tools.cluster_cleanup:No /etc/hosts entries required cleanup.
INFO:src.tools.cluster_cleanup:Running Docker system prune to remove unused resources (preserving base images)...
INFO:src.tools.cluster_cleanup:Docker system prune completed successfully.
INFO:src.evaluator.experiments.runner:Cluster cleanup completed successfully for 'h5'.
INFO:src.evaluator.experiments.runner:Preparing run: repo=poc1-fastapi-legacy model=openai_gpt5_mini prompt=default repetition=run4
INFO:src.evaluator.core.evaluator:Starting evaluation for https://github.com/run-rasztabiga-me/poc1-fastapi-legacy.git (ID: 84aa2cec-3fe3-4650-9913-ff6d3262bce9)
INFO:src.evaluator.core.integration:Starting real generation for https://github.com/run-rasztabiga-me/poc1-fastapi-legacy.git
INFO:src.generator.core.generator:Starting configuration generation for repository: https://github.com/run-rasztabiga-me/poc1-fastapi-legacy.git
INFO:src.generator.core.generator:Run ID: cd7fc962-d12e-49d7-813b-b7b748bd0808, Workspace: tmp/poc1-fastapi-legacy-cd7fc962-d12e-49d7-813b-b7b748bd0808
INFO:src.generator.agents.config_agent:Starting configuration generation for: https://github.com/run-rasztabiga-me/poc1-fastapi-legacy.git
INFO:src.generator.agents.config_agent:Using prompt version: default
INFO:src.generator.tools.repository_tools:🔧 Tool called: clone_repo(repo_url=https://github.com/run-rasztabiga-me/poc1-fastapi-legacy.git)
INFO:src.generator.core.workspace:Cloning https://github.com/run-rasztabiga-me/poc1-fastapi-legacy.git to /Users/rasztabigab/Studia/run/tmp/poc1-fastapi-legacy-cd7fc962-d12e-49d7-813b-b7b748bd0808
INFO:src.generator.tools.repository_tools:🔧 Tool called: prepare_repo_tree()
INFO:src.generator.tools.repository_tools:🔧 Tool called: ls(dir_path=)
INFO:src.generator.tools.repository_tools:🔧 Tool called: ls(dir_path=app)
INFO:src.generator.tools.repository_tools:🔧 Tool called: get_file_content(file_path=app/main.py)
INFO:src.generator.tools.repository_tools:🔧 Tool called: get_file_content(file_path=requirements.txt)
INFO:src.generator.tools.repository_tools:🔧 Tool called: get_file_content(file_path=.env.example)
INFO:src.generator.tools.repository_tools:🧠 Agent reflection (2205 chars)
INFO:src.generator.tools.repository_tools:🔧 Tool called: write_file(file_path=Dockerfile, content_length=506)
INFO:src.generator.tools.repository_tools:🔧 Tool called: write_file(file_path=k8s/backend-deployment.yaml, content_length=1065)
INFO:src.generator.tools.repository_tools:🔧 Tool called: write_file(file_path=k8s/backend-service.yaml, content_length=207)
INFO:src.generator.tools.repository_tools:🔧 Tool called: write_file(file_path=k8s/ingress.yaml, content_length=448)
INFO:src.generator.tools.repository_tools:🔧 Tool called: write_file(file_path=k8s/namespace.yaml, content_length=69)
INFO:src.generator.tools.repository_tools:🔧 Tool called: find_files(pattern=Dockerfile, max_results=20)
INFO:src.generator.tools.repository_tools:🔧 Tool called: search_files(pattern=REDIS, file_pattern=None, case_sensitive=False)
INFO:src.generator.tools.repository_tools:🔧 Tool called: get_file_content(file_path=docs/legacy_migration.md)
INFO:src.generator.tools.repository_tools:🔧 Tool called: base64_encode(content_length=25)
INFO:src.generator.tools.repository_tools:🔧 Tool called: write_file(file_path=k8s/backend-deployment.yaml, content_length=1451)
INFO:src.generator.tools.repository_tools:🔧 Tool called: write_file(file_path=k8s/redis-statefulset.yaml, content_length=890)
INFO:src.generator.tools.repository_tools:🔧 Tool called: write_file(file_path=k8s/redis-service.yaml, content_length=193)
INFO:src.generator.tools.repository_tools:🔧 Tool called: write_file(file_path=k8s/redis-secret.yaml, content_length=130)
INFO:src.generator.tools.repository_tools:🔧 Tool called: write_file(file_path=k8s/README.txt, content_length=371)
INFO:src.generator.tools.repository_tools:🔧 Tool called: ls(dir_path=k8s)
INFO:src.generator.tools.repository_tools:🔧 Tool called: find_files(pattern=app/main.py, max_results=50)
INFO:src.generator.tools.repository_tools:🔧 Tool called: find_files(pattern=app, max_results=50)
INFO:src.generator.tools.repository_tools:🔧 Tool called: get_file_content(file_path=app/__init__.py)
INFO:src.generator.tools.repository_tools:🔧 Tool called: get_file_content(file_path=app/main.py)
INFO:src.generator.tools.repository_tools:🧠 Agent reflection (751 chars)
INFO:src.generator.tools.repository_tools:🔧 Tool called: write_file(file_path=k8s/ingress.yaml, content_length=375)
INFO:src.generator.tools.repository_tools:🔧 Tool called: write_file(file_path=k8s/backend-deployment.yaml, content_length=1451)
INFO:src.generator.tools.repository_tools:🔧 Tool called: find_files(pattern=requirements.txt, max_results=20)
INFO:src.generator.tools.repository_tools:🔧 Tool called: get_file_content(file_path=requirements.txt)
INFO:src.generator.tools.repository_tools:🔧 Tool called: write_file(file_path=k8s/backend-service.yaml, content_length=207)
INFO:src.generator.tools.repository_tools:🔧 Tool called: find_files(pattern=k8s/*.yaml, max_results=50)
INFO:src.generator.tools.repository_tools:🔧 Tool called: ls(dir_path=k8s)
INFO:src.generator.tools.repository_tools:🔧 Tool called: write_file(file_path=k8s/postgres-placeholder.yaml, content_length=67)
INFO:src.generator.tools.repository_tools:🧠 Agent reflection (273 chars)
INFO:src.evaluator.core.integration:Fetching metrics from LangSmith for run_id: cd7fc962-d12e-49d7-813b-b7b748bd0808
INFO:src.evaluator.metrics.langsmith_collector:Run cd7fc962-d12e-49d7-813b-b7b748bd0808 is still pending, retrying in 5 seconds... (attempt 1/5)
INFO:src.evaluator.metrics.langsmith_collector:Fetched metrics from LangSmith: 37 tool calls, 223497 tokens
INFO:src.evaluator.core.integration:Using structured output from ConfigurationOutput
INFO:src.evaluator.core.integration:Generated 1 Dockerfiles and 9 K8s manifests
INFO:src.evaluator.validators.config_validator:Building Docker image: backend from Dockerfile
INFO:src.evaluator.validators.config_validator:Full image name with run-scoped tag: 192.168.1.39:32000/poc1-fastapi-legacy-backend:cd7fc962-d12e-49d7-813b-b7b748bd0808
INFO:src.evaluator.validators.config_validator:Building Docker image 192.168.1.39:32000/poc1-fastapi-legacy-backend:cd7fc962-d12e-49d7-813b-b7b748bd0808 with buildx
INFO:src.evaluator.validators.config_validator:Build completed successfully for 192.168.1.39:32000/poc1-fastapi-legacy-backend:cd7fc962-d12e-49d7-813b-b7b748bd0808
INFO:src.evaluator.validators.config_validator:Successfully pushed image to registry: 192.168.1.39:32000/poc1-fastapi-legacy-backend:cd7fc962-d12e-49d7-813b-b7b748bd0808
INFO:src.evaluator.validators.config_validator:Verifying image in registry: 192.168.1.39:32000/poc1-fastapi-legacy-backend:cd7fc962-d12e-49d7-813b-b7b748bd0808
INFO:src.evaluator.validators.config_validator:Successfully verified image in registry: 192.168.1.39:32000/poc1-fastapi-legacy-backend:cd7fc962-d12e-49d7-813b-b7b748bd0808
INFO:src.evaluator.validators.config_validator:Image metrics: 160.40 MB, 9 layers, built in 28.7s
INFO:src.evaluator.core.evaluator:Evaluation completed for https://github.com/run-rasztabiga-me/poc1-fastapi-legacy.git
INFO:src.evaluator.reports.reporter:Report saved to evaluation_reports/experiments/h5/20260318_223200/openai_gpt5_mini/default/poc1-fastapi-legacy/h5__gpt-5-mini__default__poc1-fastapi-legacy__run4_20260319_005529_84aa2cec.json
INFO:src.evaluator.experiments.runner:Completed h5 | repo=poc1-fastapi-legacy model=openai_gpt5_mini prompt=default repetition=run4 -> evaluation_reports/experiments/h5/20260318_223200/openai_gpt5_mini/default/poc1-fastapi-legacy/h5__gpt-5-mini__default__poc1-fastapi-legacy__run4_20260319_005529_84aa2cec.json
INFO:src.evaluator.experiments.runner:Running cleanup after run: experiment=h5 repo=poc1-fastapi-legacy model=openai_gpt5_mini prompt=default repetition=run4
INFO:src.tools.cluster_cleanup:Skipping protected namespace: container-registry
INFO:src.tools.cluster_cleanup:Skipping protected namespace: default
INFO:src.tools.cluster_cleanup:Skipping protected namespace: ingress
INFO:src.tools.cluster_cleanup:Skipping protected namespace: kube-node-lease
INFO:src.tools.cluster_cleanup:Skipping protected namespace: kube-public
INFO:src.tools.cluster_cleanup:Skipping protected namespace: kube-system
INFO:src.tools.cluster_cleanup:No /etc/hosts entries required cleanup.
INFO:src.tools.cluster_cleanup:Running Docker system prune to remove unused resources (preserving base images)...
INFO:src.tools.cluster_cleanup:Docker system prune completed successfully.
INFO:src.evaluator.experiments.runner:Cluster cleanup completed successfully for 'h5'.
INFO:src.evaluator.experiments.runner:Preparing run: repo=poc1-fastapi-legacy model=openai_gpt5_mini prompt=default repetition=run5
INFO:src.evaluator.core.evaluator:Starting evaluation for https://github.com/run-rasztabiga-me/poc1-fastapi-legacy.git (ID: 415bd51e-b4a1-48b4-8ba4-a1bced91726b)
INFO:src.evaluator.core.integration:Starting real generation for https://github.com/run-rasztabiga-me/poc1-fastapi-legacy.git
INFO:src.generator.core.generator:Starting configuration generation for repository: https://github.com/run-rasztabiga-me/poc1-fastapi-legacy.git
INFO:src.generator.core.generator:Run ID: 73d3835c-cf5f-4f92-bbd3-dde1067185a1, Workspace: tmp/poc1-fastapi-legacy-73d3835c-cf5f-4f92-bbd3-dde1067185a1
INFO:src.generator.agents.config_agent:Starting configuration generation for: https://github.com/run-rasztabiga-me/poc1-fastapi-legacy.git
INFO:src.generator.agents.config_agent:Using prompt version: default
INFO:src.generator.tools.repository_tools:🔧 Tool called: clone_repo(repo_url=https://github.com/run-rasztabiga-me/poc1-fastapi-legacy.git)
INFO:src.generator.core.workspace:Cloning https://github.com/run-rasztabiga-me/poc1-fastapi-legacy.git to /Users/rasztabigab/Studia/run/tmp/poc1-fastapi-legacy-73d3835c-cf5f-4f92-bbd3-dde1067185a1
INFO:src.generator.tools.repository_tools:🔧 Tool called: prepare_repo_tree()
INFO:src.generator.tools.repository_tools:🔧 Tool called: ls(dir_path=)
INFO:src.generator.tools.repository_tools:🔧 Tool called: ls(dir_path=app)
INFO:src.generator.tools.repository_tools:🔧 Tool called: get_file_content(file_path=app/main.py)
INFO:src.generator.tools.repository_tools:🔧 Tool called: get_file_content(file_path=requirements.txt)
INFO:src.generator.tools.repository_tools:🔧 Tool called: get_file_content(file_path=.env.example)
INFO:src.generator.tools.repository_tools:🧠 Agent reflection (499 chars)
INFO:src.generator.tools.repository_tools:🔧 Tool called: search_files(pattern=redis, file_pattern=None, case_sensitive=False)
INFO:src.generator.tools.repository_tools:🔧 Tool called: get_file_content(file_path=docs/legacy_migration.md)
INFO:src.generator.tools.repository_tools:🔧 Tool called: write_file(file_path=Dockerfile, content_length=491)
INFO:src.generator.tools.repository_tools:🔧 Tool called: write_file(file_path=k8s/app-deployment.yaml, content_length=1256)
INFO:src.generator.tools.repository_tools:🔧 Tool called: write_file(file_path=k8s/app-service.yaml, content_length=203)
INFO:src.generator.tools.repository_tools:🔧 Tool called: write_file(file_path=k8s/ingress.yaml, content_length=436)
INFO:src.generator.tools.repository_tools:🔧 Tool called: write_file(file_path=k8s/redis-statefulset.yaml, content_length=810)
INFO:src.generator.tools.repository_tools:🔧 Tool called: write_file(file_path=k8s/redis-service.yaml, content_length=153)
INFO:src.generator.tools.repository_tools:🔧 Tool called: base64_encode(content_length=20)
INFO:src.generator.tools.repository_tools:🔧 Tool called: write_file(file_path=k8s/redis-secret.yaml, content_length=120)
INFO:src.generator.tools.repository_tools:🔧 Tool called: write_file(file_path=README-deployment.md, content_length=440)
INFO:src.generator.tools.repository_tools:🔧 Tool called: ls(dir_path=k8s)
INFO:src.generator.tools.repository_tools:🔧 Tool called: get_file_content(file_path=Dockerfile)
INFO:src.generator.tools.repository_tools:🔧 Tool called: get_file_content(file_path=app/__init__.py)
INFO:src.generator.tools.repository_tools:🧠 Agent reflection (1754 chars)
INFO:src.evaluator.core.integration:Fetching metrics from LangSmith for run_id: 73d3835c-cf5f-4f92-bbd3-dde1067185a1
INFO:src.evaluator.metrics.langsmith_collector:Run 73d3835c-cf5f-4f92-bbd3-dde1067185a1 is still pending, retrying in 5 seconds... (attempt 1/5)
INFO:src.evaluator.metrics.langsmith_collector:Fetched metrics from LangSmith: 23 tool calls, 109333 tokens
INFO:src.evaluator.core.integration:Using structured output from ConfigurationOutput
INFO:src.evaluator.core.integration:Generated 1 Dockerfiles and 6 K8s manifests
INFO:src.evaluator.validators.config_validator:Building Docker image: poc1-fastapi-legacy from Dockerfile
INFO:src.evaluator.validators.config_validator:Full image name with run-scoped tag: 192.168.1.39:32000/poc1-fastapi-legacy-poc1-fastapi-legacy:73d3835c-cf5f-4f92-bbd3-dde1067185a1
INFO:src.evaluator.validators.config_validator:Building Docker image 192.168.1.39:32000/poc1-fastapi-legacy-poc1-fastapi-legacy:73d3835c-cf5f-4f92-bbd3-dde1067185a1 with buildx
INFO:src.evaluator.validators.config_validator:Build completed successfully for 192.168.1.39:32000/poc1-fastapi-legacy-poc1-fastapi-legacy:73d3835c-cf5f-4f92-bbd3-dde1067185a1
INFO:src.evaluator.validators.config_validator:Successfully pushed image to registry: 192.168.1.39:32000/poc1-fastapi-legacy-poc1-fastapi-legacy:73d3835c-cf5f-4f92-bbd3-dde1067185a1
INFO:src.evaluator.validators.config_validator:Verifying image in registry: 192.168.1.39:32000/poc1-fastapi-legacy-poc1-fastapi-legacy:73d3835c-cf5f-4f92-bbd3-dde1067185a1
INFO:src.evaluator.validators.config_validator:Successfully verified image in registry: 192.168.1.39:32000/poc1-fastapi-legacy-poc1-fastapi-legacy:73d3835c-cf5f-4f92-bbd3-dde1067185a1
INFO:src.evaluator.validators.config_validator:Image metrics: 165.67 MB, 9 layers, built in 28.3s
INFO:src.evaluator.core.evaluator:Evaluation completed for https://github.com/run-rasztabiga-me/poc1-fastapi-legacy.git
INFO:src.evaluator.reports.reporter:Report saved to evaluation_reports/experiments/h5/20260318_223200/openai_gpt5_mini/default/poc1-fastapi-legacy/h5__gpt-5-mini__default__poc1-fastapi-legacy__run5_20260319_005755_415bd51e.json
INFO:src.evaluator.experiments.runner:Completed h5 | repo=poc1-fastapi-legacy model=openai_gpt5_mini prompt=default repetition=run5 -> evaluation_reports/experiments/h5/20260318_223200/openai_gpt5_mini/default/poc1-fastapi-legacy/h5__gpt-5-mini__default__poc1-fastapi-legacy__run5_20260319_005755_415bd51e.json
INFO:src.evaluator.experiments.runner:Running cleanup after run: experiment=h5 repo=poc1-fastapi-legacy model=openai_gpt5_mini prompt=default repetition=run5
INFO:src.tools.cluster_cleanup:Skipping protected namespace: container-registry
INFO:src.tools.cluster_cleanup:Skipping protected namespace: default
INFO:src.tools.cluster_cleanup:Skipping protected namespace: ingress
INFO:src.tools.cluster_cleanup:Skipping protected namespace: kube-node-lease
INFO:src.tools.cluster_cleanup:Skipping protected namespace: kube-public
INFO:src.tools.cluster_cleanup:Skipping protected namespace: kube-system
INFO:src.tools.cluster_cleanup:No /etc/hosts entries required cleanup.
INFO:src.tools.cluster_cleanup:Running Docker system prune to remove unused resources (preserving base images)...
INFO:src.tools.cluster_cleanup:Docker system prune completed successfully.
INFO:src.evaluator.experiments.runner:Cluster cleanup completed successfully for 'h5'.
INFO:src.evaluator.experiments.runner:Preparing run: repo=poc1-fastapi-legacy model=openai_gpt5_mini prompt=default repetition=run6
INFO:src.evaluator.core.evaluator:Starting evaluation for https://github.com/run-rasztabiga-me/poc1-fastapi-legacy.git (ID: d5446992-62c2-4d2e-87ca-8101ac4e59c2)
INFO:src.evaluator.core.integration:Starting real generation for https://github.com/run-rasztabiga-me/poc1-fastapi-legacy.git
INFO:src.generator.core.generator:Starting configuration generation for repository: https://github.com/run-rasztabiga-me/poc1-fastapi-legacy.git
INFO:src.generator.core.generator:Run ID: d8d2dad6-2ff4-4033-8c23-77903a64fee7, Workspace: tmp/poc1-fastapi-legacy-d8d2dad6-2ff4-4033-8c23-77903a64fee7
INFO:src.generator.agents.config_agent:Starting configuration generation for: https://github.com/run-rasztabiga-me/poc1-fastapi-legacy.git
INFO:src.generator.agents.config_agent:Using prompt version: default
INFO:src.generator.tools.repository_tools:🔧 Tool called: clone_repo(repo_url=https://github.com/run-rasztabiga-me/poc1-fastapi-legacy.git)
INFO:src.generator.core.workspace:Cloning https://github.com/run-rasztabiga-me/poc1-fastapi-legacy.git to /Users/rasztabigab/Studia/run/tmp/poc1-fastapi-legacy-d8d2dad6-2ff4-4033-8c23-77903a64fee7
INFO:src.generator.tools.repository_tools:🔧 Tool called: prepare_repo_tree()
INFO:src.generator.tools.repository_tools:🔧 Tool called: ls(dir_path=)
INFO:src.generator.tools.repository_tools:🔧 Tool called: ls(dir_path=app)
INFO:src.generator.tools.repository_tools:🔧 Tool called: get_file_content(file_path=app/main.py)
INFO:src.generator.tools.repository_tools:🔧 Tool called: get_file_content(file_path=requirements.txt)
INFO:src.generator.tools.repository_tools:🔧 Tool called: get_file_content(file_path=.env.example)
ERROR:src.generator.agents.config_agent:Failed to generate configurations: Error code: 400 - {'error': {'message': 'Invalid prompt: your prompt was flagged as potentially violating our usage policy. Please try again with a different prompt: https://platform.openai.com/docs/guides/reasoning#advice-on-prompting', 'type': 'invalid_request_error', 'param': None, 'code': 'invalid_prompt'}}
Traceback (most recent call last):
  File "/Users/rasztabigab/Studia/run/src/generator/agents/config_agent.py", line 113, in generate_configurations
    result = self.agent.invoke(
        {"messages": [{"role": "user", "content": repo_url}]},
    ...<3 lines>...
        }
    )
  File "/Users/rasztabigab/Studia/run/.venv/lib/python3.13/site-packages/langgraph/pregel/main.py", line 3068, in invoke
    for chunk in self.stream(
                 ~~~~~~~~~~~^
        input,
        ^^^^^^
    ...<10 lines>...
        **kwargs,
        ^^^^^^^^^
    ):
    ^
  File "/Users/rasztabigab/Studia/run/.venv/lib/python3.13/site-packages/langgraph/pregel/main.py", line 2643, in stream
    for _ in runner.tick(
             ~~~~~~~~~~~^
        [t for t in loop.tasks.values() if not t.writes],
        ^^^^^^^^^^^^^^^^^^^^^^^^^^^^^^^^^^^^^^^^^^^^^^^^^
    ...<2 lines>...
        schedule_task=loop.accept_push,
        ^^^^^^^^^^^^^^^^^^^^^^^^^^^^^^^
    ):
    ^
  File "/Users/rasztabigab/Studia/run/.venv/lib/python3.13/site-packages/langgraph/pregel/_runner.py", line 167, in tick
    run_with_retry(
    ~~~~~~~~~~~~~~^
        t,
        ^^
    ...<10 lines>...
        },
        ^^
    )
    ^
  File "/Users/rasztabigab/Studia/run/.venv/lib/python3.13/site-packages/langgraph/pregel/_retry.py", line 42, in run_with_retry
    return task.proc.invoke(task.input, config)
           ~~~~~~~~~~~~~~~~^^^^^^^^^^^^^^^^^^^^
  File "/Users/rasztabigab/Studia/run/.venv/lib/python3.13/site-packages/langgraph/_internal/_runnable.py", line 656, in invoke
    input = context.run(step.invoke, input, config, **kwargs)
  File "/Users/rasztabigab/Studia/run/.venv/lib/python3.13/site-packages/langgraph/_internal/_runnable.py", line 400, in invoke
    ret = self.func(*args, **kwargs)
  File "/Users/rasztabigab/Studia/run/.venv/lib/python3.13/site-packages/langchain/agents/factory.py", line 1129, in model_node
    response = _execute_model_sync(request)
  File "/Users/rasztabigab/Studia/run/.venv/lib/python3.13/site-packages/langchain/agents/factory.py", line 1102, in _execute_model_sync
    output = model_.invoke(messages)
  File "/Users/rasztabigab/Studia/run/.venv/lib/python3.13/site-packages/langchain_core/runnables/base.py", line 5548, in invoke
    return self.bound.invoke(
           ~~~~~~~~~~~~~~~~~^
        input,
        ^^^^^^
        self._merge_configs(config),
        ^^^^^^^^^^^^^^^^^^^^^^^^^^^^
        **{**self.kwargs, **kwargs},
        ^^^^^^^^^^^^^^^^^^^^^^^^^^^^
    )
    ^
  File "/Users/rasztabigab/Studia/run/.venv/lib/python3.13/site-packages/langchain_core/language_models/chat_models.py", line 398, in invoke
    self.generate_prompt(
    ~~~~~~~~~~~~~~~~~~~~^
        [self._convert_input(input)],
        ^^^^^^^^^^^^^^^^^^^^^^^^^^^^^
    ...<6 lines>...
        **kwargs,
        ^^^^^^^^^
    ).generations[0][0],
    ^
  File "/Users/rasztabigab/Studia/run/.venv/lib/python3.13/site-packages/langchain_core/language_models/chat_models.py", line 1117, in generate_prompt
    return self.generate(prompt_messages, stop=stop, callbacks=callbacks, **kwargs)
           ~~~~~~~~~~~~~^^^^^^^^^^^^^^^^^^^^^^^^^^^^^^^^^^^^^^^^^^^^^^^^^^^^^^^^^^^
  File "/Users/rasztabigab/Studia/run/.venv/lib/python3.13/site-packages/langchain_core/language_models/chat_models.py", line 927, in generate
    self._generate_with_cache(
    ~~~~~~~~~~~~~~~~~~~~~~~~~^
        m,
        ^^
    ...<2 lines>...
        **kwargs,
        ^^^^^^^^^
    )
    ^
  File "/Users/rasztabigab/Studia/run/.venv/lib/python3.13/site-packages/langchain_core/language_models/chat_models.py", line 1221, in _generate_with_cache
    result = self._generate(
        messages, stop=stop, run_manager=run_manager, **kwargs
    )
  File "/Users/rasztabigab/Studia/run/.venv/lib/python3.13/site-packages/langchain_openai/chat_models/base.py", line 1356, in _generate
    raise e
  File "/Users/rasztabigab/Studia/run/.venv/lib/python3.13/site-packages/langchain_openai/chat_models/base.py", line 1330, in _generate
    _handle_openai_bad_request(e)
    ~~~~~~~~~~~~~~~~~~~~~~~~~~^^^
  File "/Users/rasztabigab/Studia/run/.venv/lib/python3.13/site-packages/langchain_openai/chat_models/base.py", line 1324, in _generate
    self.root_client.chat.completions.with_raw_response.parse(
    ~~~~~~~~~~~~~~~~~~~~~~~~~~~~~~~~~~~~~~~~~~~~~~~~~~~~~~~~~^
        **payload
        ^^^^^^^^^
    )
    ^
  File "/Users/rasztabigab/Studia/run/.venv/lib/python3.13/site-packages/openai/_legacy_response.py", line 364, in wrapped
    return cast(LegacyAPIResponse[R], func(*args, **kwargs))
                                      ~~~~^^^^^^^^^^^^^^^^^
  File "/Users/rasztabigab/Studia/run/.venv/lib/python3.13/site-packages/openai/resources/chat/completions/completions.py", line 184, in parse
    return self._post(
           ~~~~~~~~~~^
        "/chat/completions",
        ^^^^^^^^^^^^^^^^^^^^
    ...<50 lines>...
        stream=False,
        ^^^^^^^^^^^^^
    )
    ^
  File "/Users/rasztabigab/Studia/run/.venv/lib/python3.13/site-packages/openai/_base_client.py", line 1259, in post
    return cast(ResponseT, self.request(cast_to, opts, stream=stream, stream_cls=stream_cls))
                           ~~~~~~~~~~~~^^^^^^^^^^^^^^^^^^^^^^^^^^^^^^^^^^^^^^^^^^^^^^^^^^^^^
  File "/Users/rasztabigab/Studia/run/.venv/lib/python3.13/site-packages/openai/_base_client.py", line 1047, in request
    raise self._make_status_error_from_response(err.response) from None
openai.BadRequestError: Error code: 400 - {'error': {'message': 'Invalid prompt: your prompt was flagged as potentially violating our usage policy. Please try again with a different prompt: https://platform.openai.com/docs/guides/reasoning#advice-on-prompting', 'type': 'invalid_request_error', 'param': None, 'code': 'invalid_prompt'}}
During task with name 'model' and id '7a7db9d1-8ff0-d3a2-4d31-c323edfef9ac'
INFO:src.evaluator.reports.reporter:Report saved to evaluation_reports/experiments/h5/20260318_223200/openai_gpt5_mini/default/poc1-fastapi-legacy/h5__gpt-5-mini__default__poc1-fastapi-legacy__run6_20260319_005823_d5446992.json
INFO:src.evaluator.experiments.runner:Completed h5 | repo=poc1-fastapi-legacy model=openai_gpt5_mini prompt=default repetition=run6 -> evaluation_reports/experiments/h5/20260318_223200/openai_gpt5_mini/default/poc1-fastapi-legacy/h5__gpt-5-mini__default__poc1-fastapi-legacy__run6_20260319_005823_d5446992.json
INFO:src.evaluator.experiments.runner:Running cleanup after run: experiment=h5 repo=poc1-fastapi-legacy model=openai_gpt5_mini prompt=default repetition=run6
INFO:src.tools.cluster_cleanup:Skipping protected namespace: container-registry
INFO:src.tools.cluster_cleanup:Skipping protected namespace: default
INFO:src.tools.cluster_cleanup:Skipping protected namespace: ingress
INFO:src.tools.cluster_cleanup:Skipping protected namespace: kube-node-lease
INFO:src.tools.cluster_cleanup:Skipping protected namespace: kube-public
INFO:src.tools.cluster_cleanup:Skipping protected namespace: kube-system
INFO:src.tools.cluster_cleanup:No /etc/hosts entries required cleanup.
INFO:src.tools.cluster_cleanup:Running Docker system prune to remove unused resources (preserving base images)...
INFO:src.tools.cluster_cleanup:Docker system prune completed successfully.
INFO:src.evaluator.experiments.runner:Cluster cleanup completed successfully for 'h5'.
INFO:src.evaluator.experiments.runner:Preparing run: repo=poc1-fastapi-legacy model=openai_gpt5_mini prompt=default repetition=run7
INFO:src.evaluator.core.evaluator:Starting evaluation for https://github.com/run-rasztabiga-me/poc1-fastapi-legacy.git (ID: 54e48a42-2c92-4ff8-a6f5-4ed13cf45278)
INFO:src.evaluator.core.integration:Starting real generation for https://github.com/run-rasztabiga-me/poc1-fastapi-legacy.git
INFO:src.generator.core.generator:Starting configuration generation for repository: https://github.com/run-rasztabiga-me/poc1-fastapi-legacy.git
INFO:src.generator.core.generator:Run ID: 21b7f0f3-df8e-434f-ac68-8893cdbcead5, Workspace: tmp/poc1-fastapi-legacy-21b7f0f3-df8e-434f-ac68-8893cdbcead5
INFO:src.generator.agents.config_agent:Starting configuration generation for: https://github.com/run-rasztabiga-me/poc1-fastapi-legacy.git
INFO:src.generator.agents.config_agent:Using prompt version: default
INFO:src.generator.tools.repository_tools:🔧 Tool called: clone_repo(repo_url=https://github.com/run-rasztabiga-me/poc1-fastapi-legacy.git)
INFO:src.generator.core.workspace:Cloning https://github.com/run-rasztabiga-me/poc1-fastapi-legacy.git to /Users/rasztabigab/Studia/run/tmp/poc1-fastapi-legacy-21b7f0f3-df8e-434f-ac68-8893cdbcead5
INFO:src.generator.tools.repository_tools:🔧 Tool called: prepare_repo_tree()
INFO:src.generator.tools.repository_tools:🔧 Tool called: ls(dir_path=)
INFO:src.generator.tools.repository_tools:🔧 Tool called: ls(dir_path=app)
INFO:src.generator.tools.repository_tools:🔧 Tool called: get_file_content(file_path=app/main.py)
INFO:src.generator.tools.repository_tools:🔧 Tool called: get_file_content(file_path=requirements.txt)
INFO:src.generator.tools.repository_tools:🔧 Tool called: get_file_content(file_path=.env.example)
INFO:src.generator.tools.repository_tools:🧠 Agent reflection (2470 chars)
INFO:src.generator.tools.repository_tools:🔧 Tool called: write_file(file_path=backend/Dockerfile, content_length=538)
INFO:src.generator.tools.repository_tools:🔧 Tool called: write_file(file_path=k8s/backend-deployment.yaml, content_length=1117)
INFO:src.generator.tools.repository_tools:🔧 Tool called: write_file(file_path=k8s/backend-service.yaml, content_length=193)
INFO:src.generator.tools.repository_tools:🔧 Tool called: write_file(file_path=k8s/ingress.yaml, content_length=426)
INFO:src.generator.tools.repository_tools:🔧 Tool called: write_file(file_path=k8s/redis-statefulset.yaml, content_length=807)
INFO:src.generator.tools.repository_tools:🔧 Tool called: write_file(file_path=k8s/redis-service.yaml, content_length=173)
INFO:src.generator.tools.repository_tools:🔧 Tool called: write_file(file_path=k8s/redis-secret.yaml, content_length=99)
INFO:src.generator.tools.repository_tools:🔧 Tool called: ls(dir_path=k8s)
INFO:src.generator.tools.repository_tools:🔧 Tool called: find_files(pattern=Dockerfile, max_results=20)
INFO:src.generator.tools.repository_tools:🔧 Tool called: search_files(pattern=/hello, file_pattern=**/*.py, case_sensitive=False)
INFO:src.generator.tools.repository_tools:🔧 Tool called: get_file_content(file_path=docs/legacy_migration.md)
INFO:src.generator.tools.repository_tools:🧠 Agent reflection (1403 chars)
INFO:src.generator.tools.repository_tools:🔧 Tool called: patch_file(file_path=k8s/backend-deployment.yaml, patch_length=417)
INFO:src.generator.tools.repository_tools:🔧 Tool called: get_file_content(file_path=k8s/backend-deployment.yaml)
INFO:src.generator.tools.repository_tools:🔧 Tool called: write_file(file_path=k8s/backend-deployment.yaml, content_length=1305)
INFO:src.generator.tools.repository_tools:🔧 Tool called: get_file_content(file_path=README.md)
INFO:src.generator.tools.repository_tools:🔧 Tool called: ls(dir_path=)
INFO:src.generator.tools.repository_tools:🔧 Tool called: search_files(pattern=REDIS_URL, file_pattern=None, case_sensitive=False)
INFO:src.generator.tools.repository_tools:🔧 Tool called: write_file(file_path=k8s/postgres-statefulset.yaml, content_length=85)
INFO:src.generator.tools.repository_tools:🔧 Tool called: write_file(file_path=k8s/postgres-service.yaml, content_length=85)
INFO:src.generator.tools.repository_tools:🔧 Tool called: write_file(file_path=k8s/postgres-secret.yaml, content_length=85)
INFO:src.generator.tools.repository_tools:🔧 Tool called: ls(dir_path=k8s)
INFO:src.generator.tools.repository_tools:🔧 Tool called: find_files(pattern=requirements.txt, max_results=20)
INFO:src.generator.tools.repository_tools:🔧 Tool called: get_file_content(file_path=backend/Dockerfile)
INFO:src.generator.tools.repository_tools:🔧 Tool called: search_files(pattern=app.main:app, file_pattern=None, case_sensitive=False)
INFO:src.generator.tools.repository_tools:🧠 Agent reflection (1712 chars)
INFO:src.evaluator.core.integration:Fetching metrics from LangSmith for run_id: 21b7f0f3-df8e-434f-ac68-8893cdbcead5
INFO:src.evaluator.metrics.langsmith_collector:Run 21b7f0f3-df8e-434f-ac68-8893cdbcead5 is still pending, retrying in 5 seconds... (attempt 1/5)
INFO:src.evaluator.metrics.langsmith_collector:Fetched metrics from LangSmith: 34 tool calls, 192995 tokens
INFO:src.evaluator.core.integration:Using structured output from ConfigurationOutput
INFO:src.evaluator.core.integration:Generated 1 Dockerfiles and 9 K8s manifests
INFO:src.evaluator.validators.config_validator:Building Docker image: backend from backend/Dockerfile
INFO:src.evaluator.validators.config_validator:Full image name with run-scoped tag: 192.168.1.39:32000/poc1-fastapi-legacy-backend:21b7f0f3-df8e-434f-ac68-8893cdbcead5
INFO:src.evaluator.validators.config_validator:Building Docker image 192.168.1.39:32000/poc1-fastapi-legacy-backend:21b7f0f3-df8e-434f-ac68-8893cdbcead5 with buildx
INFO:src.evaluator.validators.config_validator:Build completed successfully for 192.168.1.39:32000/poc1-fastapi-legacy-backend:21b7f0f3-df8e-434f-ac68-8893cdbcead5
INFO:src.evaluator.validators.config_validator:Successfully pushed image to registry: 192.168.1.39:32000/poc1-fastapi-legacy-backend:21b7f0f3-df8e-434f-ac68-8893cdbcead5
INFO:src.evaluator.validators.config_validator:Verifying image in registry: 192.168.1.39:32000/poc1-fastapi-legacy-backend:21b7f0f3-df8e-434f-ac68-8893cdbcead5
INFO:src.evaluator.validators.config_validator:Successfully verified image in registry: 192.168.1.39:32000/poc1-fastapi-legacy-backend:21b7f0f3-df8e-434f-ac68-8893cdbcead5
INFO:src.evaluator.validators.config_validator:Image metrics: 167.63 MB, 10 layers, built in 29.2s
INFO:src.evaluator.core.evaluator:Evaluation completed for https://github.com/run-rasztabiga-me/poc1-fastapi-legacy.git
INFO:src.evaluator.reports.reporter:Report saved to evaluation_reports/experiments/h5/20260318_223200/openai_gpt5_mini/default/poc1-fastapi-legacy/h5__gpt-5-mini__default__poc1-fastapi-legacy__run7_20260319_010050_54e48a42.json
INFO:src.evaluator.experiments.runner:Completed h5 | repo=poc1-fastapi-legacy model=openai_gpt5_mini prompt=default repetition=run7 -> evaluation_reports/experiments/h5/20260318_223200/openai_gpt5_mini/default/poc1-fastapi-legacy/h5__gpt-5-mini__default__poc1-fastapi-legacy__run7_20260319_010050_54e48a42.json
INFO:src.evaluator.experiments.runner:Running cleanup after run: experiment=h5 repo=poc1-fastapi-legacy model=openai_gpt5_mini prompt=default repetition=run7
INFO:src.tools.cluster_cleanup:Skipping protected namespace: container-registry
INFO:src.tools.cluster_cleanup:Skipping protected namespace: default
INFO:src.tools.cluster_cleanup:Skipping protected namespace: ingress
INFO:src.tools.cluster_cleanup:Skipping protected namespace: kube-node-lease
INFO:src.tools.cluster_cleanup:Skipping protected namespace: kube-public
INFO:src.tools.cluster_cleanup:Skipping protected namespace: kube-system
INFO:src.tools.cluster_cleanup:No /etc/hosts entries required cleanup.
INFO:src.tools.cluster_cleanup:Running Docker system prune to remove unused resources (preserving base images)...
INFO:src.tools.cluster_cleanup:Docker system prune completed successfully.
INFO:src.evaluator.experiments.runner:Cluster cleanup completed successfully for 'h5'.
INFO:src.evaluator.experiments.runner:Preparing run: repo=poc1-fastapi-legacy model=openai_gpt5_mini prompt=default repetition=run8
INFO:src.evaluator.core.evaluator:Starting evaluation for https://github.com/run-rasztabiga-me/poc1-fastapi-legacy.git (ID: 0b47faf2-3db7-4274-bcea-6bc17054e8b9)
INFO:src.evaluator.core.integration:Starting real generation for https://github.com/run-rasztabiga-me/poc1-fastapi-legacy.git
INFO:src.generator.core.generator:Starting configuration generation for repository: https://github.com/run-rasztabiga-me/poc1-fastapi-legacy.git
INFO:src.generator.core.generator:Run ID: 3a10ee8c-9bd7-4605-af60-fd65e52ca27b, Workspace: tmp/poc1-fastapi-legacy-3a10ee8c-9bd7-4605-af60-fd65e52ca27b
INFO:src.generator.agents.config_agent:Starting configuration generation for: https://github.com/run-rasztabiga-me/poc1-fastapi-legacy.git
INFO:src.generator.agents.config_agent:Using prompt version: default
INFO:src.generator.tools.repository_tools:🔧 Tool called: clone_repo(repo_url=https://github.com/run-rasztabiga-me/poc1-fastapi-legacy.git)
INFO:src.generator.core.workspace:Cloning https://github.com/run-rasztabiga-me/poc1-fastapi-legacy.git to /Users/rasztabigab/Studia/run/tmp/poc1-fastapi-legacy-3a10ee8c-9bd7-4605-af60-fd65e52ca27b
INFO:src.generator.tools.repository_tools:🔧 Tool called: prepare_repo_tree()
INFO:src.generator.tools.repository_tools:🔧 Tool called: ls(dir_path=)
INFO:src.generator.tools.repository_tools:🔧 Tool called: ls(dir_path=app)
INFO:src.generator.tools.repository_tools:🔧 Tool called: get_file_content(file_path=app/main.py)
INFO:src.generator.tools.repository_tools:🔧 Tool called: get_file_content(file_path=requirements.txt)
INFO:src.generator.tools.repository_tools:🔧 Tool called: get_file_content(file_path=.env.example)
INFO:src.generator.tools.repository_tools:🧠 Agent reflection (958 chars)
INFO:src.generator.tools.repository_tools:🔧 Tool called: search_files(pattern=redis, file_pattern=None, case_sensitive=False)
INFO:src.generator.tools.repository_tools:🔧 Tool called: get_file_content(file_path=docs/legacy_migration.md)
INFO:src.generator.tools.repository_tools:🔧 Tool called: write_file(file_path=Dockerfile, content_length=249)
INFO:src.generator.tools.repository_tools:🔧 Tool called: write_file(file_path=k8s/deployment.yaml, content_length=1126)
INFO:src.generator.tools.repository_tools:🔧 Tool called: write_file(file_path=k8s/service.yaml, content_length=199)
INFO:src.generator.tools.repository_tools:🔧 Tool called: write_file(file_path=k8s/ingress.yaml, content_length=367)
INFO:src.generator.tools.repository_tools:🔧 Tool called: base64_encode(content_length=20)
INFO:src.generator.tools.repository_tools:🔧 Tool called: write_file(file_path=k8s/redis-secret.yaml, content_length=120)
INFO:src.generator.tools.repository_tools:🔧 Tool called: write_file(file_path=k8s/redis-statefulset.yaml, content_length=776)
INFO:src.generator.tools.repository_tools:🔧 Tool called: write_file(file_path=k8s/redis-service.yaml, content_length=153)
INFO:src.generator.tools.repository_tools:🔧 Tool called: ls(dir_path=k8s)
INFO:src.generator.tools.repository_tools:🔧 Tool called: find_files(pattern=Dockerfile, max_results=50)
INFO:src.generator.tools.repository_tools:🧠 Agent reflection (1056 chars)
INFO:src.evaluator.core.integration:Fetching metrics from LangSmith for run_id: 3a10ee8c-9bd7-4605-af60-fd65e52ca27b
INFO:src.evaluator.metrics.langsmith_collector:Run 3a10ee8c-9bd7-4605-af60-fd65e52ca27b is still pending, retrying in 5 seconds... (attempt 1/5)
INFO:src.evaluator.metrics.langsmith_collector:Fetched metrics from LangSmith: 21 tool calls, 97395 tokens
INFO:src.evaluator.core.integration:Using structured output from ConfigurationOutput
INFO:src.evaluator.core.integration:Generated 1 Dockerfiles and 6 K8s manifests
INFO:src.evaluator.validators.config_validator:Building Docker image: poc1-fastapi-legacy from Dockerfile
INFO:src.evaluator.validators.config_validator:Full image name with run-scoped tag: 192.168.1.39:32000/poc1-fastapi-legacy-poc1-fastapi-legacy:3a10ee8c-9bd7-4605-af60-fd65e52ca27b
INFO:src.evaluator.validators.config_validator:Building Docker image 192.168.1.39:32000/poc1-fastapi-legacy-poc1-fastapi-legacy:3a10ee8c-9bd7-4605-af60-fd65e52ca27b with buildx
INFO:src.evaluator.validators.config_validator:Build completed successfully for 192.168.1.39:32000/poc1-fastapi-legacy-poc1-fastapi-legacy:3a10ee8c-9bd7-4605-af60-fd65e52ca27b
INFO:src.evaluator.validators.config_validator:Successfully pushed image to registry: 192.168.1.39:32000/poc1-fastapi-legacy-poc1-fastapi-legacy:3a10ee8c-9bd7-4605-af60-fd65e52ca27b
INFO:src.evaluator.validators.config_validator:Verifying image in registry: 192.168.1.39:32000/poc1-fastapi-legacy-poc1-fastapi-legacy:3a10ee8c-9bd7-4605-af60-fd65e52ca27b
INFO:src.evaluator.validators.config_validator:Successfully verified image in registry: 192.168.1.39:32000/poc1-fastapi-legacy-poc1-fastapi-legacy:3a10ee8c-9bd7-4605-af60-fd65e52ca27b
INFO:src.evaluator.validators.config_validator:Image metrics: 63.17 MB, 8 layers, built in 10.5s
INFO:src.evaluator.core.evaluator:Evaluation completed for https://github.com/run-rasztabiga-me/poc1-fastapi-legacy.git
INFO:src.evaluator.reports.reporter:Report saved to evaluation_reports/experiments/h5/20260318_223200/openai_gpt5_mini/default/poc1-fastapi-legacy/h5__gpt-5-mini__default__poc1-fastapi-legacy__run8_20260319_010312_0b47faf2.json
INFO:src.evaluator.experiments.runner:Completed h5 | repo=poc1-fastapi-legacy model=openai_gpt5_mini prompt=default repetition=run8 -> evaluation_reports/experiments/h5/20260318_223200/openai_gpt5_mini/default/poc1-fastapi-legacy/h5__gpt-5-mini__default__poc1-fastapi-legacy__run8_20260319_010312_0b47faf2.json
INFO:src.evaluator.experiments.runner:Running cleanup after run: experiment=h5 repo=poc1-fastapi-legacy model=openai_gpt5_mini prompt=default repetition=run8
INFO:src.tools.cluster_cleanup:Skipping protected namespace: container-registry
INFO:src.tools.cluster_cleanup:Skipping protected namespace: default
INFO:src.tools.cluster_cleanup:Skipping protected namespace: ingress
INFO:src.tools.cluster_cleanup:Skipping protected namespace: kube-node-lease
INFO:src.tools.cluster_cleanup:Skipping protected namespace: kube-public
INFO:src.tools.cluster_cleanup:Skipping protected namespace: kube-system
INFO:src.tools.cluster_cleanup:No /etc/hosts entries required cleanup.
INFO:src.tools.cluster_cleanup:Running Docker system prune to remove unused resources (preserving base images)...
INFO:src.tools.cluster_cleanup:Docker system prune completed successfully.
INFO:src.evaluator.experiments.runner:Cluster cleanup completed successfully for 'h5'.
INFO:src.evaluator.experiments.runner:Preparing run: repo=poc1-fastapi-legacy model=openai_gpt5_mini prompt=default repetition=run9
INFO:src.evaluator.core.evaluator:Starting evaluation for https://github.com/run-rasztabiga-me/poc1-fastapi-legacy.git (ID: 3fc00f9e-d33c-40ab-ae53-478b5008df20)
INFO:src.evaluator.core.integration:Starting real generation for https://github.com/run-rasztabiga-me/poc1-fastapi-legacy.git
INFO:src.generator.core.generator:Starting configuration generation for repository: https://github.com/run-rasztabiga-me/poc1-fastapi-legacy.git
INFO:src.generator.core.generator:Run ID: 3af71e01-7472-4d63-a6c5-14c99dec98e6, Workspace: tmp/poc1-fastapi-legacy-3af71e01-7472-4d63-a6c5-14c99dec98e6
INFO:src.generator.agents.config_agent:Starting configuration generation for: https://github.com/run-rasztabiga-me/poc1-fastapi-legacy.git
INFO:src.generator.agents.config_agent:Using prompt version: default
INFO:src.generator.tools.repository_tools:🔧 Tool called: clone_repo(repo_url=https://github.com/run-rasztabiga-me/poc1-fastapi-legacy.git)
INFO:src.generator.core.workspace:Cloning https://github.com/run-rasztabiga-me/poc1-fastapi-legacy.git to /Users/rasztabigab/Studia/run/tmp/poc1-fastapi-legacy-3af71e01-7472-4d63-a6c5-14c99dec98e6
INFO:src.generator.tools.repository_tools:🔧 Tool called: prepare_repo_tree()
INFO:src.generator.tools.repository_tools:🔧 Tool called: ls(dir_path=)
INFO:src.generator.tools.repository_tools:🔧 Tool called: ls(dir_path=app)
INFO:src.generator.tools.repository_tools:🔧 Tool called: get_file_content(file_path=app/main.py)
INFO:src.generator.tools.repository_tools:🔧 Tool called: get_file_content(file_path=requirements.txt)
INFO:src.generator.tools.repository_tools:🔧 Tool called: get_file_content(file_path=.env.example)
INFO:src.generator.tools.repository_tools:🧠 Agent reflection (2260 chars)
INFO:src.generator.tools.repository_tools:🔧 Tool called: write_file(file_path=Dockerfile, content_length=466)
INFO:src.generator.tools.repository_tools:🔧 Tool called: write_file(file_path=.dockerignore, content_length=69)
INFO:src.generator.tools.repository_tools:🔧 Tool called: write_file(file_path=k8s/backend-deployment.yaml, content_length=983)
INFO:src.generator.tools.repository_tools:🔧 Tool called: write_file(file_path=k8s/backend-service.yaml, content_length=221)
INFO:src.generator.tools.repository_tools:🔧 Tool called: write_file(file_path=k8s/ingress.yaml, content_length=428)
INFO:src.generator.tools.repository_tools:🔧 Tool called: ls(dir_path=k8s)
INFO:src.generator.tools.repository_tools:🔧 Tool called: find_files(pattern=Dockerfile, max_results=20)
INFO:src.generator.tools.repository_tools:🔧 Tool called: search_files(pattern=REDIS, file_pattern=None, case_sensitive=False)
INFO:src.generator.tools.repository_tools:🔧 Tool called: base64_encode(content_length=8)
INFO:src.generator.tools.repository_tools:🔧 Tool called: get_file_content(file_path=docs/legacy_migration.md)
INFO:src.generator.tools.repository_tools:🔧 Tool called: write_file(file_path=k8s/redis-secret.yaml, content_length=199)
INFO:src.generator.tools.repository_tools:🔧 Tool called: write_file(file_path=k8s/redis-statefulset.yaml, content_length=1033)
INFO:src.generator.tools.repository_tools:🔧 Tool called: write_file(file_path=k8s/redis-service.yaml, content_length=193)
INFO:src.generator.tools.repository_tools:🔧 Tool called: write_file(file_path=k8s/configmap.yaml, content_length=147)
INFO:src.generator.tools.repository_tools:🔧 Tool called: write_file(file_path=k8s/frontend-placeholder, content_length=83)
INFO:src.generator.tools.repository_tools:🔧 Tool called: ls(dir_path=)
INFO:src.generator.tools.repository_tools:🧠 Agent reflection (731 chars)
INFO:src.evaluator.core.integration:Fetching metrics from LangSmith for run_id: 3af71e01-7472-4d63-a6c5-14c99dec98e6
INFO:src.evaluator.metrics.langsmith_collector:Run 3af71e01-7472-4d63-a6c5-14c99dec98e6 is still pending, retrying in 5 seconds... (attempt 1/5)
INFO:src.evaluator.metrics.langsmith_collector:Fetched metrics from LangSmith: 25 tool calls, 123699 tokens
INFO:src.evaluator.core.integration:Using structured output from ConfigurationOutput
INFO:src.evaluator.core.integration:Generated 1 Dockerfiles and 7 K8s manifests
INFO:src.evaluator.validators.config_validator:Building Docker image: backend from Dockerfile
INFO:src.evaluator.validators.config_validator:Full image name with run-scoped tag: 192.168.1.39:32000/poc1-fastapi-legacy-backend:3af71e01-7472-4d63-a6c5-14c99dec98e6
INFO:src.evaluator.validators.config_validator:Building Docker image 192.168.1.39:32000/poc1-fastapi-legacy-backend:3af71e01-7472-4d63-a6c5-14c99dec98e6 with buildx
INFO:src.evaluator.validators.config_validator:Build completed successfully for 192.168.1.39:32000/poc1-fastapi-legacy-backend:3af71e01-7472-4d63-a6c5-14c99dec98e6
INFO:src.evaluator.validators.config_validator:Successfully pushed image to registry: 192.168.1.39:32000/poc1-fastapi-legacy-backend:3af71e01-7472-4d63-a6c5-14c99dec98e6
INFO:src.evaluator.validators.config_validator:Verifying image in registry: 192.168.1.39:32000/poc1-fastapi-legacy-backend:3af71e01-7472-4d63-a6c5-14c99dec98e6
INFO:src.evaluator.validators.config_validator:Successfully verified image in registry: 192.168.1.39:32000/poc1-fastapi-legacy-backend:3af71e01-7472-4d63-a6c5-14c99dec98e6
INFO:src.evaluator.validators.config_validator:Image metrics: 164.29 MB, 9 layers, built in 0.8s
INFO:src.evaluator.core.evaluator:Evaluation completed for https://github.com/run-rasztabiga-me/poc1-fastapi-legacy.git
INFO:src.evaluator.reports.reporter:Report saved to evaluation_reports/experiments/h5/20260318_223200/openai_gpt5_mini/default/poc1-fastapi-legacy/h5__gpt-5-mini__default__poc1-fastapi-legacy__run9_20260319_010450_3fc00f9e.json
INFO:src.evaluator.experiments.runner:Completed h5 | repo=poc1-fastapi-legacy model=openai_gpt5_mini prompt=default repetition=run9 -> evaluation_reports/experiments/h5/20260318_223200/openai_gpt5_mini/default/poc1-fastapi-legacy/h5__gpt-5-mini__default__poc1-fastapi-legacy__run9_20260319_010450_3fc00f9e.json
INFO:src.evaluator.experiments.runner:Running cleanup after run: experiment=h5 repo=poc1-fastapi-legacy model=openai_gpt5_mini prompt=default repetition=run9
INFO:src.tools.cluster_cleanup:Skipping protected namespace: container-registry
INFO:src.tools.cluster_cleanup:Skipping protected namespace: default
INFO:src.tools.cluster_cleanup:Skipping protected namespace: ingress
INFO:src.tools.cluster_cleanup:Skipping protected namespace: kube-node-lease
INFO:src.tools.cluster_cleanup:Skipping protected namespace: kube-public
INFO:src.tools.cluster_cleanup:Skipping protected namespace: kube-system
INFO:src.tools.cluster_cleanup:No /etc/hosts entries required cleanup.
INFO:src.tools.cluster_cleanup:Running Docker system prune to remove unused resources (preserving base images)...
INFO:src.tools.cluster_cleanup:Docker system prune completed successfully.
INFO:src.evaluator.experiments.runner:Cluster cleanup completed successfully for 'h5'.
INFO:src.evaluator.experiments.runner:Preparing run: repo=poc1-fastapi-legacy model=openai_gpt5_mini prompt=default repetition=run10
INFO:src.evaluator.core.evaluator:Starting evaluation for https://github.com/run-rasztabiga-me/poc1-fastapi-legacy.git (ID: de436aa1-f1b8-44af-aa57-44629d13cdc0)
INFO:src.evaluator.core.integration:Starting real generation for https://github.com/run-rasztabiga-me/poc1-fastapi-legacy.git
INFO:src.generator.core.generator:Starting configuration generation for repository: https://github.com/run-rasztabiga-me/poc1-fastapi-legacy.git
INFO:src.generator.core.generator:Run ID: b85cdf21-3d7f-4086-b9b7-4929f2efd989, Workspace: tmp/poc1-fastapi-legacy-b85cdf21-3d7f-4086-b9b7-4929f2efd989
INFO:src.generator.agents.config_agent:Starting configuration generation for: https://github.com/run-rasztabiga-me/poc1-fastapi-legacy.git
INFO:src.generator.agents.config_agent:Using prompt version: default
INFO:src.generator.tools.repository_tools:🔧 Tool called: clone_repo(repo_url=https://github.com/run-rasztabiga-me/poc1-fastapi-legacy.git)
INFO:src.generator.core.workspace:Cloning https://github.com/run-rasztabiga-me/poc1-fastapi-legacy.git to /Users/rasztabigab/Studia/run/tmp/poc1-fastapi-legacy-b85cdf21-3d7f-4086-b9b7-4929f2efd989
INFO:src.generator.tools.repository_tools:🔧 Tool called: prepare_repo_tree()
INFO:src.generator.tools.repository_tools:🔧 Tool called: ls(dir_path=)
INFO:src.generator.tools.repository_tools:🔧 Tool called: ls(dir_path=app)
INFO:src.generator.tools.repository_tools:🔧 Tool called: get_file_content(file_path=app/main.py)
INFO:src.generator.tools.repository_tools:🔧 Tool called: get_file_content(file_path=requirements.txt)
INFO:src.generator.tools.repository_tools:🔧 Tool called: get_file_content(file_path=.env.example)
INFO:src.generator.tools.repository_tools:🧠 Agent reflection (3467 chars)
INFO:src.generator.tools.repository_tools:🔧 Tool called: write_file(file_path=Dockerfile, content_length=475)
INFO:src.generator.tools.repository_tools:🔧 Tool called: write_file(file_path=.dockerignore, content_length=88)
INFO:src.generator.tools.repository_tools:🔧 Tool called: write_file(file_path=k8s/deployment.yaml, content_length=1009)
INFO:src.generator.tools.repository_tools:🔧 Tool called: write_file(file_path=k8s/service.yaml, content_length=238)
INFO:src.generator.tools.repository_tools:🔧 Tool called: write_file(file_path=k8s/ingress.yaml, content_length=432)
INFO:src.generator.tools.repository_tools:🔧 Tool called: search_files(pattern=REDIS_URL, file_pattern=None, case_sensitive=False)
INFO:src.generator.tools.repository_tools:🔧 Tool called: get_file_content(file_path=docs/legacy_migration.md)
INFO:src.generator.tools.repository_tools:🔧 Tool called: patch_file(file_path=k8s/deployment.yaml, patch_length=2323)
INFO:src.generator.tools.repository_tools:🔧 Tool called: get_file_content(file_path=k8s/deployment.yaml)
INFO:src.generator.tools.repository_tools:🔧 Tool called: write_file(file_path=k8s/redis-statefulset.yaml, content_length=1134)
INFO:src.generator.tools.repository_tools:🔧 Tool called: write_file(file_path=k8s/redis-secret.yaml, content_length=131)
INFO:src.generator.tools.repository_tools:🔧 Tool called: write_file(file_path=k8s/redis-configmap.yaml, content_length=132)
INFO:src.generator.tools.repository_tools:🔧 Tool called: get_file_content(file_path=docs/legacy_migration.md)
INFO:src.generator.tools.repository_tools:🧠 Agent reflection (745 chars)
INFO:src.generator.tools.repository_tools:🔧 Tool called: write_file(file_path=k8s/deployment.yaml, content_length=1636)
INFO:src.generator.tools.repository_tools:🔧 Tool called: ls(dir_path=k8s)
INFO:src.generator.tools.repository_tools:🔧 Tool called: find_files(pattern=Dockerfile, max_results=20)
INFO:src.generator.tools.repository_tools:🔧 Tool called: find_files(pattern=app/main.py, max_results=20)
INFO:src.generator.tools.repository_tools:🔧 Tool called: get_file_content(file_path=app/__init__.py)
INFO:src.generator.tools.repository_tools:🔧 Tool called: search_files(pattern=@app.get, file_pattern=None, case_sensitive=True)
INFO:src.generator.tools.repository_tools:🧠 Agent reflection (729 chars)
INFO:src.generator.tools.repository_tools:🔧 Tool called: patch_file(file_path=k8s/redis-statefulset.yaml, patch_length=230)
INFO:src.generator.tools.repository_tools:🔧 Tool called: get_file_content(file_path=k8s/redis-statefulset.yaml)
INFO:src.generator.tools.repository_tools:🔧 Tool called: write_file(file_path=k8s/redis-statefulset.yaml, content_length=1138)
INFO:src.generator.tools.repository_tools:🔧 Tool called: find_files(pattern=k8s/*.yaml, max_results=50)
INFO:src.generator.tools.repository_tools:🔧 Tool called: ls(dir_path=)
INFO:src.generator.tools.repository_tools:🔧 Tool called: ls(dir_path=k8s)
INFO:src.generator.tools.repository_tools:🔧 Tool called: get_file_content(file_path=k8s/redis-secret.yaml)
INFO:src.generator.tools.repository_tools:🔧 Tool called: get_file_content(file_path=k8s/redis-configmap.yaml)
INFO:src.generator.tools.repository_tools:🔧 Tool called: get_file_content(file_path=k8s/ingress.yaml)
INFO:src.generator.tools.repository_tools:🔧 Tool called: get_file_content(file_path=k8s/service.yaml)
INFO:src.generator.tools.repository_tools:🔧 Tool called: get_file_content(file_path=k8s/deployment.yaml)
INFO:src.generator.tools.repository_tools:🔧 Tool called: find_files(pattern=README*, max_results=20)
INFO:src.generator.tools.repository_tools:🔧 Tool called: search_files(pattern=PORT, file_pattern=None, case_sensitive=False)
INFO:src.generator.tools.repository_tools:🧠 Agent reflection (573 chars)
INFO:src.evaluator.core.integration:Fetching metrics from LangSmith for run_id: b85cdf21-3d7f-4086-b9b7-4929f2efd989
INFO:src.evaluator.metrics.langsmith_collector:Run b85cdf21-3d7f-4086-b9b7-4929f2efd989 is still pending, retrying in 5 seconds... (attempt 1/5)
INFO:src.evaluator.metrics.langsmith_collector:Fetched metrics from LangSmith: 43 tool calls, 304529 tokens
INFO:src.evaluator.core.integration:Using structured output from ConfigurationOutput
INFO:src.evaluator.core.integration:Generated 1 Dockerfiles and 6 K8s manifests
INFO:src.evaluator.validators.config_validator:Building Docker image: poc1-fastapi-legacy from Dockerfile
INFO:src.evaluator.validators.config_validator:Full image name with run-scoped tag: 192.168.1.39:32000/poc1-fastapi-legacy-poc1-fastapi-legacy:b85cdf21-3d7f-4086-b9b7-4929f2efd989
INFO:src.evaluator.validators.config_validator:Building Docker image 192.168.1.39:32000/poc1-fastapi-legacy-poc1-fastapi-legacy:b85cdf21-3d7f-4086-b9b7-4929f2efd989 with buildx
ERROR:src.evaluator.validators.config_validator:Docker buildx failed for 192.168.1.39:32000/poc1-fastapi-legacy-poc1-fastapi-legacy:b85cdf21-3d7f-4086-b9b7-4929f2efd989: #0 building with "desktop-linux" instance using docker driver

#1 [internal] load build definition from Dockerfile
#1 transferring dockerfile: 514B done
#1 DONE 0.0s

#2 [internal] load metadata for docker.io/library/python:3.11-slim
#2 DONE 0.3s

#3 [internal] load .dockerignore
#3 transferring context: 128B done
#3 DONE 0.0s

#4 [internal] load build context
#4 transferring context: 959B done
#4 DONE 0.0s

#5 [2/7] WORKDIR /app
#5 CACHED

#6 [4/7] COPY requirements.txt ./
#6 CACHED

#7 [5/7] RUN pip install --no-cache-dir -r requirements.txt
#7 CACHED

#8 [6/7] COPY app/ ./app/
#8 CACHED

#9 [3/7] RUN apt-get update     && apt-get install -y --no-install-recommends build-essential gcc     && rm -rf /var/lib/apt/lists/*
#9 CACHED

#10 [7/7] COPY .env.example ./
#10 ERROR: failed to calculate checksum of ref aoc71r0d6gc5t0hgg5mdxyozw::jbou84u3r3t8prcahkgrjhy73: "/.env.example": not found

#11 [1/7] FROM docker.io/library/python:3.11-slim@sha256:6d98ca198cea726f2c86da2699594339a7b7ff08e49728797b4ed6e3b5c3b62a
#11 resolve docker.io/library/python:3.11-slim@sha256:6d98ca198cea726f2c86da2699594339a7b7ff08e49728797b4ed6e3b5c3b62a 0.0s done
#11 CANCELED
------
 > [7/7] COPY .env.example ./:
------

 [33m1 warning found (use docker --debug to expand):
[0m - CopyIgnoredFile: Attempting to Copy file ".env.example" that is excluded by .dockerignore (line 17)
Dockerfile:17
--------------------
  15 |     # copy application code
  16 |     COPY app/ ./app/
  17 | >>> COPY .env.example ./
  18 |     
  19 |     EXPOSE 8080
--------------------
ERROR: failed to build: failed to solve: failed to compute cache key: failed to calculate checksum of ref aoc71r0d6gc5t0hgg5mdxyozw::jbou84u3r3t8prcahkgrjhy73: "/.env.example": not found

View build details: docker-desktop://dashboard/build/desktop-linux/desktop-linux/6ja6pb0d77z7tqvfxteagw9f6
INFO:src.evaluator.core.evaluator:Evaluation completed for https://github.com/run-rasztabiga-me/poc1-fastapi-legacy.git
INFO:src.evaluator.reports.reporter:Report saved to evaluation_reports/experiments/h5/20260318_223200/openai_gpt5_mini/default/poc1-fastapi-legacy/h5__gpt-5-mini__default__poc1-fastapi-legacy__run10_20260319_010649_de436aa1.json
INFO:src.evaluator.experiments.runner:Completed h5 | repo=poc1-fastapi-legacy model=openai_gpt5_mini prompt=default repetition=run10 -> evaluation_reports/experiments/h5/20260318_223200/openai_gpt5_mini/default/poc1-fastapi-legacy/h5__gpt-5-mini__default__poc1-fastapi-legacy__run10_20260319_010649_de436aa1.json
INFO:src.evaluator.experiments.runner:Running cleanup after run: experiment=h5 repo=poc1-fastapi-legacy model=openai_gpt5_mini prompt=default repetition=run10
INFO:src.tools.cluster_cleanup:Skipping protected namespace: container-registry
INFO:src.tools.cluster_cleanup:Skipping protected namespace: default
INFO:src.tools.cluster_cleanup:Skipping protected namespace: ingress
INFO:src.tools.cluster_cleanup:Skipping protected namespace: kube-node-lease
INFO:src.tools.cluster_cleanup:Skipping protected namespace: kube-public
INFO:src.tools.cluster_cleanup:Skipping protected namespace: kube-system
INFO:src.tools.cluster_cleanup:No /etc/hosts entries required cleanup.
INFO:src.tools.cluster_cleanup:Running Docker system prune to remove unused resources (preserving base images)...
INFO:src.tools.cluster_cleanup:Docker system prune completed successfully.
INFO:src.evaluator.experiments.runner:Cluster cleanup completed successfully for 'h5'.
INFO:src.evaluator.experiments.runner:Preparing run: repo=poc1-fastapi-legacy model=deepseek_v3_2 prompt=default repetition=run1
INFO:src.evaluator.core.evaluator:Starting evaluation for https://github.com/run-rasztabiga-me/poc1-fastapi-legacy.git (ID: 137fcbe3-bcf6-4a09-8052-a6128f06a138)
INFO:src.evaluator.core.integration:Starting real generation for https://github.com/run-rasztabiga-me/poc1-fastapi-legacy.git
INFO:src.generator.core.generator:Starting configuration generation for repository: https://github.com/run-rasztabiga-me/poc1-fastapi-legacy.git
INFO:src.generator.core.generator:Run ID: 77f33bdb-6d2c-4f8b-b290-2a04facf403b, Workspace: tmp/poc1-fastapi-legacy-77f33bdb-6d2c-4f8b-b290-2a04facf403b
INFO:src.generator.agents.config_agent:Starting configuration generation for: https://github.com/run-rasztabiga-me/poc1-fastapi-legacy.git
INFO:src.generator.agents.config_agent:Using prompt version: default
INFO:src.generator.tools.repository_tools:🔧 Tool called: clone_repo(repo_url=https://github.com/run-rasztabiga-me/poc1-fastapi-legacy.git)
INFO:src.generator.core.workspace:Cloning https://github.com/run-rasztabiga-me/poc1-fastapi-legacy.git to /Users/rasztabigab/Studia/run/tmp/poc1-fastapi-legacy-77f33bdb-6d2c-4f8b-b290-2a04facf403b
INFO:src.generator.tools.repository_tools:🔧 Tool called: prepare_repo_tree()
INFO:src.generator.tools.repository_tools:🔧 Tool called: ls(dir_path=.)
INFO:src.generator.tools.repository_tools:🔧 Tool called: get_file_content(file_path=requirements.txt)
INFO:src.generator.tools.repository_tools:🔧 Tool called: get_file_content(file_path=app/main.py)
INFO:src.generator.tools.repository_tools:🔧 Tool called: get_file_content(file_path=.env.example)
INFO:src.generator.tools.repository_tools:🔧 Tool called: search_files(pattern=redis, file_pattern=None, case_sensitive=False)
INFO:src.generator.tools.repository_tools:🔧 Tool called: get_file_content(file_path=docs/legacy_migration.md)
INFO:src.generator.tools.repository_tools:🧠 Agent reflection (1334 chars)
INFO:src.generator.tools.repository_tools:🔧 Tool called: search_files(pattern=health, file_pattern=None, case_sensitive=False)
INFO:src.generator.tools.repository_tools:🔧 Tool called: search_files(pattern=ready, file_pattern=None, case_sensitive=False)
INFO:src.generator.tools.repository_tools:🔧 Tool called: search_files(pattern=live, file_pattern=None, case_sensitive=False)
INFO:src.generator.tools.repository_tools:🧠 Agent reflection (476 chars)
INFO:src.generator.tools.repository_tools:🔧 Tool called: find_files(pattern=Dockerfile*, max_results=50)
INFO:src.generator.tools.repository_tools:🔧 Tool called: find_files(pattern=docker-compose*, max_results=50)
INFO:src.generator.tools.repository_tools:🔧 Tool called: find_files(pattern=*.yaml, max_results=50)
INFO:src.generator.tools.repository_tools:🔧 Tool called: find_files(pattern=*.yml, max_results=50)
INFO:src.generator.tools.repository_tools:🔧 Tool called: ls(dir_path=app)
INFO:src.generator.tools.repository_tools:🧠 Agent reflection (218 chars)
INFO:src.generator.tools.repository_tools:🔧 Tool called: patch_file(file_path=app/main.py, patch_length=408)
INFO:src.generator.tools.repository_tools:🔧 Tool called: get_file_content(file_path=app/main.py)
INFO:src.generator.tools.repository_tools:🔧 Tool called: write_file(file_path=app/main.py, content_length=356)
INFO:src.generator.tools.repository_tools:🧠 Agent reflection (319 chars)
INFO:src.generator.tools.repository_tools:🔧 Tool called: write_file(file_path=Dockerfile, content_length=468)
INFO:src.generator.tools.repository_tools:🧠 Agent reflection (452 chars)
INFO:src.generator.tools.repository_tools:🔧 Tool called: write_file(file_path=k8s/redis-secret.yaml, content_length=215)
INFO:src.generator.tools.repository_tools:🔧 Tool called: write_file(file_path=k8s/redis-pvc.yaml, content_length=252)
INFO:src.generator.tools.repository_tools:🔧 Tool called: write_file(file_path=k8s/redis-statefulset.yaml, content_length=1247)
INFO:src.generator.tools.repository_tools:🔧 Tool called: write_file(file_path=k8s/redis-service.yaml, content_length=295)
INFO:src.generator.tools.repository_tools:🔧 Tool called: write_file(file_path=k8s/fastapi-configmap.yaml, content_length=206)
INFO:src.generator.tools.repository_tools:🔧 Tool called: write_file(file_path=k8s/fastapi-deployment.yaml, content_length=1511)
INFO:src.generator.tools.repository_tools:🔧 Tool called: write_file(file_path=k8s/fastapi-service.yaml, content_length=262)
INFO:src.generator.tools.repository_tools:🔧 Tool called: write_file(file_path=k8s/ingress.yaml, content_length=370)
INFO:src.generator.tools.repository_tools:🧠 Agent reflection (140 chars)
INFO:src.generator.tools.repository_tools:🔧 Tool called: ls(dir_path=k8s)
INFO:src.generator.tools.repository_tools:🧠 Agent reflection (959 chars)
INFO:src.evaluator.core.integration:Fetching metrics from LangSmith for run_id: 77f33bdb-6d2c-4f8b-b290-2a04facf403b
INFO:src.evaluator.metrics.langsmith_collector:Run 77f33bdb-6d2c-4f8b-b290-2a04facf403b is still pending, retrying in 5 seconds... (attempt 1/5)
INFO:src.evaluator.metrics.langsmith_collector:Fetched metrics from LangSmith: 36 tool calls, 234406 tokens
INFO:src.evaluator.core.integration:Using structured output from ConfigurationOutput
INFO:src.evaluator.core.integration:Generated 1 Dockerfiles and 8 K8s manifests
INFO:src.evaluator.validators.config_validator:Building Docker image: fastapi-app from Dockerfile
INFO:src.evaluator.validators.config_validator:Full image name with run-scoped tag: 192.168.1.39:32000/poc1-fastapi-legacy-fastapi-app:77f33bdb-6d2c-4f8b-b290-2a04facf403b
INFO:src.evaluator.validators.config_validator:Building Docker image 192.168.1.39:32000/poc1-fastapi-legacy-fastapi-app:77f33bdb-6d2c-4f8b-b290-2a04facf403b with buildx
INFO:src.evaluator.validators.config_validator:Build completed successfully for 192.168.1.39:32000/poc1-fastapi-legacy-fastapi-app:77f33bdb-6d2c-4f8b-b290-2a04facf403b
INFO:src.evaluator.validators.config_validator:Successfully pushed image to registry: 192.168.1.39:32000/poc1-fastapi-legacy-fastapi-app:77f33bdb-6d2c-4f8b-b290-2a04facf403b
INFO:src.evaluator.validators.config_validator:Verifying image in registry: 192.168.1.39:32000/poc1-fastapi-legacy-fastapi-app:77f33bdb-6d2c-4f8b-b290-2a04facf403b
INFO:src.evaluator.validators.config_validator:Successfully verified image in registry: 192.168.1.39:32000/poc1-fastapi-legacy-fastapi-app:77f33bdb-6d2c-4f8b-b290-2a04facf403b
INFO:src.evaluator.validators.config_validator:Image metrics: 133.18 MB, 10 layers, built in 0.8s
INFO:src.evaluator.core.evaluator:Evaluation completed for https://github.com/run-rasztabiga-me/poc1-fastapi-legacy.git
INFO:src.evaluator.reports.reporter:Report saved to evaluation_reports/experiments/h5/20260318_223200/deepseek_v3_2/default/poc1-fastapi-legacy/h5__deepseek-chat__default__poc1-fastapi-legacy__run1_20260319_010945_137fcbe3.json
INFO:src.evaluator.experiments.runner:Completed h5 | repo=poc1-fastapi-legacy model=deepseek_v3_2 prompt=default repetition=run1 -> evaluation_reports/experiments/h5/20260318_223200/deepseek_v3_2/default/poc1-fastapi-legacy/h5__deepseek-chat__default__poc1-fastapi-legacy__run1_20260319_010945_137fcbe3.json
INFO:src.evaluator.experiments.runner:Running cleanup after run: experiment=h5 repo=poc1-fastapi-legacy model=deepseek_v3_2 prompt=default repetition=run1
INFO:src.tools.cluster_cleanup:Skipping protected namespace: container-registry
INFO:src.tools.cluster_cleanup:Skipping protected namespace: default
INFO:src.tools.cluster_cleanup:Skipping protected namespace: ingress
INFO:src.tools.cluster_cleanup:Skipping protected namespace: kube-node-lease
INFO:src.tools.cluster_cleanup:Skipping protected namespace: kube-public
INFO:src.tools.cluster_cleanup:Skipping protected namespace: kube-system
INFO:src.tools.cluster_cleanup:No /etc/hosts entries required cleanup.
INFO:src.tools.cluster_cleanup:Running Docker system prune to remove unused resources (preserving base images)...
INFO:src.tools.cluster_cleanup:Docker system prune completed successfully.
INFO:src.evaluator.experiments.runner:Cluster cleanup completed successfully for 'h5'.
INFO:src.evaluator.experiments.runner:Preparing run: repo=poc1-fastapi-legacy model=deepseek_v3_2 prompt=default repetition=run2
INFO:src.evaluator.core.evaluator:Starting evaluation for https://github.com/run-rasztabiga-me/poc1-fastapi-legacy.git (ID: 1a84fa4e-ae09-4502-897a-5c5e3ae43ae2)
INFO:src.evaluator.core.integration:Starting real generation for https://github.com/run-rasztabiga-me/poc1-fastapi-legacy.git
INFO:src.generator.core.generator:Starting configuration generation for repository: https://github.com/run-rasztabiga-me/poc1-fastapi-legacy.git
INFO:src.generator.core.generator:Run ID: 974eeea1-bd52-4c20-b538-c143f0bec736, Workspace: tmp/poc1-fastapi-legacy-974eeea1-bd52-4c20-b538-c143f0bec736
INFO:src.generator.agents.config_agent:Starting configuration generation for: https://github.com/run-rasztabiga-me/poc1-fastapi-legacy.git
INFO:src.generator.agents.config_agent:Using prompt version: default
INFO:src.generator.tools.repository_tools:🔧 Tool called: clone_repo(repo_url=https://github.com/run-rasztabiga-me/poc1-fastapi-legacy.git)
INFO:src.generator.core.workspace:Cloning https://github.com/run-rasztabiga-me/poc1-fastapi-legacy.git to /Users/rasztabigab/Studia/run/tmp/poc1-fastapi-legacy-974eeea1-bd52-4c20-b538-c143f0bec736
INFO:src.generator.tools.repository_tools:🔧 Tool called: prepare_repo_tree()
INFO:src.generator.tools.repository_tools:🔧 Tool called: ls(dir_path=.)
INFO:src.generator.tools.repository_tools:🔧 Tool called: get_file_content(file_path=app/main.py)
INFO:src.generator.tools.repository_tools:🔧 Tool called: get_file_content(file_path=requirements.txt)
INFO:src.generator.tools.repository_tools:🔧 Tool called: get_file_content(file_path=.env.example)
INFO:src.generator.tools.repository_tools:🔧 Tool called: search_files(pattern=redis, file_pattern=None, case_sensitive=False)
INFO:src.generator.tools.repository_tools:🔧 Tool called: get_file_content(file_path=docs/legacy_migration.md)
INFO:src.generator.tools.repository_tools:🧠 Agent reflection (1085 chars)
INFO:src.generator.tools.repository_tools:🔧 Tool called: search_files(pattern=health, file_pattern=None, case_sensitive=False)
INFO:src.generator.tools.repository_tools:🔧 Tool called: search_files(pattern=ready, file_pattern=None, case_sensitive=False)
INFO:src.generator.tools.repository_tools:🔧 Tool called: search_files(pattern=live, file_pattern=None, case_sensitive=False)
INFO:src.generator.tools.repository_tools:🧠 Agent reflection (552 chars)
INFO:src.generator.tools.repository_tools:🔧 Tool called: find_files(pattern=*.py, max_results=50)
INFO:src.generator.tools.repository_tools:🔧 Tool called: find_files(pattern=*.yaml, max_results=50)
INFO:src.generator.tools.repository_tools:🔧 Tool called: find_files(pattern=*.yml, max_results=50)
INFO:src.generator.tools.repository_tools:🔧 Tool called: find_files(pattern=Dockerfile*, max_results=50)
INFO:src.generator.tools.repository_tools:🧠 Agent reflection (114 chars)
INFO:src.generator.tools.repository_tools:🔧 Tool called: write_file(file_path=Dockerfile, content_length=430)
INFO:src.generator.tools.repository_tools:🧠 Agent reflection (370 chars)
INFO:src.generator.tools.repository_tools:🔧 Tool called: base64_encode(content_length=14)
INFO:src.generator.tools.repository_tools:🔧 Tool called: write_file(file_path=k8s/redis-secret.yaml, content_length=137)
INFO:src.generator.tools.repository_tools:🔧 Tool called: write_file(file_path=k8s/redis-statefulset.yaml, content_length=1325)
INFO:src.generator.tools.repository_tools:🔧 Tool called: write_file(file_path=k8s/redis-service.yaml, content_length=185)
INFO:src.generator.tools.repository_tools:🔧 Tool called: write_file(file_path=k8s/fastapi-deployment.yaml, content_length=1244)
INFO:src.generator.tools.repository_tools:🔧 Tool called: write_file(file_path=k8s/fastapi-service.yaml, content_length=198)
INFO:src.generator.tools.repository_tools:🔧 Tool called: write_file(file_path=k8s/ingress.yaml, content_length=337)
INFO:src.generator.tools.repository_tools:🧠 Agent reflection (127 chars)
INFO:src.generator.tools.repository_tools:🔧 Tool called: ls(dir_path=k8s)
INFO:src.generator.tools.repository_tools:🧠 Agent reflection (1373 chars)
INFO:src.generator.tools.repository_tools:🔧 Tool called: search_files(pattern=redis, file_pattern=*.py, case_sensitive=False)
INFO:src.generator.tools.repository_tools:🧠 Agent reflection (648 chars)
INFO:src.generator.tools.repository_tools:🔧 Tool called: patch_file(file_path=k8s/fastapi-deployment.yaml, patch_length=308)
INFO:src.generator.tools.repository_tools:🔧 Tool called: get_file_content(file_path=k8s/fastapi-deployment.yaml)
INFO:src.generator.tools.repository_tools:🧠 Agent reflection (1230 chars)
INFO:src.generator.tools.repository_tools:🔧 Tool called: patch_file(file_path=k8s/redis-statefulset.yaml, patch_length=552)
INFO:src.generator.tools.repository_tools:🧠 Agent reflection (224 chars)
INFO:src.generator.tools.repository_tools:🔧 Tool called: patch_file(file_path=k8s/fastapi-deployment.yaml, patch_length=366)
INFO:src.generator.tools.repository_tools:🔧 Tool called: write_file(file_path=k8s/fastapi-deployment.yaml, content_length=1099)
INFO:src.generator.tools.repository_tools:🧠 Agent reflection (411 chars)
INFO:src.generator.tools.repository_tools:🔧 Tool called: get_file_content(file_path=k8s/redis-statefulset.yaml)
INFO:src.generator.tools.repository_tools:🧠 Agent reflection (2028 chars)
INFO:src.generator.tools.repository_tools:🔧 Tool called: search_files(pattern=import, file_pattern=*.py, case_sensitive=False)
INFO:src.generator.tools.repository_tools:🧠 Agent reflection (954 chars)
INFO:src.evaluator.core.integration:Fetching metrics from LangSmith for run_id: 974eeea1-bd52-4c20-b538-c143f0bec736
INFO:src.evaluator.metrics.langsmith_collector:Run 974eeea1-bd52-4c20-b538-c143f0bec736 is still pending, retrying in 5 seconds... (attempt 1/5)
INFO:src.evaluator.metrics.langsmith_collector:Fetched metrics from LangSmith: 44 tool calls, 326615 tokens
INFO:src.evaluator.core.integration:Using structured output from ConfigurationOutput
INFO:src.evaluator.core.integration:Generated 1 Dockerfiles and 6 K8s manifests
INFO:src.evaluator.validators.config_validator:Building Docker image: fastapi-app from Dockerfile
INFO:src.evaluator.validators.config_validator:Full image name with run-scoped tag: 192.168.1.39:32000/poc1-fastapi-legacy-fastapi-app:974eeea1-bd52-4c20-b538-c143f0bec736
INFO:src.evaluator.validators.config_validator:Building Docker image 192.168.1.39:32000/poc1-fastapi-legacy-fastapi-app:974eeea1-bd52-4c20-b538-c143f0bec736 with buildx
INFO:src.evaluator.validators.config_validator:Build completed successfully for 192.168.1.39:32000/poc1-fastapi-legacy-fastapi-app:974eeea1-bd52-4c20-b538-c143f0bec736
INFO:src.evaluator.validators.config_validator:Successfully pushed image to registry: 192.168.1.39:32000/poc1-fastapi-legacy-fastapi-app:974eeea1-bd52-4c20-b538-c143f0bec736
INFO:src.evaluator.validators.config_validator:Verifying image in registry: 192.168.1.39:32000/poc1-fastapi-legacy-fastapi-app:974eeea1-bd52-4c20-b538-c143f0bec736
INFO:src.evaluator.validators.config_validator:Successfully verified image in registry: 192.168.1.39:32000/poc1-fastapi-legacy-fastapi-app:974eeea1-bd52-4c20-b538-c143f0bec736
INFO:src.evaluator.validators.config_validator:Image metrics: 133.18 MB, 9 layers, built in 0.8s
INFO:src.evaluator.core.evaluator:Evaluation completed for https://github.com/run-rasztabiga-me/poc1-fastapi-legacy.git
INFO:src.evaluator.reports.reporter:Report saved to evaluation_reports/experiments/h5/20260318_223200/deepseek_v3_2/default/poc1-fastapi-legacy/h5__deepseek-chat__default__poc1-fastapi-legacy__run2_20260319_011325_1a84fa4e.json
INFO:src.evaluator.experiments.runner:Completed h5 | repo=poc1-fastapi-legacy model=deepseek_v3_2 prompt=default repetition=run2 -> evaluation_reports/experiments/h5/20260318_223200/deepseek_v3_2/default/poc1-fastapi-legacy/h5__deepseek-chat__default__poc1-fastapi-legacy__run2_20260319_011325_1a84fa4e.json
INFO:src.evaluator.experiments.runner:Running cleanup after run: experiment=h5 repo=poc1-fastapi-legacy model=deepseek_v3_2 prompt=default repetition=run2
INFO:src.tools.cluster_cleanup:Skipping protected namespace: container-registry
INFO:src.tools.cluster_cleanup:Skipping protected namespace: default
INFO:src.tools.cluster_cleanup:Skipping protected namespace: ingress
INFO:src.tools.cluster_cleanup:Skipping protected namespace: kube-node-lease
INFO:src.tools.cluster_cleanup:Skipping protected namespace: kube-public
INFO:src.tools.cluster_cleanup:Skipping protected namespace: kube-system
INFO:src.tools.cluster_cleanup:No /etc/hosts entries required cleanup.
INFO:src.tools.cluster_cleanup:Running Docker system prune to remove unused resources (preserving base images)...
INFO:src.tools.cluster_cleanup:Docker system prune completed successfully.
INFO:src.evaluator.experiments.runner:Cluster cleanup completed successfully for 'h5'.
INFO:src.evaluator.experiments.runner:Preparing run: repo=poc1-fastapi-legacy model=deepseek_v3_2 prompt=default repetition=run3
INFO:src.evaluator.core.evaluator:Starting evaluation for https://github.com/run-rasztabiga-me/poc1-fastapi-legacy.git (ID: 25502982-979d-4b5e-8af4-1bf467833975)
INFO:src.evaluator.core.integration:Starting real generation for https://github.com/run-rasztabiga-me/poc1-fastapi-legacy.git
INFO:src.generator.core.generator:Starting configuration generation for repository: https://github.com/run-rasztabiga-me/poc1-fastapi-legacy.git
INFO:src.generator.core.generator:Run ID: 701593a7-e42c-4dbd-915b-f18c9559beac, Workspace: tmp/poc1-fastapi-legacy-701593a7-e42c-4dbd-915b-f18c9559beac
INFO:src.generator.agents.config_agent:Starting configuration generation for: https://github.com/run-rasztabiga-me/poc1-fastapi-legacy.git
INFO:src.generator.agents.config_agent:Using prompt version: default
INFO:src.generator.tools.repository_tools:🔧 Tool called: clone_repo(repo_url=https://github.com/run-rasztabiga-me/poc1-fastapi-legacy.git)
INFO:src.generator.core.workspace:Cloning https://github.com/run-rasztabiga-me/poc1-fastapi-legacy.git to /Users/rasztabigab/Studia/run/tmp/poc1-fastapi-legacy-701593a7-e42c-4dbd-915b-f18c9559beac
INFO:src.generator.tools.repository_tools:🔧 Tool called: prepare_repo_tree()
INFO:src.generator.tools.repository_tools:🧠 Agent reflection (231 chars)
INFO:src.generator.tools.repository_tools:🔧 Tool called: get_file_content(file_path=app/main.py)
INFO:src.generator.tools.repository_tools:🔧 Tool called: get_file_content(file_path=requirements.txt)
INFO:src.generator.tools.repository_tools:🔧 Tool called: get_file_content(file_path=.env.example)
INFO:src.generator.tools.repository_tools:🔧 Tool called: ls(dir_path=.)
INFO:src.generator.tools.repository_tools:🔧 Tool called: ls(dir_path=app)
INFO:src.generator.tools.repository_tools:🔧 Tool called: ls(dir_path=docs)
INFO:src.generator.tools.repository_tools:🔧 Tool called: search_files(pattern=redis, file_pattern=None, case_sensitive=False)
INFO:src.generator.tools.repository_tools:🔧 Tool called: search_files(pattern=database|postgres|mysql|mongodb, file_pattern=None, case_sensitive=False)
INFO:src.generator.tools.repository_tools:🔧 Tool called: search_files(pattern=health, file_pattern=None, case_sensitive=False)
INFO:src.generator.tools.repository_tools:🧠 Agent reflection (1201 chars)
INFO:src.generator.tools.repository_tools:🔧 Tool called: find_files(pattern=*.py, max_results=50)
INFO:src.generator.tools.repository_tools:🔧 Tool called: find_files(pattern=*.yaml, max_results=50)
INFO:src.generator.tools.repository_tools:🔧 Tool called: find_files(pattern=*.yml, max_results=50)
INFO:src.generator.tools.repository_tools:🧠 Agent reflection (257 chars)
INFO:src.generator.tools.repository_tools:🔧 Tool called: patch_file(file_path=app/main.py, patch_length=359)
INFO:src.generator.tools.repository_tools:🧠 Agent reflection (174 chars)
INFO:src.generator.tools.repository_tools:🔧 Tool called: write_file(file_path=Dockerfile, content_length=438)
INFO:src.generator.tools.repository_tools:🧠 Agent reflection (410 chars)
INFO:src.generator.tools.repository_tools:🔧 Tool called: write_file(file_path=k8s/redis-secret.yaml, content_length=169)
INFO:src.generator.tools.repository_tools:🔧 Tool called: write_file(file_path=k8s/redis-pvc.yaml, content_length=221)
INFO:src.generator.tools.repository_tools:🔧 Tool called: write_file(file_path=k8s/redis-statefulset.yaml, content_length=1184)
INFO:src.generator.tools.repository_tools:🔧 Tool called: write_file(file_path=k8s/redis-service.yaml, content_length=189)
INFO:src.generator.tools.repository_tools:🧠 Agent reflection (147 chars)
INFO:src.generator.tools.repository_tools:🔧 Tool called: write_file(file_path=k8s/fastapi-configmap.yaml, content_length=171)
INFO:src.generator.tools.repository_tools:🔧 Tool called: write_file(file_path=k8s/fastapi-deployment.yaml, content_length=1396)
INFO:src.generator.tools.repository_tools:🔧 Tool called: write_file(file_path=k8s/fastapi-service.yaml, content_length=174)
INFO:src.generator.tools.repository_tools:🔧 Tool called: write_file(file_path=k8s/ingress.yaml, content_length=335)
INFO:src.generator.tools.repository_tools:🧠 Agent reflection (140 chars)
INFO:src.generator.tools.repository_tools:🔧 Tool called: ls(dir_path=k8s)
INFO:src.generator.tools.repository_tools:🔧 Tool called: get_file_content(file_path=app/main.py)
INFO:src.generator.tools.repository_tools:🧠 Agent reflection (136 chars)
INFO:src.generator.tools.repository_tools:🔧 Tool called: write_file(file_path=app/main.py, content_length=291)
INFO:src.generator.tools.repository_tools:🧠 Agent reflection (199 chars)
INFO:src.generator.tools.repository_tools:🔧 Tool called: base64_decode(encoded_length=20)
INFO:src.generator.tools.repository_tools:🧠 Agent reflection (729 chars)
INFO:src.evaluator.core.integration:Fetching metrics from LangSmith for run_id: 701593a7-e42c-4dbd-915b-f18c9559beac
INFO:src.evaluator.metrics.langsmith_collector:Run 701593a7-e42c-4dbd-915b-f18c9559beac is still pending, retrying in 5 seconds... (attempt 1/5)
INFO:src.evaluator.metrics.langsmith_collector:Fetched metrics from LangSmith: 38 tool calls, 247527 tokens
INFO:src.evaluator.core.integration:Using structured output from ConfigurationOutput
INFO:src.evaluator.core.integration:Generated 1 Dockerfiles and 8 K8s manifests
INFO:src.evaluator.validators.config_validator:Building Docker image: fastapi from Dockerfile
INFO:src.evaluator.validators.config_validator:Full image name with run-scoped tag: 192.168.1.39:32000/poc1-fastapi-legacy-fastapi:701593a7-e42c-4dbd-915b-f18c9559beac
INFO:src.evaluator.validators.config_validator:Building Docker image 192.168.1.39:32000/poc1-fastapi-legacy-fastapi:701593a7-e42c-4dbd-915b-f18c9559beac with buildx
INFO:src.evaluator.validators.config_validator:Build completed successfully for 192.168.1.39:32000/poc1-fastapi-legacy-fastapi:701593a7-e42c-4dbd-915b-f18c9559beac
INFO:src.evaluator.validators.config_validator:Successfully pushed image to registry: 192.168.1.39:32000/poc1-fastapi-legacy-fastapi:701593a7-e42c-4dbd-915b-f18c9559beac
INFO:src.evaluator.validators.config_validator:Verifying image in registry: 192.168.1.39:32000/poc1-fastapi-legacy-fastapi:701593a7-e42c-4dbd-915b-f18c9559beac
INFO:src.evaluator.validators.config_validator:Successfully verified image in registry: 192.168.1.39:32000/poc1-fastapi-legacy-fastapi:701593a7-e42c-4dbd-915b-f18c9559beac
INFO:src.evaluator.validators.config_validator:Image metrics: 133.18 MB, 9 layers, built in 0.8s
INFO:src.evaluator.core.evaluator:Evaluation completed for https://github.com/run-rasztabiga-me/poc1-fastapi-legacy.git
INFO:src.evaluator.reports.reporter:Report saved to evaluation_reports/experiments/h5/20260318_223200/deepseek_v3_2/default/poc1-fastapi-legacy/h5__deepseek-chat__default__poc1-fastapi-legacy__run3_20260319_011611_25502982.json
INFO:src.evaluator.experiments.runner:Completed h5 | repo=poc1-fastapi-legacy model=deepseek_v3_2 prompt=default repetition=run3 -> evaluation_reports/experiments/h5/20260318_223200/deepseek_v3_2/default/poc1-fastapi-legacy/h5__deepseek-chat__default__poc1-fastapi-legacy__run3_20260319_011611_25502982.json
INFO:src.evaluator.experiments.runner:Running cleanup after run: experiment=h5 repo=poc1-fastapi-legacy model=deepseek_v3_2 prompt=default repetition=run3
INFO:src.tools.cluster_cleanup:Skipping protected namespace: container-registry
INFO:src.tools.cluster_cleanup:Skipping protected namespace: default
INFO:src.tools.cluster_cleanup:Skipping protected namespace: ingress
INFO:src.tools.cluster_cleanup:Skipping protected namespace: kube-node-lease
INFO:src.tools.cluster_cleanup:Skipping protected namespace: kube-public
INFO:src.tools.cluster_cleanup:Skipping protected namespace: kube-system
INFO:src.tools.cluster_cleanup:No /etc/hosts entries required cleanup.
INFO:src.tools.cluster_cleanup:Running Docker system prune to remove unused resources (preserving base images)...
INFO:src.tools.cluster_cleanup:Docker system prune completed successfully.
INFO:src.evaluator.experiments.runner:Cluster cleanup completed successfully for 'h5'.
INFO:src.evaluator.experiments.runner:Preparing run: repo=poc1-fastapi-legacy model=deepseek_v3_2 prompt=default repetition=run4
INFO:src.evaluator.core.evaluator:Starting evaluation for https://github.com/run-rasztabiga-me/poc1-fastapi-legacy.git (ID: 47287465-7d2d-461f-947d-99c6c27e502f)
INFO:src.evaluator.core.integration:Starting real generation for https://github.com/run-rasztabiga-me/poc1-fastapi-legacy.git
INFO:src.generator.core.generator:Starting configuration generation for repository: https://github.com/run-rasztabiga-me/poc1-fastapi-legacy.git
INFO:src.generator.core.generator:Run ID: 19d89cb9-7bf1-49e7-bb40-0265657e235d, Workspace: tmp/poc1-fastapi-legacy-19d89cb9-7bf1-49e7-bb40-0265657e235d
INFO:src.generator.agents.config_agent:Starting configuration generation for: https://github.com/run-rasztabiga-me/poc1-fastapi-legacy.git
INFO:src.generator.agents.config_agent:Using prompt version: default
INFO:src.generator.tools.repository_tools:🔧 Tool called: clone_repo(repo_url=https://github.com/run-rasztabiga-me/poc1-fastapi-legacy.git)
INFO:src.generator.core.workspace:Cloning https://github.com/run-rasztabiga-me/poc1-fastapi-legacy.git to /Users/rasztabigab/Studia/run/tmp/poc1-fastapi-legacy-19d89cb9-7bf1-49e7-bb40-0265657e235d
INFO:src.generator.tools.repository_tools:🔧 Tool called: prepare_repo_tree()
INFO:src.generator.tools.repository_tools:🔧 Tool called: ls(dir_path=.)
INFO:src.generator.tools.repository_tools:🔧 Tool called: get_file_content(file_path=requirements.txt)
INFO:src.generator.tools.repository_tools:🔧 Tool called: get_file_content(file_path=app/main.py)
INFO:src.generator.tools.repository_tools:🔧 Tool called: get_file_content(file_path=.env.example)
INFO:src.generator.tools.repository_tools:🔧 Tool called: search_files(pattern=redis, file_pattern=None, case_sensitive=False)
INFO:src.generator.tools.repository_tools:🔧 Tool called: search_files(pattern=database|postgres|mysql|mongodb, file_pattern=None, case_sensitive=False)
INFO:src.generator.tools.repository_tools:🔧 Tool called: search_files(pattern=health, file_pattern=None, case_sensitive=False)
INFO:src.generator.tools.repository_tools:🧠 Agent reflection (1266 chars)
INFO:src.generator.tools.repository_tools:🔧 Tool called: ls(dir_path=app)
INFO:src.generator.tools.repository_tools:🔧 Tool called: get_file_content(file_path=docs/legacy_migration.md)
INFO:src.generator.tools.repository_tools:🔧 Tool called: find_files(pattern=*.py, max_results=50)
INFO:src.generator.tools.repository_tools:🧠 Agent reflection (1071 chars)
INFO:src.generator.tools.repository_tools:🔧 Tool called: write_file(file_path=Dockerfile, content_length=438)
INFO:src.generator.tools.repository_tools:🔧 Tool called: write_file(file_path=k8s/redis-secret.yaml, content_length=169)
INFO:src.generator.tools.repository_tools:🔧 Tool called: write_file(file_path=k8s/redis-pvc.yaml, content_length=225)
INFO:src.generator.tools.repository_tools:🔧 Tool called: write_file(file_path=k8s/redis-statefulset.yaml, content_length=1223)
INFO:src.generator.tools.repository_tools:🔧 Tool called: write_file(file_path=k8s/redis-service.yaml, content_length=189)
INFO:src.generator.tools.repository_tools:🔧 Tool called: write_file(file_path=k8s/fastapi-deployment.yaml, content_length=1107)
INFO:src.generator.tools.repository_tools:🔧 Tool called: write_file(file_path=k8s/fastapi-service.yaml, content_length=204)
INFO:src.generator.tools.repository_tools:🔧 Tool called: write_file(file_path=k8s/ingress.yaml, content_length=377)
INFO:src.generator.tools.repository_tools:🧠 Agent reflection (127 chars)
INFO:src.generator.tools.repository_tools:🔧 Tool called: ls(dir_path=k8s)
INFO:src.generator.tools.repository_tools:🧠 Agent reflection (656 chars)
INFO:src.generator.tools.repository_tools:🔧 Tool called: base64_decode(encoded_length=20)
INFO:src.generator.tools.repository_tools:🧠 Agent reflection (909 chars)
INFO:src.evaluator.core.integration:Fetching metrics from LangSmith for run_id: 19d89cb9-7bf1-49e7-bb40-0265657e235d
INFO:src.evaluator.metrics.langsmith_collector:Run 19d89cb9-7bf1-49e7-bb40-0265657e235d is still pending, retrying in 5 seconds... (attempt 1/5)
INFO:src.evaluator.metrics.langsmith_collector:Fetched metrics from LangSmith: 27 tool calls, 164699 tokens
INFO:src.evaluator.core.integration:Using structured output from ConfigurationOutput
INFO:src.evaluator.core.integration:Generated 1 Dockerfiles and 7 K8s manifests
INFO:src.evaluator.validators.config_validator:Building Docker image: fastapi-app from Dockerfile
INFO:src.evaluator.validators.config_validator:Full image name with run-scoped tag: 192.168.1.39:32000/poc1-fastapi-legacy-fastapi-app:19d89cb9-7bf1-49e7-bb40-0265657e235d
INFO:src.evaluator.validators.config_validator:Building Docker image 192.168.1.39:32000/poc1-fastapi-legacy-fastapi-app:19d89cb9-7bf1-49e7-bb40-0265657e235d with buildx
INFO:src.evaluator.validators.config_validator:Build completed successfully for 192.168.1.39:32000/poc1-fastapi-legacy-fastapi-app:19d89cb9-7bf1-49e7-bb40-0265657e235d
INFO:src.evaluator.validators.config_validator:Successfully pushed image to registry: 192.168.1.39:32000/poc1-fastapi-legacy-fastapi-app:19d89cb9-7bf1-49e7-bb40-0265657e235d
INFO:src.evaluator.validators.config_validator:Verifying image in registry: 192.168.1.39:32000/poc1-fastapi-legacy-fastapi-app:19d89cb9-7bf1-49e7-bb40-0265657e235d
INFO:src.evaluator.validators.config_validator:Successfully verified image in registry: 192.168.1.39:32000/poc1-fastapi-legacy-fastapi-app:19d89cb9-7bf1-49e7-bb40-0265657e235d
INFO:src.evaluator.validators.config_validator:Image metrics: 133.18 MB, 9 layers, built in 0.8s
INFO:src.evaluator.core.evaluator:Evaluation completed for https://github.com/run-rasztabiga-me/poc1-fastapi-legacy.git
INFO:src.evaluator.reports.reporter:Report saved to evaluation_reports/experiments/h5/20260318_223200/deepseek_v3_2/default/poc1-fastapi-legacy/h5__deepseek-chat__default__poc1-fastapi-legacy__run4_20260319_011816_47287465.json
INFO:src.evaluator.experiments.runner:Completed h5 | repo=poc1-fastapi-legacy model=deepseek_v3_2 prompt=default repetition=run4 -> evaluation_reports/experiments/h5/20260318_223200/deepseek_v3_2/default/poc1-fastapi-legacy/h5__deepseek-chat__default__poc1-fastapi-legacy__run4_20260319_011816_47287465.json
INFO:src.evaluator.experiments.runner:Running cleanup after run: experiment=h5 repo=poc1-fastapi-legacy model=deepseek_v3_2 prompt=default repetition=run4
INFO:src.tools.cluster_cleanup:Skipping protected namespace: container-registry
INFO:src.tools.cluster_cleanup:Skipping protected namespace: default
INFO:src.tools.cluster_cleanup:Skipping protected namespace: ingress
INFO:src.tools.cluster_cleanup:Skipping protected namespace: kube-node-lease
INFO:src.tools.cluster_cleanup:Skipping protected namespace: kube-public
INFO:src.tools.cluster_cleanup:Skipping protected namespace: kube-system
INFO:src.tools.cluster_cleanup:No /etc/hosts entries required cleanup.
INFO:src.tools.cluster_cleanup:Running Docker system prune to remove unused resources (preserving base images)...
INFO:src.tools.cluster_cleanup:Docker system prune completed successfully.
INFO:src.evaluator.experiments.runner:Cluster cleanup completed successfully for 'h5'.
INFO:src.evaluator.experiments.runner:Preparing run: repo=poc1-fastapi-legacy model=deepseek_v3_2 prompt=default repetition=run5
INFO:src.evaluator.core.evaluator:Starting evaluation for https://github.com/run-rasztabiga-me/poc1-fastapi-legacy.git (ID: 3be0ba07-ffaa-441e-a33a-8fb2d9afc0b3)
INFO:src.evaluator.core.integration:Starting real generation for https://github.com/run-rasztabiga-me/poc1-fastapi-legacy.git
INFO:src.generator.core.generator:Starting configuration generation for repository: https://github.com/run-rasztabiga-me/poc1-fastapi-legacy.git
INFO:src.generator.core.generator:Run ID: c596b65b-f0a8-49b2-99c8-b15768512629, Workspace: tmp/poc1-fastapi-legacy-c596b65b-f0a8-49b2-99c8-b15768512629
INFO:src.generator.agents.config_agent:Starting configuration generation for: https://github.com/run-rasztabiga-me/poc1-fastapi-legacy.git
INFO:src.generator.agents.config_agent:Using prompt version: default
INFO:src.generator.tools.repository_tools:🔧 Tool called: clone_repo(repo_url=https://github.com/run-rasztabiga-me/poc1-fastapi-legacy.git)
INFO:src.generator.core.workspace:Cloning https://github.com/run-rasztabiga-me/poc1-fastapi-legacy.git to /Users/rasztabigab/Studia/run/tmp/poc1-fastapi-legacy-c596b65b-f0a8-49b2-99c8-b15768512629
INFO:src.generator.tools.repository_tools:🔧 Tool called: prepare_repo_tree()
INFO:src.generator.tools.repository_tools:🔧 Tool called: ls(dir_path=.)
INFO:src.generator.tools.repository_tools:🔧 Tool called: get_file_content(file_path=requirements.txt)
INFO:src.generator.tools.repository_tools:🔧 Tool called: get_file_content(file_path=app/main.py)
INFO:src.generator.tools.repository_tools:🔧 Tool called: get_file_content(file_path=.env.example)
INFO:src.generator.tools.repository_tools:🔧 Tool called: search_files(pattern=redis|database|postgres|mysql|mongodb, file_pattern=None, case_sensitive=False)
INFO:src.generator.tools.repository_tools:🔧 Tool called: get_file_content(file_path=docs/legacy_migration.md)
INFO:src.generator.tools.repository_tools:🔧 Tool called: search_files(pattern=import.*redis|redis.*import, file_pattern=None, case_sensitive=False)
INFO:src.generator.tools.repository_tools:🔧 Tool called: search_files(pattern=health|ready|live, file_pattern=None, case_sensitive=False)
INFO:src.generator.tools.repository_tools:🧠 Agent reflection (1460 chars)
INFO:src.generator.tools.repository_tools:🔧 Tool called: write_file(file_path=Dockerfile, content_length=469)
INFO:src.generator.tools.repository_tools:🔧 Tool called: write_file(file_path=k8s/redis-secret.yaml, content_length=168)
INFO:src.generator.tools.repository_tools:🔧 Tool called: write_file(file_path=k8s/redis-pvc.yaml, content_length=216)
INFO:src.generator.tools.repository_tools:🔧 Tool called: write_file(file_path=k8s/redis-statefulset.yaml, content_length=1127)
INFO:src.generator.tools.repository_tools:🔧 Tool called: write_file(file_path=k8s/redis-service.yaml, content_length=185)
INFO:src.generator.tools.repository_tools:🔧 Tool called: write_file(file_path=k8s/fastapi-configmap.yaml, content_length=165)
INFO:src.generator.tools.repository_tools:🔧 Tool called: write_file(file_path=k8s/fastapi-deployment.yaml, content_length=1347)
INFO:src.generator.tools.repository_tools:🔧 Tool called: write_file(file_path=k8s/fastapi-service.yaml, content_length=194)
INFO:src.generator.tools.repository_tools:🔧 Tool called: write_file(file_path=k8s/ingress.yaml, content_length=398)
INFO:src.generator.tools.repository_tools:🧠 Agent reflection (126 chars)
INFO:src.generator.tools.repository_tools:🔧 Tool called: ls(dir_path=k8s)
INFO:src.generator.tools.repository_tools:🧠 Agent reflection (1034 chars)
INFO:src.evaluator.core.integration:Fetching metrics from LangSmith for run_id: c596b65b-f0a8-49b2-99c8-b15768512629
INFO:src.evaluator.metrics.langsmith_collector:Run c596b65b-f0a8-49b2-99c8-b15768512629 is still pending, retrying in 5 seconds... (attempt 1/5)
INFO:src.evaluator.metrics.langsmith_collector:Fetched metrics from LangSmith: 23 tool calls, 134240 tokens
INFO:src.evaluator.core.integration:Using structured output from ConfigurationOutput
INFO:src.evaluator.core.integration:Generated 1 Dockerfiles and 8 K8s manifests
INFO:src.evaluator.validators.config_validator:Building Docker image: fastapi-app from Dockerfile
INFO:src.evaluator.validators.config_validator:Full image name with run-scoped tag: 192.168.1.39:32000/poc1-fastapi-legacy-fastapi-app:c596b65b-f0a8-49b2-99c8-b15768512629
INFO:src.evaluator.validators.config_validator:Building Docker image 192.168.1.39:32000/poc1-fastapi-legacy-fastapi-app:c596b65b-f0a8-49b2-99c8-b15768512629 with buildx
INFO:src.evaluator.validators.config_validator:Build completed successfully for 192.168.1.39:32000/poc1-fastapi-legacy-fastapi-app:c596b65b-f0a8-49b2-99c8-b15768512629
INFO:src.evaluator.validators.config_validator:Successfully pushed image to registry: 192.168.1.39:32000/poc1-fastapi-legacy-fastapi-app:c596b65b-f0a8-49b2-99c8-b15768512629
INFO:src.evaluator.validators.config_validator:Verifying image in registry: 192.168.1.39:32000/poc1-fastapi-legacy-fastapi-app:c596b65b-f0a8-49b2-99c8-b15768512629
INFO:src.evaluator.validators.config_validator:Successfully verified image in registry: 192.168.1.39:32000/poc1-fastapi-legacy-fastapi-app:c596b65b-f0a8-49b2-99c8-b15768512629
INFO:src.evaluator.validators.config_validator:Image metrics: 130.98 MB, 9 layers, built in 0.7s
INFO:src.evaluator.core.evaluator:Evaluation completed for https://github.com/run-rasztabiga-me/poc1-fastapi-legacy.git
INFO:src.evaluator.reports.reporter:Report saved to evaluation_reports/experiments/h5/20260318_223200/deepseek_v3_2/default/poc1-fastapi-legacy/h5__deepseek-chat__default__poc1-fastapi-legacy__run5_20260319_012020_3be0ba07.json
INFO:src.evaluator.experiments.runner:Completed h5 | repo=poc1-fastapi-legacy model=deepseek_v3_2 prompt=default repetition=run5 -> evaluation_reports/experiments/h5/20260318_223200/deepseek_v3_2/default/poc1-fastapi-legacy/h5__deepseek-chat__default__poc1-fastapi-legacy__run5_20260319_012020_3be0ba07.json
INFO:src.evaluator.experiments.runner:Running cleanup after run: experiment=h5 repo=poc1-fastapi-legacy model=deepseek_v3_2 prompt=default repetition=run5
INFO:src.tools.cluster_cleanup:Skipping protected namespace: container-registry
INFO:src.tools.cluster_cleanup:Skipping protected namespace: default
INFO:src.tools.cluster_cleanup:Skipping protected namespace: ingress
INFO:src.tools.cluster_cleanup:Skipping protected namespace: kube-node-lease
INFO:src.tools.cluster_cleanup:Skipping protected namespace: kube-public
INFO:src.tools.cluster_cleanup:Skipping protected namespace: kube-system
INFO:src.tools.cluster_cleanup:No /etc/hosts entries required cleanup.
INFO:src.tools.cluster_cleanup:Running Docker system prune to remove unused resources (preserving base images)...
INFO:src.tools.cluster_cleanup:Docker system prune completed successfully.
INFO:src.evaluator.experiments.runner:Cluster cleanup completed successfully for 'h5'.
INFO:src.evaluator.experiments.runner:Preparing run: repo=poc1-fastapi-legacy model=deepseek_v3_2 prompt=default repetition=run6
INFO:src.evaluator.core.evaluator:Starting evaluation for https://github.com/run-rasztabiga-me/poc1-fastapi-legacy.git (ID: f12a62d9-d5aa-4438-bf7b-519fe7cd0274)
INFO:src.evaluator.core.integration:Starting real generation for https://github.com/run-rasztabiga-me/poc1-fastapi-legacy.git
INFO:src.generator.core.generator:Starting configuration generation for repository: https://github.com/run-rasztabiga-me/poc1-fastapi-legacy.git
INFO:src.generator.core.generator:Run ID: 03c451d9-71cd-4019-8aff-226709cd3142, Workspace: tmp/poc1-fastapi-legacy-03c451d9-71cd-4019-8aff-226709cd3142
INFO:src.generator.agents.config_agent:Starting configuration generation for: https://github.com/run-rasztabiga-me/poc1-fastapi-legacy.git
INFO:src.generator.agents.config_agent:Using prompt version: default
INFO:src.generator.tools.repository_tools:🔧 Tool called: clone_repo(repo_url=https://github.com/run-rasztabiga-me/poc1-fastapi-legacy.git)
INFO:src.generator.core.workspace:Cloning https://github.com/run-rasztabiga-me/poc1-fastapi-legacy.git to /Users/rasztabigab/Studia/run/tmp/poc1-fastapi-legacy-03c451d9-71cd-4019-8aff-226709cd3142
INFO:src.generator.tools.repository_tools:🔧 Tool called: prepare_repo_tree()
INFO:src.generator.tools.repository_tools:🔧 Tool called: ls(dir_path=.)
INFO:src.generator.tools.repository_tools:🔧 Tool called: get_file_content(file_path=requirements.txt)
INFO:src.generator.tools.repository_tools:🔧 Tool called: get_file_content(file_path=app/main.py)
INFO:src.generator.tools.repository_tools:🔧 Tool called: get_file_content(file_path=.env.example)
INFO:src.generator.tools.repository_tools:🔧 Tool called: search_files(pattern=redis, file_pattern=None, case_sensitive=False)
INFO:src.generator.tools.repository_tools:🔧 Tool called: get_file_content(file_path=docs/legacy_migration.md)
INFO:src.generator.tools.repository_tools:🔧 Tool called: search_files(pattern=database|postgres|mysql|mongodb|sql, file_pattern=None, case_sensitive=False)
INFO:src.generator.tools.repository_tools:🔧 Tool called: search_files(pattern=port|PORT, file_pattern=None, case_sensitive=False)
INFO:src.generator.tools.repository_tools:🧠 Agent reflection (1171 chars)
INFO:src.generator.tools.repository_tools:🔧 Tool called: search_files(pattern=health|Health|HEALTH, file_pattern=None, case_sensitive=False)
INFO:src.generator.tools.repository_tools:🔧 Tool called: search_files(pattern=uvicorn|gunicorn, file_pattern=None, case_sensitive=False)
INFO:src.generator.tools.repository_tools:🔧 Tool called: find_files(pattern=*.py, max_results=50)
INFO:src.generator.tools.repository_tools:🔧 Tool called: ls(dir_path=app)
INFO:src.generator.tools.repository_tools:🧠 Agent reflection (1171 chars)
INFO:src.generator.tools.repository_tools:🔧 Tool called: write_file(file_path=Dockerfile, content_length=476)
INFO:src.generator.tools.repository_tools:🔧 Tool called: write_file(file_path=k8s/fastapi-deployment.yaml, content_length=1167)
INFO:src.generator.tools.repository_tools:🔧 Tool called: write_file(file_path=k8s/fastapi-service.yaml, content_length=232)
INFO:src.generator.tools.repository_tools:🔧 Tool called: write_file(file_path=k8s/redis-statefulset.yaml, content_length=1300)
INFO:src.generator.tools.repository_tools:🔧 Tool called: write_file(file_path=k8s/redis-service.yaml, content_length=212)
INFO:src.generator.tools.repository_tools:🔧 Tool called: write_file(file_path=k8s/ingress.yaml, content_length=402)
INFO:src.generator.tools.repository_tools:🔧 Tool called: write_file(file_path=k8s/configmap.yaml, content_length=165)
INFO:src.generator.tools.repository_tools:🧠 Agent reflection (148 chars)
INFO:src.generator.tools.repository_tools:🔧 Tool called: ls(dir_path=k8s)
INFO:src.generator.tools.repository_tools:🧠 Agent reflection (720 chars)
INFO:src.evaluator.core.integration:Fetching metrics from LangSmith for run_id: 03c451d9-71cd-4019-8aff-226709cd3142
INFO:src.evaluator.metrics.langsmith_collector:Run 03c451d9-71cd-4019-8aff-226709cd3142 is still pending, retrying in 5 seconds... (attempt 1/5)
INFO:src.evaluator.metrics.langsmith_collector:Fetched metrics from LangSmith: 26 tool calls, 156848 tokens
INFO:src.evaluator.core.integration:Using structured output from ConfigurationOutput
INFO:src.evaluator.core.integration:Generated 1 Dockerfiles and 6 K8s manifests
INFO:src.evaluator.validators.config_validator:Building Docker image: fastapi-app from Dockerfile
INFO:src.evaluator.validators.config_validator:Full image name with run-scoped tag: 192.168.1.39:32000/poc1-fastapi-legacy-fastapi-app:03c451d9-71cd-4019-8aff-226709cd3142
INFO:src.evaluator.validators.config_validator:Building Docker image 192.168.1.39:32000/poc1-fastapi-legacy-fastapi-app:03c451d9-71cd-4019-8aff-226709cd3142 with buildx
INFO:src.evaluator.validators.config_validator:Build completed successfully for 192.168.1.39:32000/poc1-fastapi-legacy-fastapi-app:03c451d9-71cd-4019-8aff-226709cd3142
INFO:src.evaluator.validators.config_validator:Successfully pushed image to registry: 192.168.1.39:32000/poc1-fastapi-legacy-fastapi-app:03c451d9-71cd-4019-8aff-226709cd3142
INFO:src.evaluator.validators.config_validator:Verifying image in registry: 192.168.1.39:32000/poc1-fastapi-legacy-fastapi-app:03c451d9-71cd-4019-8aff-226709cd3142
INFO:src.evaluator.validators.config_validator:Successfully verified image in registry: 192.168.1.39:32000/poc1-fastapi-legacy-fastapi-app:03c451d9-71cd-4019-8aff-226709cd3142
INFO:src.evaluator.validators.config_validator:Image metrics: 133.18 MB, 9 layers, built in 0.8s
INFO:src.evaluator.core.evaluator:Evaluation completed for https://github.com/run-rasztabiga-me/poc1-fastapi-legacy.git
INFO:src.evaluator.reports.reporter:Report saved to evaluation_reports/experiments/h5/20260318_223200/deepseek_v3_2/default/poc1-fastapi-legacy/h5__deepseek-chat__default__poc1-fastapi-legacy__run6_20260319_012231_f12a62d9.json
INFO:src.evaluator.experiments.runner:Completed h5 | repo=poc1-fastapi-legacy model=deepseek_v3_2 prompt=default repetition=run6 -> evaluation_reports/experiments/h5/20260318_223200/deepseek_v3_2/default/poc1-fastapi-legacy/h5__deepseek-chat__default__poc1-fastapi-legacy__run6_20260319_012231_f12a62d9.json
INFO:src.evaluator.experiments.runner:Running cleanup after run: experiment=h5 repo=poc1-fastapi-legacy model=deepseek_v3_2 prompt=default repetition=run6
INFO:src.tools.cluster_cleanup:Skipping protected namespace: container-registry
INFO:src.tools.cluster_cleanup:Skipping protected namespace: default
INFO:src.tools.cluster_cleanup:Skipping protected namespace: ingress
INFO:src.tools.cluster_cleanup:Skipping protected namespace: kube-node-lease
INFO:src.tools.cluster_cleanup:Skipping protected namespace: kube-public
INFO:src.tools.cluster_cleanup:Skipping protected namespace: kube-system
INFO:src.tools.cluster_cleanup:No /etc/hosts entries required cleanup.
INFO:src.tools.cluster_cleanup:Running Docker system prune to remove unused resources (preserving base images)...
INFO:src.tools.cluster_cleanup:Docker system prune completed successfully.
INFO:src.evaluator.experiments.runner:Cluster cleanup completed successfully for 'h5'.
INFO:src.evaluator.experiments.runner:Preparing run: repo=poc1-fastapi-legacy model=deepseek_v3_2 prompt=default repetition=run7
INFO:src.evaluator.core.evaluator:Starting evaluation for https://github.com/run-rasztabiga-me/poc1-fastapi-legacy.git (ID: c163b59f-44d1-4fc6-977d-33945fb91a51)
INFO:src.evaluator.core.integration:Starting real generation for https://github.com/run-rasztabiga-me/poc1-fastapi-legacy.git
INFO:src.generator.core.generator:Starting configuration generation for repository: https://github.com/run-rasztabiga-me/poc1-fastapi-legacy.git
INFO:src.generator.core.generator:Run ID: badb9663-c138-4792-b71f-7419499484cd, Workspace: tmp/poc1-fastapi-legacy-badb9663-c138-4792-b71f-7419499484cd
INFO:src.generator.agents.config_agent:Starting configuration generation for: https://github.com/run-rasztabiga-me/poc1-fastapi-legacy.git
INFO:src.generator.agents.config_agent:Using prompt version: default
INFO:src.generator.tools.repository_tools:🔧 Tool called: clone_repo(repo_url=https://github.com/run-rasztabiga-me/poc1-fastapi-legacy.git)
INFO:src.generator.core.workspace:Cloning https://github.com/run-rasztabiga-me/poc1-fastapi-legacy.git to /Users/rasztabigab/Studia/run/tmp/poc1-fastapi-legacy-badb9663-c138-4792-b71f-7419499484cd
INFO:src.generator.tools.repository_tools:🔧 Tool called: prepare_repo_tree()
INFO:src.generator.tools.repository_tools:🔧 Tool called: ls(dir_path=.)
INFO:src.generator.tools.repository_tools:🔧 Tool called: ls(dir_path=app)
INFO:src.generator.tools.repository_tools:🔧 Tool called: get_file_content(file_path=requirements.txt)
INFO:src.generator.tools.repository_tools:🔧 Tool called: get_file_content(file_path=app/main.py)
INFO:src.generator.tools.repository_tools:🔧 Tool called: get_file_content(file_path=.env.example)
INFO:src.generator.tools.repository_tools:🔧 Tool called: search_files(pattern=redis, file_pattern=None, case_sensitive=False)
INFO:src.generator.tools.repository_tools:🔧 Tool called: get_file_content(file_path=docs/legacy_migration.md)
INFO:src.generator.tools.repository_tools:🔧 Tool called: search_files(pattern=database|postgres|mysql|mongodb, file_pattern=None, case_sensitive=False)
INFO:src.generator.tools.repository_tools:🔧 Tool called: search_files(pattern=port|PORT, file_pattern=None, case_sensitive=False)
INFO:src.generator.tools.repository_tools:🧠 Agent reflection (1633 chars)
INFO:src.generator.tools.repository_tools:🔧 Tool called: write_file(file_path=Dockerfile, content_length=494)
INFO:src.generator.tools.repository_tools:🔧 Tool called: write_file(file_path=k8s/redis-secret.yaml, content_length=166)
INFO:src.generator.tools.repository_tools:🔧 Tool called: write_file(file_path=k8s/redis-pvc.yaml, content_length=216)
INFO:src.generator.tools.repository_tools:🔧 Tool called: write_file(file_path=k8s/redis-statefulset.yaml, content_length=1181)
INFO:src.generator.tools.repository_tools:🔧 Tool called: write_file(file_path=k8s/redis-service.yaml, content_length=185)
INFO:src.generator.tools.repository_tools:🔧 Tool called: write_file(file_path=k8s/fastapi-deployment.yaml, content_length=1043)
INFO:src.generator.tools.repository_tools:🔧 Tool called: write_file(file_path=k8s/fastapi-service.yaml, content_length=194)
INFO:src.generator.tools.repository_tools:🔧 Tool called: write_file(file_path=k8s/ingress.yaml, content_length=398)
INFO:src.generator.tools.repository_tools:🧠 Agent reflection (1619 chars)
INFO:src.evaluator.core.integration:Fetching metrics from LangSmith for run_id: badb9663-c138-4792-b71f-7419499484cd
INFO:src.evaluator.metrics.langsmith_collector:Run badb9663-c138-4792-b71f-7419499484cd is still pending, retrying in 5 seconds... (attempt 1/5)
INFO:src.evaluator.metrics.langsmith_collector:Fetched metrics from LangSmith: 21 tool calls, 117647 tokens
INFO:src.evaluator.core.integration:Using structured output from ConfigurationOutput
INFO:src.evaluator.core.integration:Generated 1 Dockerfiles and 7 K8s manifests
INFO:src.evaluator.validators.config_validator:Building Docker image: fastapi-app from Dockerfile
INFO:src.evaluator.validators.config_validator:Full image name with run-scoped tag: 192.168.1.39:32000/poc1-fastapi-legacy-fastapi-app:badb9663-c138-4792-b71f-7419499484cd
INFO:src.evaluator.validators.config_validator:Building Docker image 192.168.1.39:32000/poc1-fastapi-legacy-fastapi-app:badb9663-c138-4792-b71f-7419499484cd with buildx
INFO:src.evaluator.validators.config_validator:Build completed successfully for 192.168.1.39:32000/poc1-fastapi-legacy-fastapi-app:badb9663-c138-4792-b71f-7419499484cd
INFO:src.evaluator.validators.config_validator:Successfully pushed image to registry: 192.168.1.39:32000/poc1-fastapi-legacy-fastapi-app:badb9663-c138-4792-b71f-7419499484cd
INFO:src.evaluator.validators.config_validator:Verifying image in registry: 192.168.1.39:32000/poc1-fastapi-legacy-fastapi-app:badb9663-c138-4792-b71f-7419499484cd
INFO:src.evaluator.validators.config_validator:Successfully verified image in registry: 192.168.1.39:32000/poc1-fastapi-legacy-fastapi-app:badb9663-c138-4792-b71f-7419499484cd
INFO:src.evaluator.validators.config_validator:Image metrics: 130.98 MB, 10 layers, built in 0.9s
INFO:src.evaluator.core.evaluator:Evaluation completed for https://github.com/run-rasztabiga-me/poc1-fastapi-legacy.git
INFO:src.evaluator.reports.reporter:Report saved to evaluation_reports/experiments/h5/20260318_223200/deepseek_v3_2/default/poc1-fastapi-legacy/h5__deepseek-chat__default__poc1-fastapi-legacy__run7_20260319_012428_c163b59f.json
INFO:src.evaluator.experiments.runner:Completed h5 | repo=poc1-fastapi-legacy model=deepseek_v3_2 prompt=default repetition=run7 -> evaluation_reports/experiments/h5/20260318_223200/deepseek_v3_2/default/poc1-fastapi-legacy/h5__deepseek-chat__default__poc1-fastapi-legacy__run7_20260319_012428_c163b59f.json
INFO:src.evaluator.experiments.runner:Running cleanup after run: experiment=h5 repo=poc1-fastapi-legacy model=deepseek_v3_2 prompt=default repetition=run7
INFO:src.tools.cluster_cleanup:Skipping protected namespace: container-registry
INFO:src.tools.cluster_cleanup:Skipping protected namespace: default
INFO:src.tools.cluster_cleanup:Skipping protected namespace: ingress
INFO:src.tools.cluster_cleanup:Skipping protected namespace: kube-node-lease
INFO:src.tools.cluster_cleanup:Skipping protected namespace: kube-public
INFO:src.tools.cluster_cleanup:Skipping protected namespace: kube-system
INFO:src.tools.cluster_cleanup:No /etc/hosts entries required cleanup.
INFO:src.tools.cluster_cleanup:Running Docker system prune to remove unused resources (preserving base images)...
INFO:src.tools.cluster_cleanup:Docker system prune completed successfully.
INFO:src.evaluator.experiments.runner:Cluster cleanup completed successfully for 'h5'.
INFO:src.evaluator.experiments.runner:Preparing run: repo=poc1-fastapi-legacy model=deepseek_v3_2 prompt=default repetition=run8
INFO:src.evaluator.core.evaluator:Starting evaluation for https://github.com/run-rasztabiga-me/poc1-fastapi-legacy.git (ID: c76f7804-cefb-46fd-bb2b-0a6a446722c5)
INFO:src.evaluator.core.integration:Starting real generation for https://github.com/run-rasztabiga-me/poc1-fastapi-legacy.git
INFO:src.generator.core.generator:Starting configuration generation for repository: https://github.com/run-rasztabiga-me/poc1-fastapi-legacy.git
INFO:src.generator.core.generator:Run ID: 64982af1-a269-41f1-a87b-64e421733c87, Workspace: tmp/poc1-fastapi-legacy-64982af1-a269-41f1-a87b-64e421733c87
INFO:src.generator.agents.config_agent:Starting configuration generation for: https://github.com/run-rasztabiga-me/poc1-fastapi-legacy.git
INFO:src.generator.agents.config_agent:Using prompt version: default
INFO:src.generator.tools.repository_tools:🔧 Tool called: clone_repo(repo_url=https://github.com/run-rasztabiga-me/poc1-fastapi-legacy.git)
INFO:src.generator.core.workspace:Cloning https://github.com/run-rasztabiga-me/poc1-fastapi-legacy.git to /Users/rasztabigab/Studia/run/tmp/poc1-fastapi-legacy-64982af1-a269-41f1-a87b-64e421733c87
INFO:src.generator.tools.repository_tools:🔧 Tool called: prepare_repo_tree()
INFO:src.generator.tools.repository_tools:🔧 Tool called: ls(dir_path=.)
INFO:src.generator.tools.repository_tools:🔧 Tool called: get_file_content(file_path=requirements.txt)
INFO:src.generator.tools.repository_tools:🔧 Tool called: get_file_content(file_path=app/main.py)
INFO:src.generator.tools.repository_tools:🔧 Tool called: get_file_content(file_path=.env.example)
INFO:src.generator.tools.repository_tools:🔧 Tool called: search_files(pattern=redis, file_pattern=None, case_sensitive=False)
INFO:src.generator.tools.repository_tools:🔧 Tool called: get_file_content(file_path=docs/legacy_migration.md)
INFO:src.generator.tools.repository_tools:🔧 Tool called: search_files(pattern=database|postgres|mysql|mongodb|sql, file_pattern=None, case_sensitive=False)
INFO:src.generator.tools.repository_tools:🔧 Tool called: search_files(pattern=port|PORT, file_pattern=None, case_sensitive=False)
INFO:src.generator.tools.repository_tools:🧠 Agent reflection (1458 chars)
INFO:src.generator.tools.repository_tools:🔧 Tool called: find_files(pattern=*.py, max_results=50)
INFO:src.generator.tools.repository_tools:🔧 Tool called: ls(dir_path=app)
INFO:src.generator.tools.repository_tools:🔧 Tool called: search_files(pattern=health|Health|HEALTH, file_pattern=None, case_sensitive=False)
INFO:src.generator.tools.repository_tools:🧠 Agent reflection (1168 chars)
INFO:src.generator.tools.repository_tools:🔧 Tool called: write_file(file_path=Dockerfile, content_length=476)
INFO:src.generator.tools.repository_tools:🔧 Tool called: write_file(file_path=k8s/fastapi-deployment.yaml, content_length=1271)
INFO:src.generator.tools.repository_tools:🔧 Tool called: write_file(file_path=k8s/fastapi-service.yaml, content_length=180)
INFO:src.generator.tools.repository_tools:🔧 Tool called: write_file(file_path=k8s/fastapi-config.yaml, content_length=152)
INFO:src.generator.tools.repository_tools:🔧 Tool called: write_file(file_path=k8s/redis-statefulset.yaml, content_length=1444)
INFO:src.generator.tools.repository_tools:🔧 Tool called: write_file(file_path=k8s/redis-service.yaml, content_length=174)
INFO:src.generator.tools.repository_tools:🔧 Tool called: base64_encode(content_length=18)
INFO:src.generator.tools.repository_tools:🔧 Tool called: write_file(file_path=k8s/redis-secret.yaml, content_length=120)
INFO:src.generator.tools.repository_tools:🔧 Tool called: write_file(file_path=k8s/ingress.yaml, content_length=381)
INFO:src.generator.tools.repository_tools:🧠 Agent reflection (1483 chars)
INFO:src.generator.tools.repository_tools:🔧 Tool called: search_files(pattern=redis|Redis, file_pattern=*.py, case_sensitive=False)
INFO:src.generator.tools.repository_tools:🧠 Agent reflection (737 chars)
INFO:src.generator.tools.repository_tools:🔧 Tool called: patch_file(file_path=k8s/redis-statefulset.yaml, patch_length=527)
INFO:src.generator.tools.repository_tools:🔧 Tool called: get_file_content(file_path=k8s/redis-statefulset.yaml)
INFO:src.generator.tools.repository_tools:🔧 Tool called: write_file(file_path=k8s/redis-statefulset.yaml, content_length=1254)
INFO:src.generator.tools.repository_tools:🧠 Agent reflection (578 chars)
INFO:src.generator.tools.repository_tools:🔧 Tool called: ls(dir_path=k8s)
INFO:src.generator.tools.repository_tools:🧠 Agent reflection (133 chars)
INFO:src.generator.tools.repository_tools:🔧 Tool called: write_file(file_path=k8s/redis-secret.yaml, content_length=317)
INFO:src.generator.tools.repository_tools:🔧 Tool called: base64_encode(content_length=0)
INFO:src.generator.tools.repository_tools:🔧 Tool called: write_file(file_path=k8s/redis-secret.yaml, content_length=319)
INFO:src.generator.tools.repository_tools:🧠 Agent reflection (178 chars)
INFO:src.generator.tools.repository_tools:🔧 Tool called: write_file(file_path=k8s/redis-secret.yaml, content_length=0)
INFO:src.generator.tools.repository_tools:🔧 Tool called: ls(dir_path=k8s)
INFO:src.generator.tools.repository_tools:🔧 Tool called: write_file(file_path=k8s/redis-secret.yaml, content_length=185)
INFO:src.generator.tools.repository_tools:🧠 Agent reflection (930 chars)
INFO:src.evaluator.core.integration:Fetching metrics from LangSmith for run_id: 64982af1-a269-41f1-a87b-64e421733c87
INFO:src.evaluator.metrics.langsmith_collector:Run 64982af1-a269-41f1-a87b-64e421733c87 is still pending, retrying in 5 seconds... (attempt 1/5)
INFO:src.evaluator.metrics.langsmith_collector:Fetched metrics from LangSmith: 41 tool calls, 315285 tokens
INFO:src.evaluator.core.integration:Using structured output from ConfigurationOutput
INFO:src.evaluator.core.integration:Generated 1 Dockerfiles and 7 K8s manifests
INFO:src.evaluator.validators.config_validator:Building Docker image: fastapi-app from Dockerfile
INFO:src.evaluator.validators.config_validator:Full image name with run-scoped tag: 192.168.1.39:32000/poc1-fastapi-legacy-fastapi-app:64982af1-a269-41f1-a87b-64e421733c87
INFO:src.evaluator.validators.config_validator:Building Docker image 192.168.1.39:32000/poc1-fastapi-legacy-fastapi-app:64982af1-a269-41f1-a87b-64e421733c87 with buildx
INFO:src.evaluator.validators.config_validator:Build completed successfully for 192.168.1.39:32000/poc1-fastapi-legacy-fastapi-app:64982af1-a269-41f1-a87b-64e421733c87
INFO:src.evaluator.validators.config_validator:Successfully pushed image to registry: 192.168.1.39:32000/poc1-fastapi-legacy-fastapi-app:64982af1-a269-41f1-a87b-64e421733c87
INFO:src.evaluator.validators.config_validator:Verifying image in registry: 192.168.1.39:32000/poc1-fastapi-legacy-fastapi-app:64982af1-a269-41f1-a87b-64e421733c87
INFO:src.evaluator.validators.config_validator:Successfully verified image in registry: 192.168.1.39:32000/poc1-fastapi-legacy-fastapi-app:64982af1-a269-41f1-a87b-64e421733c87
INFO:src.evaluator.validators.config_validator:Image metrics: 133.18 MB, 9 layers, built in 0.7s
INFO:src.evaluator.core.evaluator:Evaluation completed for https://github.com/run-rasztabiga-me/poc1-fastapi-legacy.git
INFO:src.evaluator.reports.reporter:Report saved to evaluation_reports/experiments/h5/20260318_223200/deepseek_v3_2/default/poc1-fastapi-legacy/h5__deepseek-chat__default__poc1-fastapi-legacy__run8_20260319_012755_c76f7804.json
INFO:src.evaluator.experiments.runner:Completed h5 | repo=poc1-fastapi-legacy model=deepseek_v3_2 prompt=default repetition=run8 -> evaluation_reports/experiments/h5/20260318_223200/deepseek_v3_2/default/poc1-fastapi-legacy/h5__deepseek-chat__default__poc1-fastapi-legacy__run8_20260319_012755_c76f7804.json
INFO:src.evaluator.experiments.runner:Running cleanup after run: experiment=h5 repo=poc1-fastapi-legacy model=deepseek_v3_2 prompt=default repetition=run8
INFO:src.tools.cluster_cleanup:Skipping protected namespace: container-registry
INFO:src.tools.cluster_cleanup:Skipping protected namespace: default
INFO:src.tools.cluster_cleanup:Skipping protected namespace: ingress
INFO:src.tools.cluster_cleanup:Skipping protected namespace: kube-node-lease
INFO:src.tools.cluster_cleanup:Skipping protected namespace: kube-public
INFO:src.tools.cluster_cleanup:Skipping protected namespace: kube-system
INFO:src.tools.cluster_cleanup:No /etc/hosts entries required cleanup.
INFO:src.tools.cluster_cleanup:Running Docker system prune to remove unused resources (preserving base images)...
INFO:src.tools.cluster_cleanup:Docker system prune completed successfully.
INFO:src.evaluator.experiments.runner:Cluster cleanup completed successfully for 'h5'.
INFO:src.evaluator.experiments.runner:Preparing run: repo=poc1-fastapi-legacy model=deepseek_v3_2 prompt=default repetition=run9
INFO:src.evaluator.core.evaluator:Starting evaluation for https://github.com/run-rasztabiga-me/poc1-fastapi-legacy.git (ID: 7714b8c2-0553-4a11-a281-7bdac4627db7)
INFO:src.evaluator.core.integration:Starting real generation for https://github.com/run-rasztabiga-me/poc1-fastapi-legacy.git
INFO:src.generator.core.generator:Starting configuration generation for repository: https://github.com/run-rasztabiga-me/poc1-fastapi-legacy.git
INFO:src.generator.core.generator:Run ID: 0bc0285d-332d-4924-8032-de0c6bb39e72, Workspace: tmp/poc1-fastapi-legacy-0bc0285d-332d-4924-8032-de0c6bb39e72
INFO:src.generator.agents.config_agent:Starting configuration generation for: https://github.com/run-rasztabiga-me/poc1-fastapi-legacy.git
INFO:src.generator.agents.config_agent:Using prompt version: default
INFO:src.generator.tools.repository_tools:🔧 Tool called: clone_repo(repo_url=https://github.com/run-rasztabiga-me/poc1-fastapi-legacy.git)
INFO:src.generator.core.workspace:Cloning https://github.com/run-rasztabiga-me/poc1-fastapi-legacy.git to /Users/rasztabigab/Studia/run/tmp/poc1-fastapi-legacy-0bc0285d-332d-4924-8032-de0c6bb39e72
INFO:src.generator.tools.repository_tools:🔧 Tool called: prepare_repo_tree()
INFO:src.generator.tools.repository_tools:🧠 Agent reflection (157 chars)
INFO:src.generator.tools.repository_tools:🔧 Tool called: ls(dir_path=.)
INFO:src.generator.tools.repository_tools:🔧 Tool called: ls(dir_path=app)
INFO:src.generator.tools.repository_tools:🔧 Tool called: get_file_content(file_path=requirements.txt)
INFO:src.generator.tools.repository_tools:🔧 Tool called: get_file_content(file_path=app/main.py)
INFO:src.generator.tools.repository_tools:🔧 Tool called: get_file_content(file_path=.env.example)
INFO:src.generator.tools.repository_tools:🔧 Tool called: search_files(pattern=redis, file_pattern=None, case_sensitive=False)
INFO:src.generator.tools.repository_tools:🔧 Tool called: get_file_content(file_path=docs/legacy_migration.md)
INFO:src.generator.tools.repository_tools:🔧 Tool called: search_files(pattern=database|postgres|mysql|mongodb|sql, file_pattern=None, case_sensitive=False)
INFO:src.generator.tools.repository_tools:🔧 Tool called: search_files(pattern=port|PORT, file_pattern=None, case_sensitive=False)
INFO:src.generator.tools.repository_tools:🧠 Agent reflection (1136 chars)
INFO:src.generator.tools.repository_tools:🔧 Tool called: search_files(pattern=health|Health|HEALTH, file_pattern=None, case_sensitive=False)
INFO:src.generator.tools.repository_tools:🔧 Tool called: search_files(pattern=uvicorn|gunicorn, file_pattern=None, case_sensitive=False)
INFO:src.generator.tools.repository_tools:🧠 Agent reflection (257 chars)
INFO:src.generator.tools.repository_tools:🔧 Tool called: write_file(file_path=Dockerfile, content_length=449)
INFO:src.generator.tools.repository_tools:🧠 Agent reflection (612 chars)
INFO:src.generator.tools.repository_tools:🔧 Tool called: write_file(file_path=k8s/redis-secret.yaml, content_length=144)
INFO:src.generator.tools.repository_tools:🔧 Tool called: write_file(file_path=k8s/redis-pvc.yaml, content_length=200)
INFO:src.generator.tools.repository_tools:🔧 Tool called: write_file(file_path=k8s/redis-statefulset.yaml, content_length=1176)
INFO:src.generator.tools.repository_tools:🔧 Tool called: write_file(file_path=k8s/redis-service.yaml, content_length=148)
INFO:src.generator.tools.repository_tools:🔧 Tool called: write_file(file_path=k8s/fastapi-deployment.yaml, content_length=999)
INFO:src.generator.tools.repository_tools:🔧 Tool called: write_file(file_path=k8s/fastapi-service.yaml, content_length=180)
INFO:src.generator.tools.repository_tools:🔧 Tool called: write_file(file_path=k8s/ingress.yaml, content_length=316)
INFO:src.generator.tools.repository_tools:🧠 Agent reflection (140 chars)
INFO:src.generator.tools.repository_tools:🔧 Tool called: ls(dir_path=k8s)
INFO:src.generator.tools.repository_tools:🧠 Agent reflection (325 chars)
INFO:src.generator.tools.repository_tools:🔧 Tool called: base64_encode(content_length=14)
INFO:src.generator.tools.repository_tools:🧠 Agent reflection (1601 chars)
INFO:src.generator.tools.repository_tools:🔧 Tool called: patch_file(file_path=k8s/redis-statefulset.yaml, patch_length=569)
INFO:src.generator.tools.repository_tools:🔧 Tool called: get_file_content(file_path=k8s/redis-statefulset.yaml)
INFO:src.generator.tools.repository_tools:🔧 Tool called: write_file(file_path=k8s/redis-statefulset.yaml, content_length=988)
INFO:src.generator.tools.repository_tools:🧠 Agent reflection (842 chars)
INFO:src.generator.tools.repository_tools:🧠 Agent reflection (622 chars)
INFO:src.evaluator.core.integration:Fetching metrics from LangSmith for run_id: 0bc0285d-332d-4924-8032-de0c6bb39e72
INFO:src.evaluator.metrics.langsmith_collector:Run 0bc0285d-332d-4924-8032-de0c6bb39e72 is still pending, retrying in 5 seconds... (attempt 1/5)
INFO:src.evaluator.metrics.langsmith_collector:Fetched metrics from LangSmith: 35 tool calls, 232654 tokens
INFO:src.evaluator.core.integration:Using structured output from ConfigurationOutput
INFO:src.evaluator.core.integration:Generated 1 Dockerfiles and 7 K8s manifests
INFO:src.evaluator.validators.config_validator:Building Docker image: fastapi-app from Dockerfile
INFO:src.evaluator.validators.config_validator:Full image name with run-scoped tag: 192.168.1.39:32000/poc1-fastapi-legacy-fastapi-app:0bc0285d-332d-4924-8032-de0c6bb39e72
INFO:src.evaluator.validators.config_validator:Building Docker image 192.168.1.39:32000/poc1-fastapi-legacy-fastapi-app:0bc0285d-332d-4924-8032-de0c6bb39e72 with buildx
INFO:src.evaluator.validators.config_validator:Build completed successfully for 192.168.1.39:32000/poc1-fastapi-legacy-fastapi-app:0bc0285d-332d-4924-8032-de0c6bb39e72
INFO:src.evaluator.validators.config_validator:Successfully pushed image to registry: 192.168.1.39:32000/poc1-fastapi-legacy-fastapi-app:0bc0285d-332d-4924-8032-de0c6bb39e72
INFO:src.evaluator.validators.config_validator:Verifying image in registry: 192.168.1.39:32000/poc1-fastapi-legacy-fastapi-app:0bc0285d-332d-4924-8032-de0c6bb39e72
INFO:src.evaluator.validators.config_validator:Successfully verified image in registry: 192.168.1.39:32000/poc1-fastapi-legacy-fastapi-app:0bc0285d-332d-4924-8032-de0c6bb39e72
INFO:src.evaluator.validators.config_validator:Image metrics: 133.18 MB, 9 layers, built in 0.8s
INFO:src.evaluator.core.evaluator:Evaluation completed for https://github.com/run-rasztabiga-me/poc1-fastapi-legacy.git
INFO:src.evaluator.reports.reporter:Report saved to evaluation_reports/experiments/h5/20260318_223200/deepseek_v3_2/default/poc1-fastapi-legacy/h5__deepseek-chat__default__poc1-fastapi-legacy__run9_20260319_013052_7714b8c2.json
INFO:src.evaluator.experiments.runner:Completed h5 | repo=poc1-fastapi-legacy model=deepseek_v3_2 prompt=default repetition=run9 -> evaluation_reports/experiments/h5/20260318_223200/deepseek_v3_2/default/poc1-fastapi-legacy/h5__deepseek-chat__default__poc1-fastapi-legacy__run9_20260319_013052_7714b8c2.json
INFO:src.evaluator.experiments.runner:Running cleanup after run: experiment=h5 repo=poc1-fastapi-legacy model=deepseek_v3_2 prompt=default repetition=run9
INFO:src.tools.cluster_cleanup:Skipping protected namespace: container-registry
INFO:src.tools.cluster_cleanup:Skipping protected namespace: default
INFO:src.tools.cluster_cleanup:Skipping protected namespace: ingress
INFO:src.tools.cluster_cleanup:Skipping protected namespace: kube-node-lease
INFO:src.tools.cluster_cleanup:Skipping protected namespace: kube-public
INFO:src.tools.cluster_cleanup:Skipping protected namespace: kube-system
INFO:src.tools.cluster_cleanup:No /etc/hosts entries required cleanup.
INFO:src.tools.cluster_cleanup:Running Docker system prune to remove unused resources (preserving base images)...
INFO:src.tools.cluster_cleanup:Docker system prune completed successfully.
INFO:src.evaluator.experiments.runner:Cluster cleanup completed successfully for 'h5'.
INFO:src.evaluator.experiments.runner:Preparing run: repo=poc1-fastapi-legacy model=deepseek_v3_2 prompt=default repetition=run10
INFO:src.evaluator.core.evaluator:Starting evaluation for https://github.com/run-rasztabiga-me/poc1-fastapi-legacy.git (ID: 4167a2b4-2cdb-4d15-9d1a-ef227965c51b)
INFO:src.evaluator.core.integration:Starting real generation for https://github.com/run-rasztabiga-me/poc1-fastapi-legacy.git
INFO:src.generator.core.generator:Starting configuration generation for repository: https://github.com/run-rasztabiga-me/poc1-fastapi-legacy.git
INFO:src.generator.core.generator:Run ID: 55fe2944-43a8-48f7-84a7-3ab4c4cae54b, Workspace: tmp/poc1-fastapi-legacy-55fe2944-43a8-48f7-84a7-3ab4c4cae54b
INFO:src.generator.agents.config_agent:Starting configuration generation for: https://github.com/run-rasztabiga-me/poc1-fastapi-legacy.git
INFO:src.generator.agents.config_agent:Using prompt version: default
INFO:src.generator.tools.repository_tools:🔧 Tool called: clone_repo(repo_url=https://github.com/run-rasztabiga-me/poc1-fastapi-legacy.git)
INFO:src.generator.core.workspace:Cloning https://github.com/run-rasztabiga-me/poc1-fastapi-legacy.git to /Users/rasztabigab/Studia/run/tmp/poc1-fastapi-legacy-55fe2944-43a8-48f7-84a7-3ab4c4cae54b
INFO:src.generator.tools.repository_tools:🔧 Tool called: prepare_repo_tree()
INFO:src.generator.tools.repository_tools:🔧 Tool called: ls(dir_path=.)
INFO:src.generator.tools.repository_tools:🔧 Tool called: get_file_content(file_path=requirements.txt)
INFO:src.generator.tools.repository_tools:🔧 Tool called: get_file_content(file_path=app/main.py)
INFO:src.generator.tools.repository_tools:🔧 Tool called: get_file_content(file_path=.env.example)
INFO:src.generator.tools.repository_tools:🔧 Tool called: search_files(pattern=redis, file_pattern=None, case_sensitive=False)
INFO:src.generator.tools.repository_tools:🔧 Tool called: get_file_content(file_path=docs/legacy_migration.md)
INFO:src.generator.tools.repository_tools:🔧 Tool called: search_files(pattern=database|postgres|mysql|mongodb|sql, file_pattern=None, case_sensitive=False)
INFO:src.generator.tools.repository_tools:🔧 Tool called: search_files(pattern=health, file_pattern=None, case_sensitive=False)
INFO:src.generator.tools.repository_tools:🧠 Agent reflection (1699 chars)
INFO:src.generator.tools.repository_tools:🔧 Tool called: find_files(pattern=*.py, max_results=50)
INFO:src.generator.tools.repository_tools:🔧 Tool called: ls(dir_path=app)
INFO:src.generator.tools.repository_tools:🔧 Tool called: search_files(pattern=port, file_pattern=None, case_sensitive=False)
INFO:src.generator.tools.repository_tools:🧠 Agent reflection (464 chars)
INFO:src.generator.tools.repository_tools:🔧 Tool called: write_file(file_path=Dockerfile, content_length=438)
INFO:src.generator.tools.repository_tools:🔧 Tool called: write_file(file_path=k8s/fastapi-deployment.yaml, content_length=1099)
INFO:src.generator.tools.repository_tools:🔧 Tool called: write_file(file_path=k8s/fastapi-service.yaml, content_length=162)
INFO:src.generator.tools.repository_tools:🔧 Tool called: write_file(file_path=k8s/redis-secret.yaml, content_length=119)
INFO:src.generator.tools.repository_tools:🔧 Tool called: base64_decode(encoded_length=28)
INFO:src.generator.tools.repository_tools:🔧 Tool called: write_file(file_path=k8s/redis-statefulset.yaml, content_length=1090)
INFO:src.generator.tools.repository_tools:🔧 Tool called: write_file(file_path=k8s/redis-service.yaml, content_length=156)
INFO:src.generator.tools.repository_tools:🔧 Tool called: write_file(file_path=k8s/ingress.yaml, content_length=381)
INFO:src.generator.tools.repository_tools:🧠 Agent reflection (1262 chars)
INFO:src.generator.tools.repository_tools:🔧 Tool called: ls(dir_path=k8s)
INFO:src.generator.tools.repository_tools:🧠 Agent reflection (775 chars)
INFO:src.evaluator.core.integration:Fetching metrics from LangSmith for run_id: 55fe2944-43a8-48f7-84a7-3ab4c4cae54b
INFO:src.evaluator.metrics.langsmith_collector:Run 55fe2944-43a8-48f7-84a7-3ab4c4cae54b is still pending, retrying in 5 seconds... (attempt 1/5)
INFO:src.evaluator.metrics.langsmith_collector:Fetched metrics from LangSmith: 26 tool calls, 156119 tokens
INFO:src.evaluator.core.integration:Using structured output from ConfigurationOutput
INFO:src.evaluator.core.integration:Generated 1 Dockerfiles and 6 K8s manifests
INFO:src.evaluator.validators.config_validator:Building Docker image: fastapi-app from Dockerfile
INFO:src.evaluator.validators.config_validator:Full image name with run-scoped tag: 192.168.1.39:32000/poc1-fastapi-legacy-fastapi-app:55fe2944-43a8-48f7-84a7-3ab4c4cae54b
INFO:src.evaluator.validators.config_validator:Building Docker image 192.168.1.39:32000/poc1-fastapi-legacy-fastapi-app:55fe2944-43a8-48f7-84a7-3ab4c4cae54b with buildx
INFO:src.evaluator.validators.config_validator:Build completed successfully for 192.168.1.39:32000/poc1-fastapi-legacy-fastapi-app:55fe2944-43a8-48f7-84a7-3ab4c4cae54b
INFO:src.evaluator.validators.config_validator:Successfully pushed image to registry: 192.168.1.39:32000/poc1-fastapi-legacy-fastapi-app:55fe2944-43a8-48f7-84a7-3ab4c4cae54b
INFO:src.evaluator.validators.config_validator:Verifying image in registry: 192.168.1.39:32000/poc1-fastapi-legacy-fastapi-app:55fe2944-43a8-48f7-84a7-3ab4c4cae54b
INFO:src.evaluator.validators.config_validator:Successfully verified image in registry: 192.168.1.39:32000/poc1-fastapi-legacy-fastapi-app:55fe2944-43a8-48f7-84a7-3ab4c4cae54b
INFO:src.evaluator.validators.config_validator:Image metrics: 130.98 MB, 9 layers, built in 0.8s
INFO:src.evaluator.core.evaluator:Evaluation completed for https://github.com/run-rasztabiga-me/poc1-fastapi-legacy.git
INFO:src.evaluator.reports.reporter:Report saved to evaluation_reports/experiments/h5/20260318_223200/deepseek_v3_2/default/poc1-fastapi-legacy/h5__deepseek-chat__default__poc1-fastapi-legacy__run10_20260319_013310_4167a2b4.json
INFO:src.evaluator.experiments.runner:Completed h5 | repo=poc1-fastapi-legacy model=deepseek_v3_2 prompt=default repetition=run10 -> evaluation_reports/experiments/h5/20260318_223200/deepseek_v3_2/default/poc1-fastapi-legacy/h5__deepseek-chat__default__poc1-fastapi-legacy__run10_20260319_013310_4167a2b4.json
INFO:src.evaluator.experiments.runner:Running cleanup after run: experiment=h5 repo=poc1-fastapi-legacy model=deepseek_v3_2 prompt=default repetition=run10
INFO:src.tools.cluster_cleanup:Skipping protected namespace: container-registry
INFO:src.tools.cluster_cleanup:Skipping protected namespace: default
INFO:src.tools.cluster_cleanup:Skipping protected namespace: ingress
INFO:src.tools.cluster_cleanup:Skipping protected namespace: kube-node-lease
INFO:src.tools.cluster_cleanup:Skipping protected namespace: kube-public
INFO:src.tools.cluster_cleanup:Skipping protected namespace: kube-system
INFO:src.tools.cluster_cleanup:No /etc/hosts entries required cleanup.
INFO:src.tools.cluster_cleanup:Running Docker system prune to remove unused resources (preserving base images)...
INFO:src.tools.cluster_cleanup:Docker system prune completed successfully.
INFO:src.evaluator.experiments.runner:Cluster cleanup completed successfully for 'h5'.
INFO:src.evaluator.metrics.repeatability:Repeatability analysis written to evaluation_reports/experiments/h5/20260318_223200/repeatability.json (9 groups)
INFO:src.evaluator.experiments.runner:Experiment 'h5' finished. 90 runs recorded.
